Runner: 3 scheduler(s) x 15 sessions = 45 total
Schedulers: mapreduce, fifo, adaptive_sjf | RPM: 30 | TPM: 200000
Arrivals: every 4.0s (fixed) | Cost limit: $50.00
Seed: 42

Workload (same for all schedulers):
  Session 0: arrives at 0.0s — How are large language models being used in drug discovery?...
  Session 1: arrives at 4.0s — How are large language models being used in drug discovery?...
  Session 2: arrives at 8.0s — What is the current state of nuclear fusion energy research?...
  Session 3: arrives at 12.0s — How does CRISPR-Cas9 compare to base editing for therapeutic...
  Session 4: arrives at 16.0s — What are the environmental impacts of deep-sea mining?...
  Session 5: arrives at 20.0s — What is the current state of nuclear fusion energy research?...
  Session 6: arrives at 24.0s — What are the latest advances in quantum error correction?...
  Session 7: arrives at 28.0s — What is the current state of nuclear fusion energy research?...
  Session 8: arrives at 32.0s — What are the environmental impacts of deep-sea mining?...
  Session 9: arrives at 36.0s — How are large language models being used in drug discovery?...
  Session 10: arrives at 40.0s — What are the environmental impacts of deep-sea mining?...
  Session 11: arrives at 44.0s — How does CRISPR-Cas9 compare to base editing for therapeutic...
  Session 12: arrives at 48.0s — What are the latest advances in quantum error correction?...
  Session 13: arrives at 52.0s — How does CRISPR-Cas9 compare to base editing for therapeutic...
  Session 14: arrives at 56.0s — What are the latest advances in quantum error correction?...

######################################################################
 SCHEDULER: MAPREDUCE
######################################################################
 Launching 15 sessions with continuous arrivals
 Arrival times: 0.0s, 4.0s, 8.0s, 12.0s, 16.0s, 20.0s, 24.0s, 28.0s, 32.0s, 36.0s, 40.0s, 44.0s, 48.0s, 52.0s, 56.0s
    0.00s [s0:orch]        START breakdown (pos #1)
    1.41s [s0:orch]        END   breakdown (1.41s)
    1.41s [s0:a0]          START agent_turn(round-0) (pos #2)
    1.41s [s0:a1]          START agent_turn(round-0) (pos #3)
    1.41s [s0:a2]          START agent_turn(round-0) (pos #4)
    1.41s [s0:a3]          START agent_turn(round-0) (pos #5)
    1.41s [s0:a4]          START agent_turn(round-0) (pos #6)
    2.67s [s0:a4]          END   agent_turn(round-0) (1.25s)
    2.67s [s0:a4]          START web_search(integration of large language models wit) (pos #7)
    2.73s [s0:a2]          END   agent_turn(round-0) (1.32s)
    2.73s [s0:a2]          START web_search(How large language models (LLMs) improve) (pos #8)
    2.85s [s0:a0]          END   agent_turn(round-0) (1.44s)
    2.86s [s0:a0]          START web_search(applications of large language models in) (pos #9)
    3.00s [s0:a3]          END   agent_turn(round-0) (1.59s)
    3.00s [s0:a3]          START web_search(limitations and challenges of implementi) (pos #10)
    3.40s [s0:a1]          END   agent_turn(round-0) (1.99s)
    3.40s [s0:a1]          START web_search(How large language models assist in pred) (pos #11)
    4.00s [s1:orch]        START breakdown (pos #12)
    4.68s [s0:a4]          END   web_search(integration of large language models wit) (2.02s)
    4.68s [s0:a4]          START web_search(impact of large language models on exper) (pos #13)
    4.91s [s0:a2]          END   web_search(How large language models (LLMs) improve) (2.18s)
    4.91s [s0:a2]          START web_search(Applications of large language models in) (pos #14)
    4.99s [s0:a0]          END   web_search(applications of large language models in) (2.14s)
    5.00s [s0:a0]          START web_search(how large language models are used in dr) (pos #15)
    5.02s [s1:orch]        END   breakdown (1.02s)
    5.02s [s1:a0]          START agent_turn(round-0) (pos #16)
    5.02s [s1:a1]          START agent_turn(round-0) (pos #17)
    5.02s [s1:a2]          START agent_turn(round-0) (pos #18)
    5.02s [s1:a3]          START agent_turn(round-0) (pos #19)
    5.02s [s1:a4]          START agent_turn(round-0) (pos #20)
    5.11s [s0:a3]          END   web_search(limitations and challenges of implementi) (2.11s)
    5.11s [s0:a3]          START web_search(large language models in pharmaceutical ) (pos #21)
    5.64s [s1:a0]          END   agent_turn(round-0) (0.62s)
    5.64s [s1:a0]          START web_search(roles of large language models in drug d) (pos #22)
    5.77s [s1:a4]          END   agent_turn(round-0) (0.75s)
    5.77s [s1:a4]          START web_search(Integration of large language models in ) (pos #23)
    6.61s [s1:a1]          END   agent_turn(round-0) (1.59s)
    6.61s [s1:a1]          START web_search(How large language models assist in pred) (pos #24)
    6.66s [s1:a2]          END   agent_turn(round-0) (1.64s)
    6.66s [s1:a2]          START web_search(advantages of large language models in d) (pos #25)
    6.82s [s1:a3]          END   agent_turn(round-0) (1.80s)
    6.82s [s1:a3]          START web_search(limitations and challenges of implementi) (pos #26)
    7.65s [s0:a0]          END   web_search(how large language models are used in dr) (2.65s)
    7.65s [s0:a4]          END   web_search(impact of large language models on exper) (2.97s)
    7.65s [s0:a0]          START agent_turn(round-1) (pos #27)
    7.65s [s0:a4]          START agent_turn(round-1) (pos #28)
    8.00s [s2:orch]        START breakdown (pos #29)
    8.01s [s0:a2]          END   web_search(Applications of large language models in) (3.10s)
    8.01s [s0:a2]          START agent_turn(round-1) (pos #30)
    8.21s [s0:a1]          END   web_search(How large language models assist in pred) (4.80s)
  [MR] queue waiting 51.79s for capacity (next: s0:a1:web_search, pri=0.20)
    8.49s [s1:a0]          END   web_search(roles of large language models in drug d) (2.85s)
    8.57s [s0:a3]          END   web_search(large language models in pharmaceutical ) (3.46s)
    8.97s [s1:a4]          END   web_search(Integration of large language models in ) (3.20s)
    9.02s [s1:a2]          END   web_search(advantages of large language models in d) (2.36s)
    9.34s [s2:orch]        END   breakdown (1.34s)
    9.48s [s1:a3]          END   web_search(limitations and challenges of implementi) (2.66s)
    9.95s [s0:a0]          END   agent_turn(round-1) (2.30s)
   10.07s [s0:a2]          END   agent_turn(round-1) (2.06s)
   10.49s [s0:a4]          END   agent_turn(round-1) (2.84s)
   10.55s [s1:a1]          END   web_search(How large language models assist in pred) (3.94s)
   60.00s [s3:orch]        START breakdown (pos #43)
  [MR] queue waiting 1.41s for capacity (next: s4:orch:breakdown, pri=1.00)
   61.15s [s3:orch]        END   breakdown (1.15s)
   61.41s [s4:orch]        START breakdown (pos #44)
   61.41s [s5:orch]        START breakdown (pos #45)
   61.41s [s6:orch]        START breakdown (pos #46)
   61.41s [s7:orch]        START breakdown (pos #47)
   61.41s [s8:orch]        START breakdown (pos #48)
  [MR] queue waiting 1.25s for capacity (next: s9:orch:breakdown, pri=1.00)
   62.32s [s6:orch]        END   breakdown (0.91s)
   62.40s [s4:orch]        END   breakdown (0.99s)
   62.41s [s7:orch]        END   breakdown (0.99s)
   62.44s [s5:orch]        END   breakdown (1.03s)
   62.51s [s8:orch]        END   breakdown (1.10s)
   62.67s [s9:orch]        START breakdown (pos #49)
  [MR] queue waiting 0.10s for capacity (next: s10:orch:breakdown, pri=1.00)
   62.77s [s10:orch]       START breakdown (pos #50)
  [MR] queue waiting 0.10s for capacity (next: s11:orch:breakdown, pri=1.00)
   62.87s [s11:orch]       START breakdown (pos #51)
  [MR] queue waiting 0.13s for capacity (next: s12:orch:breakdown, pri=1.00)
   63.00s [s12:orch]       START breakdown (pos #52)
  [MR] queue waiting 0.40s for capacity (next: s13:orch:breakdown, pri=1.00)
   63.41s [s13:orch]       START breakdown (pos #53)
  [MR] queue waiting 0.60s for capacity (next: s14:orch:breakdown, pri=1.00)
   63.72s [s9:orch]        END   breakdown (1.06s)
   63.87s [s10:orch]       END   breakdown (1.10s)
   64.00s [s14:orch]       START breakdown (pos #54)
  [MR] queue waiting 0.68s for capacity (next: s0:a1:web_search, pri=0.50)
   64.02s [s12:orch]       END   breakdown (1.01s)
   64.11s [s11:orch]       END   breakdown (1.24s)
   64.68s [s0:a1]          START web_search(Use of large language models in drug dis) (pos #31)
  [MR] queue waiting 0.23s for capacity (next: s0:a3:agent_turn, pri=0.50)
   64.91s [s0:a3]          START agent_turn(round-1) (pos #33)
  [MR] queue waiting 0.10s for capacity (next: s1:a0:web_search, pri=0.20)
   65.01s [s1:a0]          START web_search(applications of large language models in) (pos #32)
  [MR] queue waiting 0.10s for capacity (next: s1:a4:web_search, pri=0.20)
   65.02s [s14:orch]       END   breakdown (1.02s)
   65.11s [s1:a4]          START web_search(Role of large language models in computa) (pos #34)
   65.11s [s1:a2]          START web_search(traditional methods in drug discovery) (pos #35)
   65.11s [s2:a0]          START agent_turn(round-0) (pos #36)
   65.11s [s2:a1]          START agent_turn(round-0) (pos #37)
   65.11s [s2:a2]          START agent_turn(round-0) (pos #38)
   65.11s [s2:a3]          START agent_turn(round-0) (pos #39)
  [MR] queue waiting 0.53s for capacity (next: s2:a4:agent_turn, pri=0.20)
   65.61s [s13:orch]       END   breakdown (2.20s)
   65.64s [s2:a4]          START agent_turn(round-0) (pos #40)
  [MR] queue waiting 0.13s for capacity (next: s1:a3:web_search, pri=0.20)
   65.77s [s1:a3]          START web_search(large language models in drug discovery) (pos #41)
  [MR] queue waiting 0.84s for capacity (next: s1:a1:web_search, pri=0.20)
   65.77s [s2:a0]          END   agent_turn(round-0) (0.66s)
   65.89s [s2:a3]          END   agent_turn(round-0) (0.78s)
   66.18s [s2:a2]          END   agent_turn(round-0) (1.06s)
   66.27s [s2:a1]          END   agent_turn(round-0) (1.16s)
   66.61s [s1:a1]          START web_search(Role of large language models in drug di) (pos #42)
  [MR] queue waiting 0.10s for capacity (next: s3:a0:agent_turn, pri=0.20)
   66.65s [s2:a4]          END   agent_turn(round-0) (1.01s)
   66.71s [s3:a0]          START agent_turn(round-0) (pos #55)
  [MR] queue waiting 0.10s for capacity (next: s3:a1:agent_turn, pri=0.20)
   66.82s [s3:a1]          START agent_turn(round-0) (pos #56)
  [MR] queue waiting 0.83s for capacity (next: s3:a2:agent_turn, pri=0.20)
   66.93s [s0:a3]          END   agent_turn(round-1) (2.02s)
   67.44s [s3:a0]          END   agent_turn(round-0) (0.73s)
   67.61s [s3:a1]          END   agent_turn(round-0) (0.79s)
   67.61s [s1:a2]          END   web_search(traditional methods in drug discovery) (2.50s)
   67.65s [s3:a2]          START agent_turn(round-0) (pos #57)
  [MR] queue waiting 0.10s for capacity (next: s3:a3:agent_turn, pri=0.20)
   67.75s [s3:a3]          START agent_turn(round-0) (pos #58)
  [MR] queue waiting 0.25s for capacity (next: s3:a4:agent_turn, pri=0.20)
   67.83s [s0:a1]          END   web_search(Use of large language models in drug dis) (3.15s)
   68.00s [s0:a1]          START agent_turn(round-1) (pos #123)
  [MR] queue waiting 0.10s for capacity (next: s3:a4:agent_turn, pri=0.20)
   68.10s [s3:a4]          START agent_turn(round-0) (pos #59)
  [MR] queue waiting 51.90s for capacity (next: s6:a0:agent_turn, pri=0.20)
   68.22s [s1:a3]          END   web_search(large language models in drug discovery) (2.45s)
   68.35s [s3:a3]          END   agent_turn(round-0) (0.59s)
   68.40s [s1:a0]          END   web_search(applications of large language models in) (3.39s)
   68.43s [s1:a4]          END   web_search(Role of large language models in computa) (3.31s)
   68.73s [s3:a2]          END   agent_turn(round-0) (1.08s)
   69.21s [s3:a4]          END   agent_turn(round-0) (1.10s)
   69.32s [s1:a1]          END   web_search(Role of large language models in drug di) (2.71s)
   69.94s [s0:a1]          END   agent_turn(round-1) (1.93s)
  120.00s [s0:orch]        START synthesis (pos #131)
  [MR] queue waiting 1.41s for capacity (next: s6:a0:agent_turn, pri=0.20)
  121.41s [s6:a0]          START agent_turn(round-0) (pos #60)
  121.41s [s6:a1]          START agent_turn(round-0) (pos #61)
  121.41s [s6:a2]          START agent_turn(round-0) (pos #62)
  121.41s [s6:a3]          START agent_turn(round-0) (pos #63)
  121.41s [s6:a4]          START agent_turn(round-0) (pos #64)
  [MR] queue waiting 1.25s for capacity (next: s4:a0:agent_turn, pri=0.20)
  122.30s [s6:a2]          END   agent_turn(round-0) (0.88s)
  122.30s [s6:a4]          END   agent_turn(round-0) (0.88s)
  122.30s [s6:a0]          END   agent_turn(round-0) (0.88s)
  122.30s [s6:a1]          END   agent_turn(round-0) (0.89s)
  122.32s [s6:a3]          END   agent_turn(round-0) (0.91s)
  122.67s [s4:a0]          START agent_turn(round-0) (pos #65)
  [MR] queue waiting 0.10s for capacity (next: s4:a1:agent_turn, pri=0.20)
  122.77s [s4:a1]          START agent_turn(round-0) (pos #66)
  [MR] queue waiting 0.10s for capacity (next: s4:a2:agent_turn, pri=0.20)
  122.87s [s4:a2]          START agent_turn(round-0) (pos #67)
  [MR] queue waiting 0.13s for capacity (next: s4:a3:agent_turn, pri=0.20)
  123.00s [s4:a3]          START agent_turn(round-0) (pos #68)
  [MR] queue waiting 0.40s for capacity (next: s4:a4:agent_turn, pri=0.20)
  123.41s [s4:a4]          START agent_turn(round-0) (pos #69)
  [MR] queue waiting 0.60s for capacity (next: s7:a0:agent_turn, pri=0.20)
  123.46s [s4:a0]          END   agent_turn(round-0) (0.79s)
  123.65s [s4:a2]          END   agent_turn(round-0) (0.78s)
  123.67s [s4:a3]          END   agent_turn(round-0) (0.67s)
  124.00s [s7:a0]          START agent_turn(round-0) (pos #70)
  [MR] queue waiting 0.68s for capacity (next: s7:a1:agent_turn, pri=0.20)
  124.27s [s4:a4]          END   agent_turn(round-0) (0.86s)
  124.28s [s4:a1]          END   agent_turn(round-0) (1.51s)
  124.68s [s7:a1]          START agent_turn(round-0) (pos #71)
  [MR] queue waiting 0.23s for capacity (next: s7:a2:agent_turn, pri=0.20)
  124.74s [s7:a0]          END   agent_turn(round-0) (0.74s)
  124.91s [s7:a2]          START agent_turn(round-0) (pos #72)
  [MR] queue waiting 0.10s for capacity (next: s7:a3:agent_turn, pri=0.20)
  125.00s [s0:orch]        END   synthesis (4.99s)
  125.01s [s0:r0]          START review_citations (pos #143)
  [MR] queue waiting 0.10s for capacity (next: s0:r1:review_style, pri=0.33)
  125.12s [s0:r1]          START review_style (pos #144)
  125.12s [s0:r2]          START review_facts (pos #145)
  125.12s [s7:a3]          START agent_turn(round-0) (pos #73)
  125.12s [s7:a4]          START agent_turn(round-0) (pos #74)
  125.12s [s5:a0]          START agent_turn(round-0) (pos #75)
  125.12s [s5:a1]          START agent_turn(round-0) (pos #76)
  [MR] queue waiting 0.53s for capacity (next: s5:a2:agent_turn, pri=0.20)
  125.47s [s7:a1]          END   agent_turn(round-0) (0.79s)
  125.64s [s5:a2]          START agent_turn(round-0) (pos #77)
  [MR] queue waiting 0.13s for capacity (next: s5:a3:agent_turn, pri=0.20)
  125.65s [s7:a2]          END   agent_turn(round-0) (0.73s)
  125.77s [s5:a3]          START agent_turn(round-0) (pos #78)
  [MR] queue waiting 0.84s for capacity (next: s5:a4:agent_turn, pri=0.20)
  125.88s [s5:a0]          END   agent_turn(round-0) (0.77s)
  125.94s [s7:a4]          END   agent_turn(round-0) (0.82s)
  125.95s [s5:a1]          END   agent_turn(round-0) (0.83s)
  126.01s [s7:a3]          END   agent_turn(round-0) (0.90s)
  126.39s [s5:a2]          END   agent_turn(round-0) (0.75s)
  126.52s [s5:a3]          END   agent_turn(round-0) (0.75s)
  126.61s [s5:a4]          START agent_turn(round-0) (pos #79)
  [MR] queue waiting 0.10s for capacity (next: s8:a0:agent_turn, pri=0.20)
  126.72s [s8:a0]          START agent_turn(round-0) (pos #80)
  [MR] queue waiting 0.10s for capacity (next: s8:a1:agent_turn, pri=0.20)
  126.82s [s8:a1]          START agent_turn(round-0) (pos #81)
  [MR] queue waiting 0.83s for capacity (next: s8:a2:agent_turn, pri=0.20)
  127.42s [s5:a4]          END   agent_turn(round-0) (0.80s)
  127.65s [s8:a2]          START agent_turn(round-0) (pos #82)
  [MR] queue waiting 0.10s for capacity (next: s8:a3:agent_turn, pri=0.20)
  127.75s [s8:a3]          START agent_turn(round-0) (pos #83)
  [MR] queue waiting 0.25s for capacity (next: s8:a4:agent_turn, pri=0.20)
  127.88s [s8:a1]          END   agent_turn(round-0) (1.06s)
  128.00s [s8:a4]          START agent_turn(round-0) (pos #84)
  [MR] queue waiting 0.10s for capacity (next: s9:a0:agent_turn, pri=0.20)
  128.11s [s9:a0]          START agent_turn(round-0) (pos #85)
  [MR] queue waiting 51.90s for capacity (next: s9:a1:agent_turn, pri=0.20)
  128.27s [s8:a0]          END   agent_turn(round-0) (1.55s)
  128.56s [s8:a2]          END   agent_turn(round-0) (0.91s)
  128.58s [s8:a3]          END   agent_turn(round-0) (0.82s)
  128.95s [s8:a4]          END   agent_turn(round-0) (0.95s)
  129.05s [s9:a0]          END   agent_turn(round-0) (0.94s)
  133.46s [s0:r1]          END   review_style (8.34s)
  134.79s [s0:r0]          END   review_citations (9.77s)
  135.81s [s0:r2]          END   review_facts (10.69s)
  180.01s [s0:orch]        START finalize (pos #161)
  [MR] queue waiting 1.41s for capacity (next: s9:a1:agent_turn, pri=0.20)
  181.42s [s9:a1]          START agent_turn(round-0) (pos #86)
  181.42s [s9:a2]          START agent_turn(round-0) (pos #87)
  181.42s [s9:a3]          START agent_turn(round-0) (pos #88)
  181.42s [s9:a4]          START agent_turn(round-0) (pos #89)
  181.42s [s10:a0]         START agent_turn(round-0) (pos #90)
  [MR] queue waiting 1.25s for capacity (next: s10:a1:agent_turn, pri=0.20)
  182.20s [s9:a2]          END   agent_turn(round-0) (0.79s)
  182.23s [s10:a0]         END   agent_turn(round-0) (0.81s)
  182.23s [s9:a4]          END   agent_turn(round-0) (0.81s)
  182.67s [s10:a1]         START agent_turn(round-0) (pos #91)
  [MR] queue waiting 0.10s for capacity (next: s10:a2:agent_turn, pri=0.20)
  182.77s [s9:a1]          END   agent_turn(round-0) (1.35s)
  182.77s [s10:a2]         START agent_turn(round-0) (pos #92)
  [MR] queue waiting 0.10s for capacity (next: s10:a3:agent_turn, pri=0.20)
  182.87s [s10:a3]         START agent_turn(round-0) (pos #93)
  [MR] queue waiting 0.13s for capacity (next: s10:a4:agent_turn, pri=0.20)
  182.98s [s9:a3]          END   agent_turn(round-0) (1.56s)
  183.00s [s10:a4]         START agent_turn(round-0) (pos #94)
  [MR] queue waiting 0.40s for capacity (next: s12:a0:agent_turn, pri=0.20)
  183.41s [s12:a0]         START agent_turn(round-0) (pos #95)
  [MR] queue waiting 0.60s for capacity (next: s12:a1:agent_turn, pri=0.20)
  183.42s [s10:a1]         END   agent_turn(round-0) (0.75s)
  183.62s [s10:a2]         END   agent_turn(round-0) (0.85s)
  183.65s [s10:a3]         END   agent_turn(round-0) (0.78s)
  183.81s [s10:a4]         END   agent_turn(round-0) (0.81s)
  184.01s [s12:a1]         START agent_turn(round-0) (pos #96)
  [MR] queue waiting 0.68s for capacity (next: s12:a2:agent_turn, pri=0.20)
  184.69s [s12:a2]         START agent_turn(round-0) (pos #97)
  [MR] queue waiting 0.23s for capacity (next: s12:a3:agent_turn, pri=0.20)
  184.69s [s12:a0]         END   agent_turn(round-0) (1.28s)
  184.76s [s12:a1]         END   agent_turn(round-0) (0.76s)
  184.91s [s12:a3]         START agent_turn(round-0) (pos #98)
  [MR] queue waiting 0.10s for capacity (next: s12:a4:agent_turn, pri=0.20)
  185.02s [s12:a4]         START agent_turn(round-0) (pos #99)
  [MR] queue waiting 0.10s for capacity (next: s11:a0:agent_turn, pri=0.20)
  185.12s [s11:a0]         START agent_turn(round-0) (pos #100)
  185.12s [s11:a1]         START agent_turn(round-0) (pos #101)
  185.12s [s11:a2]         START agent_turn(round-0) (pos #102)
  185.12s [s11:a3]         START agent_turn(round-0) (pos #103)
  185.12s [s11:a4]         START agent_turn(round-0) (pos #104)
  185.12s [s14:a0]         START agent_turn(round-0) (pos #105)
  [MR] queue waiting 0.52s for capacity (next: s14:a1:agent_turn, pri=0.20)
  185.64s [s14:a1]         START agent_turn(round-0) (pos #106)
  [MR] queue waiting 0.12s for capacity (next: s14:a2:agent_turn, pri=0.20)
  185.66s [s12:a3]         END   agent_turn(round-0) (0.75s)
  185.77s [s14:a2]         START agent_turn(round-0) (pos #107)
  [MR] queue waiting 0.84s for capacity (next: s14:a3:agent_turn, pri=0.20)
  185.80s [s12:a4]         END   agent_turn(round-0) (0.79s)
  185.89s [s11:a0]         END   agent_turn(round-0) (0.77s)
  186.02s [s11:a1]         END   agent_turn(round-0) (0.90s)
  186.03s [s11:a2]         END   agent_turn(round-0) (0.91s)
  186.04s [s11:a4]         END   agent_turn(round-0) (0.93s)
  186.20s [s12:a2]         END   agent_turn(round-0) (1.52s)
  186.61s [s14:a3]         START agent_turn(round-0) (pos #108)
  [MR] queue waiting 0.10s for capacity (next: s14:a4:agent_turn, pri=0.20)
  186.63s [s11:a3]         END   agent_turn(round-0) (1.51s)
  186.63s [s14:a0]         END   agent_turn(round-0) (1.51s)
  186.65s [s14:a2]         END   agent_turn(round-0) (0.88s)
  186.72s [s14:a4]         START agent_turn(round-0) (pos #109)
  [MR] queue waiting 0.10s for capacity (next: s13:a0:agent_turn, pri=0.20)
  186.82s [s13:a0]         START agent_turn(round-0) (pos #110)
  [MR] queue waiting 0.83s for capacity (next: s13:a1:agent_turn, pri=0.20)
  186.89s [s14:a1]         END   agent_turn(round-0) (1.24s)
  187.65s [s13:a1]         START agent_turn(round-0) (pos #111)
  [MR] queue waiting 0.10s for capacity (next: s13:a2:agent_turn, pri=0.20)
  187.67s [s14:a3]         END   agent_turn(round-0) (1.05s)
  187.75s [s13:a2]         START agent_turn(round-0) (pos #112)
  [MR] queue waiting 0.25s for capacity (next: s13:a3:agent_turn, pri=0.20)
  187.82s [s14:a4]         END   agent_turn(round-0) (1.10s)
  188.00s [s13:a3]         START agent_turn(round-0) (pos #113)
  [MR] queue waiting 0.10s for capacity (next: s13:a4:agent_turn, pri=0.20)
  188.11s [s13:a4]         START agent_turn(round-0) (pos #114)
  [MR] queue waiting 51.90s for capacity (next: s2:a0:web_search, pri=0.20)
  188.34s [s13:a0]         END   agent_turn(round-0) (1.52s)
  188.65s [s13:a1]         END   agent_turn(round-0) (1.00s)
  188.81s [s13:a2]         END   agent_turn(round-0) (1.06s)
  189.07s [s13:a3]         END   agent_turn(round-0) (1.06s)
  189.07s [s13:a4]         END   agent_turn(round-0) (0.96s)
  195.11s [s0:orch]        END   finalize (15.10s)
  [session=0] done in 195.1s (arrived at 0.0s)
  240.01s [s2:a0]          START web_search(recent advancements in nuclear fusion re) (pos #115)
  [MR] queue waiting 1.41s for capacity (next: s2:a3:web_search, pri=0.20)
  241.42s [s2:a3]          START web_search(barriers to commercial nuclear fusion en) (pos #116)
  241.42s [s2:a2]          START web_search(Comparison of international fusion proje) (pos #117)
  241.42s [s2:a1]          START web_search(Challenges in plasma stability in nuclea) (pos #118)
  241.42s [s2:a4]          START web_search(environmental and safety advantages of n) (pos #119)
  241.42s [s3:a0]          START web_search(Molecular mechanisms of CRISPR-Cas9) (pos #120)
  [MR] queue waiting 1.25s for capacity (next: s3:a1:web_search, pri=0.20)
  242.67s [s3:a1]          START web_search(Comparison of efficiency and specificity) (pos #121)
  [MR] queue waiting 0.10s for capacity (next: s1:a2:agent_turn, pri=0.20)
  242.77s [s1:a2]          START agent_turn(round-1) (pos #122)
  [MR] queue waiting 0.10s for capacity (next: s1:a3:agent_turn, pri=0.20)
  242.87s [s1:a3]          START agent_turn(round-1) (pos #124)
  [MR] queue waiting 0.13s for capacity (next: s3:a3:web_search, pri=0.20)
  243.01s [s3:a3]          START web_search(techniques used in genetic disorders or ) (pos #125)
  [MR] queue waiting 0.40s for capacity (next: s1:a0:agent_turn, pri=0.20)
  243.41s [s1:a0]          START agent_turn(round-1) (pos #126)
  [MR] queue waiting 0.60s for capacity (next: s1:a4:agent_turn, pri=0.20)
  243.97s [s3:a0]          END   web_search(Molecular mechanisms of CRISPR-Cas9) (2.55s)
  244.01s [s1:a4]          START agent_turn(round-1) (pos #127)
  [MR] queue waiting 0.68s for capacity (next: s3:a2:web_search, pri=0.20)
  244.11s [s2:a4]          END   web_search(environmental and safety advantages of n) (2.69s)
  244.11s [s2:a3]          END   web_search(barriers to commercial nuclear fusion en) (2.70s)
  244.60s [s2:a1]          END   web_search(Challenges in plasma stability in nuclea) (3.18s)
  244.69s [s3:a2]          START web_search(off-target effects and safety concerns o) (pos #128)
  [MR] queue waiting 0.23s for capacity (next: s3:a4:web_search, pri=0.20)
  244.76s [s2:a0]          END   web_search(recent advancements in nuclear fusion re) (4.75s)
  244.89s [s3:a3]          END   web_search(techniques used in genetic disorders or ) (1.88s)
  244.91s [s3:a4]          START web_search(current challenges for clinical translat) (pos #129)
  [MR] queue waiting 0.10s for capacity (next: s1:a1:agent_turn, pri=0.20)
  245.02s [s1:a1]          START agent_turn(round-1) (pos #130)
  [MR] queue waiting 0.10s for capacity (next: s6:a2:web_search, pri=0.20)
  245.12s [s6:a2]          START web_search(challenges in integrating quantum error ) (pos #132)
  245.12s [s6:a4]          START web_search(emerging algorithms or protocols leverag) (pos #133)
  245.12s [s6:a0]          START web_search(Recent theoretical developments in quant) (pos #134)
  245.12s [s6:a1]          START web_search(advances in physical implementations for) (pos #135)
  245.12s [s6:a3]          START web_search(recent experimental results in quantum c) (pos #136)
  245.12s [s4:a0]          START web_search(environmental disturbances caused by dee) (pos #137)
  [MR] queue waiting 0.52s for capacity (next: s4:a2:web_search, pri=0.20)
  245.59s [s1:a2]          END   agent_turn(round-1) (2.81s)
  245.64s [s4:a2]          START web_search(chemical and physical changes in ocean e) (pos #138)
  [MR] queue waiting 0.13s for capacity (next: s4:a3:web_search, pri=0.20)
  245.70s [s1:a3]          END   agent_turn(round-1) (2.82s)
  245.77s [s4:a3]          START web_search(Effects of deep-sea mining on sediment s) (pos #139)
  [MR] queue waiting 0.84s for capacity (next: s4:a4:web_search, pri=0.20)
  246.14s [s1:a0]          END   agent_turn(round-1) (2.73s)
  246.62s [s4:a4]          START web_search(mitigation measures and regulations for ) (pos #140)
  [MR] queue waiting 0.10s for capacity (next: s4:a1:web_search, pri=0.20)
  246.72s [s4:a1]          START web_search(impact of deep-sea mining on biodiversit) (pos #141)
  [MR] queue waiting 0.10s for capacity (next: s7:a0:web_search, pri=0.20)
  246.82s [s7:a0]          START web_search(Main scientific principles of nuclear fu) (pos #142)
  [MR] queue waiting 0.83s for capacity (next: s7:a1:web_search, pri=0.20)
  247.03s [s1:a1]          END   agent_turn(round-1) (2.01s)
  247.19s [s6:a2]          END   web_search(challenges in integrating quantum error ) (2.08s)
  247.36s [s2:a2]          END   web_search(Comparison of international fusion proje) (5.95s)
  247.42s [s6:a0]          END   web_search(Recent theoretical developments in quant) (2.30s)
  247.51s [s3:a1]          END   web_search(Comparison of efficiency and specificity) (4.84s)
  247.65s [s7:a1]          START web_search(challenges and limitations of nuclear fu) (pos #146)
  [MR] queue waiting 0.10s for capacity (next: s7:a2:web_search, pri=0.20)
  247.76s [s7:a2]          START web_search(Current status of nuclear fusion project) (pos #147)
  [MR] queue waiting 0.25s for capacity (next: s5:a0:web_search, pri=0.20)
  247.83s [s1:a4]          END   agent_turn(round-1) (3.82s)
  247.89s [s4:a3]          END   web_search(Effects of deep-sea mining on sediment s) (2.12s)
  248.01s [s1:orch]        START synthesis (pos #201)
  [MR] queue waiting 0.10s for capacity (next: s5:a0:web_search, pri=0.20)
  248.11s [s5:a0]          START web_search(recent advancements in nuclear fusion re) (pos #148)
  [MR] queue waiting 51.90s for capacity (next: s7:a4:web_search, pri=0.20)
  248.17s [s3:a4]          END   web_search(current challenges for clinical translat) (3.25s)
  248.30s [s4:a0]          END   web_search(environmental disturbances caused by dee) (3.18s)
  248.45s [s6:a3]          END   web_search(recent experimental results in quantum c) (3.33s)
  248.52s [s3:a2]          END   web_search(off-target effects and safety concerns o) (3.84s)
  248.55s [s4:a2]          END   web_search(chemical and physical changes in ocean e) (2.90s)
  248.96s [s6:a4]          END   web_search(emerging algorithms or protocols leverag) (3.85s)
  248.97s [s6:a1]          END   web_search(advances in physical implementations for) (3.85s)
  249.39s [s4:a4]          END   web_search(mitigation measures and regulations for ) (2.77s)
  249.61s [s4:a1]          END   web_search(impact of deep-sea mining on biodiversit) (2.89s)
  249.89s [s7:a1]          END   web_search(challenges and limitations of nuclear fu) (2.23s)
  249.93s [s7:a0]          END   web_search(Main scientific principles of nuclear fu) (3.11s)
  250.90s [s5:a0]          END   web_search(recent advancements in nuclear fusion re) (2.80s)
  252.00s [s7:a2]          END   web_search(Current status of nuclear fusion project) (4.25s)
  254.60s [s1:orch]        END   synthesis (6.59s)
  300.01s [s1:r0]          START review_citations (pos #216)
  [MR] queue waiting 1.40s for capacity (next: s1:r1:review_style, pri=0.33)
  301.42s [s1:r1]          START review_style (pos #217)
  301.42s [s1:r2]          START review_facts (pos #218)
  301.42s [s7:a4]          START web_search(Potential economic impacts of successful) (pos #149)
  301.42s [s5:a1]          START web_search(Current nuclear fusion experiments compa) (pos #150)
  301.42s [s7:a3]          START web_search(approaches to fusion energy, magnetic co) (pos #151)
  [MR] queue waiting 1.25s for capacity (next: s5:a2:web_search, pri=0.20)
  302.67s [s5:a2]          START web_search(primary scientific challenges in nuclear) (pos #152)
  [MR] queue waiting 0.10s for capacity (next: s5:a3:web_search, pri=0.20)
  302.77s [s5:a3]          START web_search(Impact of international collaborations o) (pos #153)
  [MR] queue waiting 0.10s for capacity (next: s5:a4:web_search, pri=0.20)
  302.88s [s5:a4]          START web_search(Projected timelines for commercial nucle) (pos #154)
  [MR] queue waiting 0.13s for capacity (next: s8:a1:web_search, pri=0.20)
  303.01s [s8:a1]          START web_search(impact of deep-sea mining on ocean envir) (pos #155)
  [MR] queue waiting 0.40s for capacity (next: s8:a0:web_search, pri=0.20)
  303.41s [s8:a0]          START web_search(potential effects of deep-sea mining on ) (pos #156)
  [MR] queue waiting 0.60s for capacity (next: s8:a2:web_search, pri=0.20)
  304.01s [s8:a2]          START web_search(Projected impacts of deep-sea mining on ) (pos #157)
  [MR] queue waiting 0.68s for capacity (next: s8:a3:web_search, pri=0.20)
  304.69s [s8:a3]          START web_search(Deep-sea mining and its impact on carbon) (pos #158)
  [MR] queue waiting 0.23s for capacity (next: s8:a4:web_search, pri=0.20)
  304.92s [s8:a4]          START web_search(measures or technologies to mitigate env) (pos #159)
  [MR] queue waiting 0.10s for capacity (next: s9:a0:web_search, pri=0.20)
  304.92s [s7:a3]          END   web_search(approaches to fusion energy, magnetic co) (3.50s)
  305.02s [s9:a0]          START web_search(applications of large language models in) (pos #160)
  [MR] queue waiting 0.10s for capacity (next: s9:a2:web_search, pri=0.20)
  305.12s [s9:a2]          START web_search(limitations and challenges of implementi) (pos #162)
  305.12s [s10:a0]         START web_search(Impact of deep-sea mining on ecosystems ) (pos #163)
  305.12s [s9:a4]          START web_search(ethical, legal, and data privacy conside) (pos #164)
  305.12s [s9:a1]          START web_search(how large language models assist in unde) (pos #165)
  305.12s [s9:a3]          START web_search(comparison of large language models and ) (pos #166)
  305.12s [s10:a1]         START web_search(Impact of deep-sea mining on marine biod) (pos #167)
  [MR] queue waiting 0.52s for capacity (next: s10:a2:web_search, pri=0.20)
  305.13s [s5:a2]          END   web_search(primary scientific challenges in nuclear) (2.46s)
  305.55s [s8:a1]          END   web_search(impact of deep-sea mining on ocean envir) (2.54s)
  305.65s [s10:a2]         START web_search(chemical and physical changes in the mar) (pos #168)
  [MR] queue waiting 0.12s for capacity (next: s10:a3:web_search, pri=0.20)
  305.73s [s8:a0]          END   web_search(potential effects of deep-sea mining on ) (2.32s)
  305.77s [s10:a3]         START web_search(Impact of deep-sea mining on carbon sequ) (pos #169)
  [MR] queue waiting 0.84s for capacity (next: s10:a4:web_search, pri=0.20)
  306.52s [s5:a3]          END   web_search(Impact of international collaborations o) (3.74s)
  306.55s [s5:a1]          END   web_search(Current nuclear fusion experiments compa) (5.13s)
  306.62s [s10:a4]         START web_search(measures and technologies to mitigate en) (pos #170)
  [MR] queue waiting 0.10s for capacity (next: s12:a0:web_search, pri=0.20)
  306.67s [s7:a4]          END   web_search(Potential economic impacts of successful) (5.25s)
  306.72s [s12:a0]         START web_search(Newest algorithms and protocols for quan) (pos #171)
  [MR] queue waiting 0.10s for capacity (next: s12:a1:web_search, pri=0.20)
  306.82s [s12:a1]         START web_search(novel quantum error correction codes eff) (pos #172)
  [MR] queue waiting 0.83s for capacity (next: s12:a3:web_search, pri=0.20)
  306.98s [s5:a4]          END   web_search(Projected timelines for commercial nucle) (4.10s)
  306.99s [s9:a1]          END   web_search(how large language models assist in unde) (1.87s)
  307.14s [s8:a3]          END   web_search(Deep-sea mining and its impact on carbon) (2.45s)
  307.50s [s1:r1]          END   review_style (6.08s)
  307.54s [s9:a0]          END   web_search(applications of large language models in) (2.52s)
  307.54s [s9:a2]          END   web_search(limitations and challenges of implementi) (2.42s)
  307.58s [s8:a4]          END   web_search(measures or technologies to mitigate env) (2.66s)
  307.65s [s12:a3]         START web_search(impact of hardware advances and qubit co) (pos #173)
  [MR] queue waiting 0.10s for capacity (next: s12:a4:web_search, pri=0.20)
  307.72s [s8:a2]          END   web_search(Projected impacts of deep-sea mining on ) (3.71s)
  307.76s [s12:a4]         START web_search(Challenges in integrating quantum error ) (pos #174)
  [MR] queue waiting 0.25s for capacity (next: s11:a0:web_search, pri=0.20)
  308.01s [s11:a0]         START web_search(Mechanisms of action for CRISPR-Cas9) (pos #175)
  [MR] queue waiting 0.10s for capacity (next: s11:a1:web_search, pri=0.20)
  308.11s [s11:a1]         START web_search(Advantages and limitations of different ) (pos #176)
  [MR] queue waiting 51.90s for capacity (next: s11:a2:web_search, pri=0.20)
  308.27s [s9:a4]          END   web_search(ethical, legal, and data privacy conside) (3.15s)
  308.34s [s10:a0]         END   web_search(Impact of deep-sea mining on ecosystems ) (3.22s)
  309.05s [s10:a1]         END   web_search(Impact of deep-sea mining on marine biod) (3.93s)
  309.11s [s10:a3]         END   web_search(Impact of deep-sea mining on carbon sequ) (3.34s)
  309.69s [s12:a0]         END   web_search(Newest algorithms and protocols for quan) (2.97s)
  309.73s [s10:a2]         END   web_search(chemical and physical changes in the mar) (4.09s)
  309.78s [s10:a4]         END   web_search(measures and technologies to mitigate en) (3.16s)
  310.21s [s12:a4]         END   web_search(Challenges in integrating quantum error ) (2.46s)
  310.22s [s12:a3]         END   web_search(impact of hardware advances and qubit co) (2.56s)
  310.26s [s9:a3]          END   web_search(comparison of large language models and ) (5.14s)
  310.32s [s1:r2]          END   review_facts (8.91s)
  310.45s [s12:a1]         END   web_search(novel quantum error correction codes eff) (3.62s)
  310.92s [s1:r0]          END   review_citations (10.91s)
  311.06s [s11:a0]         END   web_search(Mechanisms of action for CRISPR-Cas9) (3.05s)
  311.34s [s11:a1]         END   web_search(Advantages and limitations of different ) (3.23s)
  360.01s [s1:orch]        START finalize (pos #244)
  [MR] queue waiting 1.40s for capacity (next: s11:a2:web_search, pri=0.20)
  361.42s [s11:a2]         START web_search(Delivery methods of CRISPR-Cas9 and base) (pos #177)
  361.42s [s11:a4]         START web_search(ethical considerations of gene editing t) (pos #178)
  361.42s [s12:a2]         START web_search(latest experimental implementations and ) (pos #179)
  361.42s [s11:a3]         START web_search(clinical applications of CRISPR-Cas9 and) (pos #180)
  361.42s [s14:a0]         START web_search(Recent developments in quantum error cor) (pos #181)
  [MR] queue waiting 1.25s for capacity (next: s14:a2:web_search, pri=0.20)
  362.67s [s14:a2]         START web_search(Challenges in scaling quantum error corr) (pos #182)
  [MR] queue waiting 0.10s for capacity (next: s14:a1:web_search, pri=0.20)
  362.78s [s14:a1]         START web_search(Recent advancements in experimental quan) (pos #183)
  [MR] queue waiting 0.10s for capacity (next: s14:a3:web_search, pri=0.20)
  362.88s [s14:a3]         START web_search(impact of new materials and hardware imp) (pos #184)
  [MR] queue waiting 0.13s for capacity (next: s14:a4:web_search, pri=0.20)
  363.01s [s14:a4]         START web_search(Emerging algorithms and protocols in qua) (pos #185)
  [MR] queue waiting 0.40s for capacity (next: s13:a0:web_search, pri=0.20)
  363.41s [s13:a0]         START web_search(CRISPR-Cas9 gene editing mechanisms and ) (pos #186)
  [MR] queue waiting 0.60s for capacity (next: s13:a1:web_search, pri=0.20)
  363.97s [s11:a4]         END   web_search(ethical considerations of gene editing t) (2.55s)
  364.01s [s13:a1]         START web_search(Comparison of efficiency, accuracy, and ) (pos #187)
  [MR] queue waiting 0.68s for capacity (next: s13:a2:web_search, pri=0.20)
  364.37s [s14:a0]         END   web_search(Recent developments in quantum error cor) (2.95s)
  364.45s [s12:a2]         END   web_search(latest experimental implementations and ) (3.03s)
  364.69s [s13:a2]         START web_search(current applications of CRISPR-Cas9 in t) (pos #188)
  [MR] queue waiting 0.23s for capacity (next: s13:a3:web_search, pri=0.20)
  364.82s [s11:a3]         END   web_search(clinical applications of CRISPR-Cas9 and) (3.40s)
  364.92s [s13:a3]         START web_search(delivery methods of CRISPR-Cas9) (pos #189)
  [MR] queue waiting 0.10s for capacity (next: s13:a4:web_search, pri=0.20)
  365.01s [s11:a2]         END   web_search(Delivery methods of CRISPR-Cas9 and base) (3.59s)
  365.02s [s13:a4]         START web_search(ethical, safety, and regulatory consider) (pos #190)
  [MR] queue waiting 0.10s for capacity (next: s3:a0:web_search, pri=0.20)
  365.07s [s14:a2]         END   web_search(Challenges in scaling quantum error corr) (2.40s)
  365.12s [s3:a0]          START web_search(Molecular mechanisms of base editing tec) (pos #191)
  365.12s [s2:a4]          START web_search(benefits of nuclear fusion) (pos #192)
  365.12s [s2:a3]          START web_search(scientific and engineering challenges of) (pos #193)
  365.12s [s2:a1]          START web_search(Confinement issues in nuclear fusion) (pos #194)
  365.12s [s2:a0]          START web_search(experimental designs in nuclear fusion r) (pos #195)
  365.12s [s3:a3]          START agent_turn(round-1) (pos #196)
  [MR] queue waiting 0.52s for capacity (next: s6:a2:web_search, pri=0.20)
  365.61s [s14:a4]         END   web_search(Emerging algorithms and protocols in qua) (2.60s)
  365.61s [s14:a1]         END   web_search(Recent advancements in experimental quan) (2.83s)
  365.65s [s6:a2]          START web_search(current state and challenges of quantum ) (pos #197)
  [MR] queue waiting 0.12s for capacity (next: s2:a2:agent_turn, pri=0.20)
  365.77s [s2:a2]          START agent_turn(round-1) (pos #198)
  [MR] queue waiting 0.84s for capacity (next: s6:a0:web_search, pri=0.20)
  366.14s [s3:a3]          END   agent_turn(round-1) (1.01s)
  366.62s [s6:a0]          START web_search(Capabilities of recent quantum error cor) (pos #199)
  [MR] queue waiting 0.10s for capacity (next: s3:a1:web_search, pri=0.20)
  366.72s [s3:a1]          START web_search(CRISPR-Cas9 vs base editing in gene ther) (pos #200)
  [MR] queue waiting 0.10s for capacity (next: s4:a3:web_search, pri=0.20)
  366.82s [s4:a3]          START web_search(Environmental impacts of deep-sea mining) (pos #202)
  [MR] queue waiting 0.83s for capacity (next: s3:a4:web_search, pri=0.20)
  367.01s [s13:a0]         END   web_search(CRISPR-Cas9 gene editing mechanisms and ) (3.60s)
  367.21s [s13:a2]         END   web_search(current applications of CRISPR-Cas9 in t) (2.52s)
  367.21s [s2:a4]          END   web_search(benefits of nuclear fusion) (2.09s)
  367.22s [s13:a4]         END   web_search(ethical, safety, and regulatory consider) (2.20s)
  367.51s [s3:a0]          END   web_search(Molecular mechanisms of base editing tec) (2.39s)
  367.66s [s3:a4]          START web_search(future prospects for CRISPR-Cas9 and bas) (pos #203)
  [MR] queue waiting 0.10s for capacity (next: s4:a0:web_search, pri=0.20)
  367.70s [s2:a1]          END   web_search(Confinement issues in nuclear fusion) (2.58s)
  367.76s [s4:a0]          START web_search(impact of deep-sea mining on marine ecos) (pos #204)
  [MR] queue waiting 0.25s for capacity (next: s6:a3:web_search, pri=0.20)
  367.83s [s14:a3]         END   web_search(impact of new materials and hardware imp) (4.95s)
  367.83s [s2:a0]          END   web_search(experimental designs in nuclear fusion r) (2.71s)
  367.91s [s2:a3]          END   web_search(scientific and engineering challenges of) (2.79s)
  367.94s [s13:a3]         END   web_search(delivery methods of CRISPR-Cas9) (3.03s)
  368.01s [s6:a3]          START web_search(developments in robust quantum systems) (pos #205)
  [MR] queue waiting 0.10s for capacity (next: s3:a2:web_search, pri=0.20)
  368.04s [s2:a2]          END   agent_turn(round-1) (2.26s)
  368.11s [s2:a4]          START web_search(comparison of nuclear fusion, nuclear fi) (pos #258)
  [MR] queue waiting 51.90s for capacity (next: s2:a1:web_search, pri=0.25)
  368.23s [s6:a0]          END   web_search(Capabilities of recent quantum error cor) (1.61s)
  368.89s [s13:a1]         END   web_search(Comparison of efficiency, accuracy, and ) (4.88s)
  368.92s [s6:a2]          END   web_search(current state and challenges of quantum ) (3.28s)
  369.44s [s4:a3]          END   web_search(Environmental impacts of deep-sea mining) (2.62s)
  369.95s [s3:a4]          END   web_search(future prospects for CRISPR-Cas9 and bas) (2.29s)
  370.36s [s6:a3]          END   web_search(developments in robust quantum systems) (2.35s)
  370.93s [s3:a1]          END   web_search(CRISPR-Cas9 vs base editing in gene ther) (4.21s)
  370.93s [s2:a4]          END   web_search(comparison of nuclear fusion, nuclear fi) (2.82s)
  371.38s [s4:a0]          END   web_search(impact of deep-sea mining on marine ecos) (3.63s)
  374.14s [s1:orch]        END   finalize (14.13s)
  [session=1] done in 370.1s (arrived at 4.0s)
  420.02s [s2:a1]          START web_search(Energy output limitations in nuclear fus) (pos #261)
  [MR] queue waiting 1.40s for capacity (next: s2:a0:agent_turn, pri=0.25)
  421.42s [s2:a0]          START agent_turn(round-1) (pos #263)
  421.42s [s2:a3]          START web_search(financial barriers to nuclear fusion ene) (pos #264)
  421.42s [s2:a4]          START agent_turn(round-1) (pos #273)
  421.42s [s3:a2]          START web_search(off-target effects and safety concerns o) (pos #206)
  421.42s [s4:a2]          START web_search(impact of deep-sea mining on ocean chemi) (pos #207)
  [MR] queue waiting 1.25s for capacity (next: s6:a4:web_search, pri=0.20)
  422.67s [s6:a4]          START web_search(latest research on quantum error correct) (pos #208)
  [MR] queue waiting 0.10s for capacity (next: s6:a1:web_search, pri=0.20)
  422.75s [s2:a1]          END   web_search(Energy output limitations in nuclear fus) (2.73s)
  422.78s [s2:a1]          START agent_turn(round-1) (pos #275)
  [MR] queue waiting 0.10s for capacity (next: s6:a1:web_search, pri=0.20)
  422.88s [s6:a1]          START web_search(recent developments in quantum error cor) (pos #209)
  [MR] queue waiting 0.13s for capacity (next: s4:a4:web_search, pri=0.20)
  423.01s [s4:a4]          START web_search(environmental impacts of deep-sea mining) (pos #210)
  [MR] queue waiting 0.40s for capacity (next: s4:a1:web_search, pri=0.20)
  423.41s [s4:a1]          START web_search(research studies on deep-sea mining and ) (pos #211)
  [MR] queue waiting 0.60s for capacity (next: s7:a1:web_search, pri=0.20)
  423.49s [s2:a4]          END   agent_turn(round-1) (2.07s)
  423.52s [s4:a2]          END   web_search(impact of deep-sea mining on ocean chemi) (2.10s)
  423.87s [s2:a3]          END   web_search(financial barriers to nuclear fusion ene) (2.45s)
  424.00s [s3:a2]          END   web_search(off-target effects and safety concerns o) (2.58s)
  424.01s [s2:a3]          START agent_turn(round-1) (pos #277)
  [MR] queue waiting 0.68s for capacity (next: s7:a1:web_search, pri=0.20)
  424.19s [s2:a0]          END   agent_turn(round-1) (2.78s)
  424.69s [s7:a1]          START web_search(current state of nuclear fusion research) (pos #212)
  [MR] queue waiting 0.23s for capacity (next: s7:a0:web_search, pri=0.20)
  424.92s [s7:a0]          START web_search(Technological developments in nuclear fu) (pos #213)
  [MR] queue waiting 0.10s for capacity (next: s5:a0:web_search, pri=0.20)
  425.02s [s5:a0]          START web_search(recent developments in plasma containmen) (pos #214)
  [MR] queue waiting 0.10s for capacity (next: s7:a2:web_search, pri=0.20)
  425.12s [s7:a2]          START web_search(Latest advancements and challenges in nu) (pos #215)
  425.12s [s7:a3]          START web_search(comparison of magnetic confinement fusio) (pos #219)
  425.12s [s5:a2]          START web_search(engineering challenges in nuclear fusion) (pos #220)
  425.12s [s8:a1]          START web_search(how does deep-sea mining affect ocean ch) (pos #221)
  425.12s [s8:a0]          START web_search(environmental impacts of deep-sea mining) (pos #222)
  425.12s [s5:a3]          START web_search(Investments in nuclear fusion energy pro) (pos #223)
  [MR] queue waiting 0.52s for capacity (next: s5:a1:web_search, pri=0.20)
  425.59s [s2:a1]          END   agent_turn(round-1) (2.81s)
  425.59s [s6:a4]          END   web_search(latest research on quantum error correct) (2.91s)
  425.61s [s6:a1]          END   web_search(recent developments in quantum error cor) (2.73s)
  425.65s [s5:a1]          START web_search(Current status and performance of nuclea) (pos #224)
  [MR] queue waiting 0.12s for capacity (next: s7:a4:web_search, pri=0.20)
  425.78s [s7:a4]          START web_search(Environmental impacts of nuclear fusion ) (pos #225)
  [MR] queue waiting 0.84s for capacity (next: s5:a4:web_search, pri=0.20)
  425.83s [s2:a3]          END   agent_turn(round-1) (1.82s)
  425.99s [s4:a1]          END   web_search(research studies on deep-sea mining and ) (2.58s)
  426.53s [s4:a4]          END   web_search(environmental impacts of deep-sea mining) (3.52s)
  426.62s [s2:orch]        START synthesis (pos #281)
  [MR] queue waiting 0.10s for capacity (next: s5:a4:web_search, pri=0.20)
  426.72s [s5:a4]          START web_search(Economic considerations of nuclear fusio) (pos #226)
  [MR] queue waiting 0.10s for capacity (next: s9:a1:web_search, pri=0.20)
  426.83s [s9:a1]          START web_search(applications of large language models in) (pos #227)
  [MR] queue waiting 0.83s for capacity (next: s8:a3:web_search, pri=0.20)
  426.89s [s7:a2]          END   web_search(Latest advancements and challenges in nu) (1.77s)
  426.95s [s5:a2]          END   web_search(engineering challenges in nuclear fusion) (1.82s)
  426.98s [s5:a3]          END   web_search(Investments in nuclear fusion energy pro) (1.85s)
  427.51s [s7:a0]          END   web_search(Technological developments in nuclear fu) (2.59s)
  427.66s [s8:a3]          START web_search(Effects of deep-sea mining activities on) (pos #228)
  [MR] queue waiting 0.10s for capacity (next: s9:a0:web_search, pri=0.20)
  427.75s [s5:a0]          END   web_search(recent developments in plasma containmen) (2.73s)
  427.76s [s9:a0]          START web_search(use of large language models in identify) (pos #229)
  [MR] queue waiting 0.25s for capacity (next: s9:a2:web_search, pri=0.20)
  427.77s [s7:a1]          END   web_search(current state of nuclear fusion research) (3.08s)
  427.96s [s8:a1]          END   web_search(how does deep-sea mining affect ocean ch) (2.83s)
  428.01s [s9:a2]          START web_search(large language models in drug discovery ) (pos #230)
  [MR] queue waiting 0.10s for capacity (next: s8:a4:web_search, pri=0.20)
  428.11s [s8:a4]          START web_search(environmental mitigation strategies for ) (pos #231)
  [MR] queue waiting 51.90s for capacity (next: s8:a2:web_search, pri=0.20)
  428.23s [s7:a4]          END   web_search(Environmental impacts of nuclear fusion ) (2.45s)
  428.27s [s8:a0]          END   web_search(environmental impacts of deep-sea mining) (3.15s)
  428.58s [s7:a3]          END   web_search(comparison of magnetic confinement fusio) (3.46s)
  428.88s [s9:a1]          END   web_search(applications of large language models in) (2.06s)
  429.11s [s5:a1]          END   web_search(Current status and performance of nuclea) (3.46s)
  429.22s [s5:a4]          END   web_search(Economic considerations of nuclear fusio) (2.50s)
  429.81s [s9:a0]          END   web_search(use of large language models in identify) (2.05s)
  429.87s [s8:a3]          END   web_search(Effects of deep-sea mining activities on) (2.21s)
  429.88s [s9:a2]          END   web_search(large language models in drug discovery ) (1.87s)
  430.43s [s8:a4]          END   web_search(environmental mitigation strategies for ) (2.32s)
  433.50s [s2:orch]        END   synthesis (6.88s)
  480.02s [s2:r0]          START review_citations (pos #301)
  [MR] queue waiting 1.40s for capacity (next: s2:r1:review_style, pri=0.33)
  481.42s [s2:r1]          START review_style (pos #302)
  481.42s [s2:r2]          START review_facts (pos #303)
  481.42s [s8:a2]          START web_search(Research studies on deep-sea mining effe) (pos #232)
  481.42s [s9:a4]          START web_search(challenges and considerations of AI in d) (pos #233)
  481.42s [s10:a0]         START web_search(Types of ecosystems affected by deep-sea) (pos #234)
  [MR] queue waiting 1.25s for capacity (next: s10:a1:web_search, pri=0.20)
  482.68s [s10:a1]         START web_search(Genetic diversity effects of deep-sea mi) (pos #235)
  [MR] queue waiting 0.10s for capacity (next: s10:a3:web_search, pri=0.20)
  482.78s [s10:a3]         START web_search(Environmental effects of deep-sea mining) (pos #236)
  [MR] queue waiting 0.10s for capacity (next: s12:a0:web_search, pri=0.20)
  482.88s [s12:a0]         START web_search(Recent advancements in quantum error cor) (pos #237)
  [MR] queue waiting 0.13s for capacity (next: s10:a2:web_search, pri=0.20)
  483.01s [s10:a2]         START web_search(impact of deep-sea mining on marine chem) (pos #238)
  [MR] queue waiting 0.40s for capacity (next: s10:a4:web_search, pri=0.20)
  483.36s [s9:a4]          END   web_search(challenges and considerations of AI in d) (1.94s)
  483.41s [s10:a4]         START web_search(environmental impacts of deep-sea mining) (pos #239)
  [MR] queue waiting 0.60s for capacity (next: s12:a4:web_search, pri=0.20)
  484.01s [s12:a4]         START web_search(Potential solutions for quantum error co) (pos #240)
  [MR] queue waiting 0.68s for capacity (next: s12:a3:web_search, pri=0.20)
  484.09s [s10:a0]         END   web_search(Types of ecosystems affected by deep-sea) (2.66s)
  484.18s [s8:a2]          END   web_search(Research studies on deep-sea mining effe) (2.76s)
  484.69s [s12:a3]         START web_search(quantum error correction development and) (pos #241)
  [MR] queue waiting 0.23s for capacity (next: s9:a3:web_search, pri=0.20)
  484.84s [s12:a0]         END   web_search(Recent advancements in quantum error cor) (1.96s)
  484.92s [s9:a3]          START web_search(advances in using large language models ) (pos #242)
  [MR] queue waiting 0.10s for capacity (next: s12:a1:web_search, pri=0.20)
  485.00s [s10:a1]         END   web_search(Genetic diversity effects of deep-sea mi) (2.33s)
  485.02s [s12:a1]         START web_search(comparison of quantum error correction c) (pos #243)
  [MR] queue waiting 0.10s for capacity (next: s11:a0:web_search, pri=0.20)
  485.12s [s11:a0]         START web_search(Mechanisms of action for base editing) (pos #245)
  485.12s [s11:a1]         START web_search(Comparison of gene editing techniques in) (pos #246)
  485.12s [s11:a4]         START web_search(safety considerations of gene editing in) (pos #247)
  485.12s [s14:a0]         START web_search(Capabilities of latest quantum error cor) (pos #248)
  485.12s [s12:a2]         START web_search(recent advances in quantum error correct) (pos #249)
  485.12s [s11:a3]         START agent_turn(round-1) (pos #250)
  [MR] queue waiting 0.52s for capacity (next: s11:a2:web_search, pri=0.20)
  485.46s [s10:a3]         END   web_search(Environmental effects of deep-sea mining) (2.68s)
  485.65s [s11:a2]         START web_search(Comparison of delivery techniques for CR) (pos #251)
  [MR] queue waiting 0.12s for capacity (next: s14:a2:web_search, pri=0.20)
  485.78s [s14:a2]         START web_search(Limitations of current quantum error cor) (pos #252)
  [MR] queue waiting 0.84s for capacity (next: s14:a4:web_search, pri=0.20)
  486.62s [s14:a4]         START web_search(Recent advancements in quantum informati) (pos #253)
  [MR] queue waiting 0.10s for capacity (next: s14:a1:web_search, pri=0.20)
  486.72s [s14:a1]         START web_search(Progress in quantum error correction imp) (pos #254)
  [MR] queue waiting 0.10s for capacity (next: s3:a3:web_search, pri=0.20)
  486.83s [s3:a3]          START web_search(applications of genetic testing techniqu) (pos #255)
  [MR] queue waiting 0.83s for capacity (next: s13:a0:web_search, pri=0.20)
  486.83s [s12:a4]         END   web_search(Potential solutions for quantum error co) (2.82s)
  487.11s [s12:a1]         END   web_search(comparison of quantum error correction c) (2.09s)
  487.12s [s14:a0]         END   web_search(Capabilities of latest quantum error cor) (1.99s)
  487.46s [s11:a3]         END   agent_turn(round-1) (2.34s)
  487.46s [s11:a4]         END   web_search(safety considerations of gene editing in) (2.34s)
  487.56s [s9:a3]          END   web_search(advances in using large language models ) (2.64s)
  487.56s [s2:r1]          END   review_style (6.14s)
  487.66s [s11:a4]         START web_search(regulatory framework for gene editing th) (pos #313)
  [MR] queue waiting 0.10s for capacity (next: s13:a0:web_search, pri=0.20)
  487.76s [s13:a0]         START web_search(Base editing mechanisms and how they dif) (pos #256)
  [MR] queue waiting 0.25s for capacity (next: s13:a2:web_search, pri=0.20)
  487.98s [s12:a3]         END   web_search(quantum error correction development and) (3.29s)
  488.01s [s13:a2]         START web_search(limitations of CRISPR-Cas9 in treating g) (pos #257)
  [MR] queue waiting 0.10s for capacity (next: s13:a4:web_search, pri=0.20)
  488.08s [s12:a2]         END   web_search(recent advances in quantum error correct) (2.96s)
  488.08s [s14:a2]         END   web_search(Limitations of current quantum error cor) (2.31s)
  488.11s [s13:a4]         START web_search(ethical, safety, and regulatory consider) (pos #259)
  [MR] queue waiting 51.91s for capacity (next: s3:a0:agent_turn, pri=0.20)
  488.27s [s11:a2]         END   web_search(Comparison of delivery techniques for CR) (2.62s)
  488.61s [s11:a1]         END   web_search(Comparison of gene editing techniques in) (3.48s)
  488.62s [s14:a4]         END   web_search(Recent advancements in quantum informati) (2.00s)
  488.84s [s11:a0]         END   web_search(Mechanisms of action for base editing) (3.71s)
  489.37s [s14:a1]         END   web_search(Progress in quantum error correction imp) (2.64s)
  489.55s [s13:a2]         END   web_search(limitations of CRISPR-Cas9 in treating g) (1.54s)
  489.66s [s2:r2]          END   review_facts (8.24s)
  490.18s [s10:a4]         END   web_search(environmental impacts of deep-sea mining) (6.77s)
  490.74s [s13:a0]         END   web_search(Base editing mechanisms and how they dif) (2.98s)
  491.22s [s11:a4]         END   web_search(regulatory framework for gene editing th) (3.56s)
  491.32s [s13:a4]         END   web_search(ethical, safety, and regulatory consider) (3.21s)
  491.66s [s10:a2]         END   web_search(impact of deep-sea mining on marine chem) (8.65s)
  491.66s [s3:a3]          END   web_search(applications of genetic testing techniqu) (4.83s)
  494.74s [s2:r0]          END   review_citations (14.72s)
  540.02s [s2:orch]        START finalize (pos #330)
  [MR] queue waiting 1.40s for capacity (next: s11:a2:agent_turn, pri=0.25)
  541.42s [s11:a2]         START agent_turn(round-1) (pos #318)
  541.42s [s11:a1]         START agent_turn(round-1) (pos #319)
  541.42s [s11:a0]         START agent_turn(round-1) (pos #321)
  541.42s [s11:a4]         START agent_turn(round-1) (pos #326)
  541.42s [s3:a0]          START agent_turn(round-1) (pos #260)
  [MR] queue waiting 1.25s for capacity (next: s14:a3:web_search, pri=0.20)
  542.68s [s14:a3]         START web_search(quantum error correction techniques hard) (pos #262)
  [MR] queue waiting 0.10s for capacity (next: s13:a3:web_search, pri=0.20)
  542.73s [s11:a2]         END   agent_turn(round-1) (1.31s)
  542.78s [s13:a3]         START web_search(delivery methods of base editing) (pos #265)
  [MR] queue waiting 0.10s for capacity (next: s6:a0:agent_turn, pri=0.20)
  542.88s [s6:a0]          START agent_turn(round-1) (pos #266)
  [MR] queue waiting 0.13s for capacity (next: s13:a1:web_search, pri=0.20)
  543.01s [s13:a1]         START web_search(CRISPR-Cas9 vs base editing in gene ther) (pos #267)
  [MR] queue waiting 0.40s for capacity (next: s6:a2:agent_turn, pri=0.20)
  543.37s [s3:a0]          END   agent_turn(round-1) (1.95s)
  543.42s [s3:a4]          START agent_turn(round-1) (pos #270)
  [MR] queue waiting 0.60s for capacity (next: s3:a1:agent_turn, pri=0.25)
  543.77s [s11:a1]         END   agent_turn(round-1) (2.34s)
  543.95s [s11:a4]         END   agent_turn(round-1) (2.53s)
  544.01s [s3:a1]          START agent_turn(round-1) (pos #272)
  [MR] queue waiting 0.68s for capacity (next: s3:a2:web_search, pri=0.25)
  544.18s [s11:a0]         END   agent_turn(round-1) (2.76s)
  544.69s [s11:orch]       START synthesis (pos #331)
  [MR] queue waiting 0.23s for capacity (next: s3:a2:web_search, pri=0.25)
  544.73s [s13:a3]         END   web_search(delivery methods of base editing) (1.94s)
  544.89s [s6:a0]          END   agent_turn(round-1) (2.01s)
  544.92s [s6:a2]          START agent_turn(round-1) (pos #268)
  [MR] queue waiting 0.10s for capacity (next: s6:a3:agent_turn, pri=0.25)
  544.95s [s3:a4]          END   agent_turn(round-1) (1.53s)
  545.02s [s3:a2]          START web_search(off-target effects and safety concerns o) (pos #278)
  [MR] queue waiting 0.10s for capacity (next: s3:a3:web_search, pri=0.33)
  545.13s [s3:a3]          START web_search(use of next-generation sequencing in gen) (pos #329)
  545.13s [s6:a3]          START agent_turn(round-1) (pos #271)
  545.13s [s6:a4]          START agent_turn(round-1) (pos #279)
  545.13s [s6:a1]          START agent_turn(round-1) (pos #280)
  545.13s [s4:a3]          START agent_turn(round-1) (pos #269)
  545.13s [s4:a0]          START agent_turn(round-1) (pos #274)
  [MR] queue waiting 0.52s for capacity (next: s4:a2:agent_turn, pri=0.20)
  545.43s [s14:a3]         END   web_search(quantum error correction techniques hard) (2.76s)
  545.65s [s4:a2]          START agent_turn(round-1) (pos #276)
  [MR] queue waiting 0.12s for capacity (next: s4:a1:agent_turn, pri=0.20)
  545.76s [s13:a1]         END   web_search(CRISPR-Cas9 vs base editing in gene ther) (2.74s)
  545.78s [s4:a1]          START agent_turn(round-1) (pos #282)
  [MR] queue waiting 0.84s for capacity (next: s4:a4:agent_turn, pri=0.20)
  546.03s [s3:a1]          END   agent_turn(round-1) (2.02s)
  546.54s [s4:a3]          END   agent_turn(round-1) (1.41s)
  546.62s [s4:a4]          START agent_turn(round-1) (pos #283)
  [MR] queue waiting 0.10s for capacity (next: s7:a2:agent_turn, pri=0.20)
  546.72s [s7:a2]          START agent_turn(round-1) (pos #284)
  [MR] queue waiting 0.10s for capacity (next: s5:a2:agent_turn, pri=0.20)
  546.83s [s5:a2]          START agent_turn(round-1) (pos #285)
  [MR] queue waiting 0.83s for capacity (next: s5:a3:agent_turn, pri=0.20)
  546.87s [s6:a2]          END   agent_turn(round-1) (1.95s)
  546.89s [s6:a4]          END   agent_turn(round-1) (1.76s)
  546.99s [s4:a2]          END   agent_turn(round-1) (1.34s)
  547.03s [s4:a0]          END   agent_turn(round-1) (1.90s)
  547.17s [s6:a3]          END   agent_turn(round-1) (2.04s)
  547.57s [s3:a3]          END   web_search(use of next-generation sequencing in gen) (2.45s)
  547.57s [s4:a1]          END   agent_turn(round-1) (1.80s)
  547.66s [s3:a3]          START web_search(role of prenatal testing in genetic diso) (pos #335)
  [MR] queue waiting 0.10s for capacity (next: s5:a3:agent_turn, pri=0.20)
  547.76s [s5:a3]          START agent_turn(round-1) (pos #286)
  [MR] queue waiting 0.25s for capacity (next: s7:a0:agent_turn, pri=0.20)
  548.01s [s7:a0]          START agent_turn(round-1) (pos #287)
  [MR] queue waiting 0.10s for capacity (next: s5:a0:agent_turn, pri=0.20)
  548.10s [s3:a2]          END   web_search(off-target effects and safety concerns o) (3.08s)
  548.11s [s6:a1]          END   agent_turn(round-1) (2.98s)
  548.11s [s6:orch]        START synthesis (pos #337)
  [MR] queue waiting 51.91s for capacity (next: s3:a2:agent_turn, pri=0.50)
  548.70s [s5:a2]          END   agent_turn(round-1) (1.87s)
  548.70s [s4:a4]          END   agent_turn(round-1) (2.08s)
  549.35s [s7:a2]          END   agent_turn(round-1) (2.63s)
  549.60s [s5:a3]          END   agent_turn(round-1) (1.84s)
  549.80s [s11:orch]       END   synthesis (5.11s)
  550.64s [s2:orch]        END   finalize (10.62s)
  [session=2] done in 542.6s (arrived at 8.0s)
  551.69s [s7:a0]          END   agent_turn(round-1) (3.67s)
  551.91s [s3:a3]          END   web_search(role of prenatal testing in genetic diso) (4.25s)
  554.27s [s6:orch]        END   synthesis (6.16s)
  600.02s [s4:orch]        START synthesis (pos #338)
  [MR] queue waiting 1.40s for capacity (next: s3:a2:agent_turn, pri=0.50)
  601.42s [s3:a2]          START agent_turn(round-1) (pos #336)
  601.42s [s3:a3]          START web_search(gene therapy for genetic disorders) (pos #342)
  601.42s [s5:a0]          START agent_turn(round-1) (pos #288)
  601.42s [s7:a1]          START agent_turn(round-1) (pos #289)
  601.42s [s7:a4]          START web_search(Geopolitical impacts of nuclear fusion e) (pos #291)
  [MR] queue waiting 1.25s for capacity (next: s7:a3:agent_turn, pri=0.33)
  602.68s [s7:a3]          START agent_turn(round-1) (pos #293)
  [MR] queue waiting 0.10s for capacity (next: s5:a1:agent_turn, pri=0.33)
  602.78s [s5:a1]          START agent_turn(round-1) (pos #295)
  [MR] queue waiting 0.10s for capacity (next: s5:a4:agent_turn, pri=0.33)
  602.88s [s5:a4]          START agent_turn(round-1) (pos #296)
  [MR] queue waiting 0.13s for capacity (next: s11:r0:review_citations, pri=0.33)
  603.01s [s11:r0]         START review_citations (pos #339)
  [MR] queue waiting 0.40s for capacity (next: s11:r1:review_style, pri=0.33)
  603.18s [s7:a4]          END   web_search(Geopolitical impacts of nuclear fusion e) (1.75s)
  603.42s [s11:r1]         START review_style (pos #340)
  [MR] queue waiting 0.60s for capacity (next: s11:r2:review_facts, pri=0.33)
  603.54s [s5:a0]          END   agent_turn(round-1) (2.12s)
  603.79s [s7:a1]          END   agent_turn(round-1) (2.37s)
  604.02s [s7:a4]          START agent_turn(round-1) (pos #346)
  [MR] queue waiting 0.68s for capacity (next: s11:r2:review_facts, pri=0.33)
  604.05s [s3:a3]          END   web_search(gene therapy for genetic disorders) (2.63s)
  604.69s [s3:a3]          START agent_turn(round-2) (pos #347)
  [MR] queue waiting 0.23s for capacity (next: s11:r2:review_facts, pri=0.33)
  604.92s [s11:r2]         START review_facts (pos #341)
  [MR] queue waiting 0.10s for capacity (next: s6:r0:review_citations, pri=0.33)
  605.02s [s6:r0]          START review_citations (pos #343)
  [MR] queue waiting 0.10s for capacity (next: s6:r1:review_style, pri=0.33)
  605.04s [s3:a2]          END   agent_turn(round-1) (3.62s)
  605.13s [s6:r1]          START review_style (pos #344)
  605.13s [s6:r2]          START review_facts (pos #345)
  605.13s [s8:a1]          START agent_turn(round-1) (pos #290)
  605.13s [s8:a0]          START agent_turn(round-1) (pos #292)
  605.13s [s9:a1]          START agent_turn(round-1) (pos #294)
  605.13s [s9:a0]          START agent_turn(round-1) (pos #297)
  [MR] queue waiting 0.52s for capacity (next: s8:a3:agent_turn, pri=0.20)
  605.17s [s5:a4]          END   agent_turn(round-1) (2.29s)
  605.35s [s7:a3]          END   agent_turn(round-1) (2.68s)
  605.65s [s8:a3]          START agent_turn(round-1) (pos #298)
  [MR] queue waiting 0.12s for capacity (next: s9:a2:agent_turn, pri=0.20)
  605.76s [s4:orch]        END   synthesis (5.74s)
  605.78s [s4:r0]          START review_citations (pos #348)
  [MR] queue waiting 0.84s for capacity (next: s4:r1:review_style, pri=0.33)
  606.25s [s5:a1]          END   agent_turn(round-1) (3.46s)
  606.62s [s5:orch]        START synthesis (pos #351)
  [MR] queue waiting 0.10s for capacity (next: s4:r1:review_style, pri=0.33)
  606.64s [s7:a4]          END   agent_turn(round-1) (2.62s)
  606.73s [s7:orch]        START synthesis (pos #352)
  [MR] queue waiting 0.10s for capacity (next: s4:r1:review_style, pri=0.33)
  606.83s [s4:r1]          START review_style (pos #349)
  [MR] queue waiting 0.83s for capacity (next: s4:r2:review_facts, pri=0.33)
  607.66s [s4:r2]          START review_facts (pos #350)
  [MR] queue waiting 0.10s for capacity (next: s9:a2:agent_turn, pri=0.20)
  607.76s [s9:a2]          START agent_turn(round-1) (pos #299)
  [MR] queue waiting 0.25s for capacity (next: s8:a4:agent_turn, pri=0.20)
  607.87s [s8:a1]          END   agent_turn(round-1) (2.74s)
  607.96s [s3:a3]          END   agent_turn(round-2) (3.27s)
  608.01s [s3:orch]        START synthesis (pos #353)
  [MR] queue waiting 0.10s for capacity (next: s8:a4:agent_turn, pri=0.25)
  608.11s [s8:a4]          START agent_turn(round-1) (pos #300)
  [MR] queue waiting 51.91s for capacity (next: s8:a2:agent_turn, pri=0.25)
  608.14s [s9:a0]          END   agent_turn(round-1) (3.01s)
  609.01s [s9:a1]          END   agent_turn(round-1) (3.88s)
  609.30s [s8:a0]          END   agent_turn(round-1) (4.17s)
  609.57s [s8:a3]          END   agent_turn(round-1) (3.91s)
  610.49s [s11:r1]         END   review_style (7.07s)
  611.47s [s9:a2]          END   agent_turn(round-1) (3.70s)
  611.49s [s8:a4]          END   agent_turn(round-1) (3.38s)
  612.80s [s5:orch]        END   synthesis (6.18s)
  613.11s [s6:r1]          END   review_style (7.98s)
  613.53s [s7:orch]        END   synthesis (6.80s)
  613.58s [s11:r2]         END   review_facts (8.66s)
  614.11s [s4:r1]          END   review_style (7.28s)
  614.26s [s11:r0]         END   review_citations (11.25s)
  615.70s [s6:r2]          END   review_facts (10.57s)
  615.86s [s3:orch]        END   synthesis (7.85s)
  616.12s [s4:r0]          END   review_citations (10.34s)
  616.25s [s6:r0]          END   review_citations (11.22s)
  618.85s [s4:r2]          END   review_facts (11.19s)
  660.02s [s8:a2]          START agent_turn(round-1) (pos #306)
  [MR] queue waiting 1.40s for capacity (next: s11:orch:finalize, pri=1.00)
  661.42s [s11:orch]       START finalize (pos #360)
  661.43s [s6:orch]        START finalize (pos #364)
  661.43s [s4:orch]        START finalize (pos #365)
  661.43s [s9:a4]          START agent_turn(round-1) (pos #304)
  661.43s [s9:a3]          START agent_turn(round-1) (pos #314)
  [MR] queue waiting 1.25s for capacity (next: s5:r0:review_citations, pri=0.33)
  661.86s [s8:a2]          END   agent_turn(round-1) (1.83s)
  662.68s [s8:orch]        START synthesis (pos #366)
  [MR] queue waiting 0.10s for capacity (next: s5:r0:review_citations, pri=0.33)
  662.78s [s5:r0]          START review_citations (pos #354)
  [MR] queue waiting 0.10s for capacity (next: s5:r1:review_style, pri=0.33)
  662.88s [s5:r1]          START review_style (pos #355)
  [MR] queue waiting 0.13s for capacity (next: s5:r2:review_facts, pri=0.33)
  663.02s [s5:r2]          START review_facts (pos #356)
  [MR] queue waiting 0.40s for capacity (next: s7:r0:review_citations, pri=0.33)
  663.42s [s7:r0]          START review_citations (pos #357)
  [MR] queue waiting 0.60s for capacity (next: s7:r1:review_style, pri=0.33)
  663.44s [s9:a3]          END   agent_turn(round-1) (2.02s)
  664.00s [s9:a4]          END   agent_turn(round-1) (2.57s)
  664.02s [s9:orch]        START synthesis (pos #367)
  [MR] queue waiting 0.68s for capacity (next: s7:r1:review_style, pri=0.33)
  664.69s [s7:r1]          START review_style (pos #358)
  [MR] queue waiting 0.22s for capacity (next: s7:r2:review_facts, pri=0.33)
  664.92s [s7:r2]          START review_facts (pos #359)
  [MR] queue waiting 0.10s for capacity (next: s3:r0:review_citations, pri=0.33)
  665.02s [s3:r0]          START review_citations (pos #361)
  [MR] queue waiting 0.10s for capacity (next: s3:r1:review_style, pri=0.33)
  665.13s [s3:r1]          START review_style (pos #362)
  665.13s [s3:r2]          START review_facts (pos #363)
  665.13s [s10:a0]         START agent_turn(round-1) (pos #305)
  665.13s [s12:a0]         START agent_turn(round-1) (pos #307)
  665.13s [s10:a1]         START agent_turn(round-1) (pos #308)
  665.13s [s10:a3]         START agent_turn(round-1) (pos #309)
  [MR] queue waiting 0.53s for capacity (next: s12:a4:agent_turn, pri=0.20)
  665.65s [s12:a4]         START agent_turn(round-1) (pos #310)
  [MR] queue waiting 0.12s for capacity (next: s12:a1:agent_turn, pri=0.20)
  665.78s [s12:a1]         START agent_turn(round-1) (pos #311)
  [MR] queue waiting 0.84s for capacity (next: s14:a0:agent_turn, pri=0.20)
  666.62s [s14:a0]         START agent_turn(round-1) (pos #312)
  [MR] queue waiting 0.10s for capacity (next: s12:a3:agent_turn, pri=0.20)
  666.73s [s12:a3]         START agent_turn(round-1) (pos #315)
  [MR] queue waiting 0.10s for capacity (next: s12:a2:agent_turn, pri=0.20)
  666.78s [s5:r1]          END   review_style (3.90s)
  666.83s [s12:a2]         START agent_turn(round-1) (pos #316)
  [MR] queue waiting 0.83s for capacity (next: s14:a2:agent_turn, pri=0.20)
  666.98s [s10:a1]         END   agent_turn(round-1) (1.85s)
  667.04s [s12:a0]         END   agent_turn(round-1) (1.91s)
  667.04s [s10:a0]         END   agent_turn(round-1) (1.91s)
  667.15s [s10:a3]         END   agent_turn(round-1) (2.02s)
  667.32s [s12:a1]         END   agent_turn(round-1) (1.54s)
  667.66s [s10:a4]         START agent_turn(round-1) (pos #324)
  [MR] queue waiting 0.10s for capacity (next: s10:a2:agent_turn, pri=0.50)
  667.76s [s10:a2]         START agent_turn(round-1) (pos #328)
  [MR] queue waiting 0.25s for capacity (next: s14:a2:agent_turn, pri=0.20)
  667.96s [s12:a4]         END   agent_turn(round-1) (2.31s)
  668.00s [s3:r1]          END   review_style (2.87s)
  668.01s [s14:a2]         START agent_turn(round-1) (pos #317)
  [MR] queue waiting 0.10s for capacity (next: s14:a4:agent_turn, pri=0.20)
  668.12s [s14:a4]         START agent_turn(round-1) (pos #320)
  [MR] queue waiting 51.91s for capacity (next: s14:a1:agent_turn, pri=0.20)
  668.50s [s12:a3]         END   agent_turn(round-1) (1.78s)
  668.51s [s14:a0]         END   agent_turn(round-1) (1.88s)
  669.12s [s8:orch]        END   synthesis (6.45s)
  669.12s [s12:a2]         END   agent_turn(round-1) (2.29s)
  669.53s [s10:a4]         END   agent_turn(round-1) (1.87s)
  669.53s [s11:orch]       END   finalize (8.11s)
  [session=11] done in 625.5s (arrived at 44.0s)
  669.53s [s10:a2]         END   agent_turn(round-1) (1.77s)
  670.04s [s14:a2]         END   agent_turn(round-1) (2.03s)
  670.07s [s9:orch]        END   synthesis (6.05s)
  670.15s [s14:a4]         END   agent_turn(round-1) (2.03s)
  671.39s [s7:r1]          END   review_style (6.70s)
  671.69s [s5:r2]          END   review_facts (8.67s)
  672.05s [s7:r0]          END   review_citations (8.63s)
  672.05s [s3:r2]          END   review_facts (6.92s)
  672.65s [s5:r0]          END   review_citations (9.87s)
  673.52s [s7:r2]          END   review_facts (8.60s)
  673.69s [s4:orch]        END   finalize (12.26s)
  [session=4] done in 657.7s (arrived at 16.0s)
  675.67s [s3:r0]          END   review_citations (10.65s)
  678.90s [s6:orch]        END   finalize (17.48s)
  [session=6] done in 654.9s (arrived at 24.0s)
  720.02s [s12:orch]       START synthesis (pos #371)
  [MR] queue waiting 1.40s for capacity (next: s10:orch:synthesis, pri=1.00)
  721.43s [s10:orch]       START synthesis (pos #372)
  721.43s [s5:orch]        START finalize (pos #376)
  721.43s [s7:orch]        START finalize (pos #377)
  721.43s [s3:orch]        START finalize (pos #378)
  721.43s [s14:a1]         START agent_turn(round-1) (pos #322)
  [MR] queue waiting 1.25s for capacity (next: s14:a3:agent_turn, pri=0.50)
  722.68s [s14:a3]         START agent_turn(round-1) (pos #333)
  [MR] queue waiting 0.10s for capacity (next: s8:r0:review_citations, pri=0.33)
  722.79s [s8:r0]          START review_citations (pos #368)
  [MR] queue waiting 0.10s for capacity (next: s8:r1:review_style, pri=0.33)
  722.89s [s8:r1]          START review_style (pos #369)
  [MR] queue waiting 0.13s for capacity (next: s8:r2:review_facts, pri=0.33)
  723.02s [s8:r2]          START review_facts (pos #370)
  [MR] queue waiting 0.40s for capacity (next: s9:r0:review_citations, pri=0.33)
  723.42s [s9:r0]          START review_citations (pos #373)
  [MR] queue waiting 0.60s for capacity (next: s9:r1:review_style, pri=0.33)
  723.85s [s14:a1]         END   agent_turn(round-1) (2.42s)
  724.02s [s9:r1]          START review_style (pos #374)
  [MR] queue waiting 0.68s for capacity (next: s9:r2:review_facts, pri=0.33)
  724.63s [s14:a3]         END   agent_turn(round-1) (1.95s)
  724.70s [s14:orch]       START synthesis (pos #379)
  [MR] queue waiting 0.22s for capacity (next: s9:r2:review_facts, pri=0.33)
  724.92s [s9:r2]          START review_facts (pos #375)
  [MR] queue waiting 0.10s for capacity (next: s13:a2:web_search, pri=0.20)
  725.03s [s13:a2]         START web_search(current applications of base editing in ) (pos #323)
  [MR] queue waiting 0.10s for capacity (next: s13:a0:agent_turn, pri=0.20)
  725.13s [s13:a0]         START agent_turn(round-1) (pos #325)
  725.13s [s13:a4]         START agent_turn(round-1) (pos #327)
  725.13s [s13:a3]         START web_search(cellular responses to CRISPR-Cas9) (pos #332)
  725.13s [s13:a1]         START agent_turn(round-1) (pos #334)
  726.31s [s12:orch]       END   synthesis (6.29s)
  726.31s [s12:r0]         START review_citations (pos #380)
  726.31s [s12:r1]         START review_style (pos #381)
  726.31s [s12:r2]         START review_facts (pos #382)
  726.95s [s10:orch]       END   synthesis (5.52s)
  726.95s [s10:r0]         START review_citations (pos #383)
  726.95s [s10:r1]         START review_style (pos #384)
  726.95s [s10:r2]         START review_facts (pos #385)
  727.28s [s13:a2]         END   web_search(current applications of base editing in ) (2.26s)
  727.28s [s13:a2]         START web_search(limitations of base editing in treating ) (pos #386)
  727.54s [s13:a1]         END   agent_turn(round-1) (2.41s)
  728.11s [s13:a0]         END   agent_turn(round-1) (2.98s)
  728.11s [s13:a4]         END   agent_turn(round-1) (2.98s)
  728.15s [s5:orch]        END   finalize (6.73s)
  [session=5] done in 708.2s (arrived at 20.0s)
  728.62s [s13:a3]         END   web_search(cellular responses to CRISPR-Cas9) (3.49s)
  728.62s [s13:a3]         START web_search(cellular responses to base editing) (pos #387)
  729.51s [s9:r1]          END   review_style (5.50s)
  729.94s [s10:r1]         END   review_style (2.99s)
  730.02s [s14:orch]       END   synthesis (5.33s)
  730.02s [s14:r0]         START review_citations (pos #388)
  730.02s [s14:r1]         START review_style (pos #389)
  730.02s [s14:r2]         START review_facts (pos #390)
  730.33s [s13:a2]         END   web_search(limitations of base editing in treating ) (3.04s)
  [MR] queue waiting 49.70s for capacity (next: s13:a2:agent_turn, pri=0.50)
  730.52s [s12:r1]         END   review_style (4.21s)
  730.97s [s13:a3]         END   web_search(cellular responses to base editing) (2.35s)
  730.98s [s8:r1]          END   review_style (8.10s)
  732.25s [s8:r2]          END   review_facts (9.24s)
  732.54s [s7:orch]        END   finalize (11.12s)
  [session=7] done in 704.5s (arrived at 28.0s)
  732.65s [s8:r0]          END   review_citations (9.87s)
  735.89s [s10:r0]         END   review_citations (8.94s)
  735.94s [s9:r2]          END   review_facts (11.02s)
  736.20s [s12:r2]         END   review_facts (9.89s)
  736.55s [s10:r2]         END   review_facts (9.60s)
  736.55s [s12:r0]         END   review_citations (10.24s)
  736.96s [s9:r0]          END   review_citations (13.54s)
  737.65s [s3:orch]        END   finalize (16.22s)
  [session=3] done in 725.6s (arrived at 12.0s)
  738.07s [s14:r0]         END   review_citations (8.05s)
  739.18s [s14:r2]         END   review_facts (9.16s)
  739.86s [s14:r1]         END   review_style (9.84s)
  780.03s [s8:orch]        START finalize (pos #393)
  [MR] queue waiting 1.40s for capacity (next: s10:orch:finalize, pri=1.00)
  781.43s [s10:orch]       START finalize (pos #394)
  781.43s [s12:orch]       START finalize (pos #395)
  781.43s [s9:orch]        START finalize (pos #396)
  781.43s [s14:orch]       START finalize (pos #397)
  781.43s [s13:a2]         START agent_turn(round-1) (pos #391)
  [MR] queue waiting 1.25s for capacity (next: s13:a3:agent_turn, pri=0.50)
  782.68s [s13:a3]         START agent_turn(round-1) (pos #392)
  783.57s [s13:a2]         END   agent_turn(round-1) (2.14s)
  785.87s [s13:a3]         END   agent_turn(round-1) (3.19s)
  785.87s [s13:orch]       START synthesis (pos #398)
  787.73s [s8:orch]        END   finalize (7.70s)
  [session=8] done in 755.7s (arrived at 32.0s)
  788.22s [s14:orch]       END   finalize (6.79s)
  [session=14] done in 732.2s (arrived at 56.0s)
  789.86s [s9:orch]        END   finalize (8.43s)
  [session=9] done in 753.9s (arrived at 36.0s)
  791.83s [s12:orch]       END   finalize (10.41s)
  [session=12] done in 743.8s (arrived at 48.0s)
  792.46s [s10:orch]       END   finalize (11.03s)
  [session=10] done in 752.5s (arrived at 40.0s)
  792.46s [s13:orch]       END   synthesis (6.59s)
  792.46s [s13:r0]         START review_citations (pos #399)
  792.46s [s13:r1]         START review_style (pos #400)
  792.46s [s13:r2]         START review_facts (pos #401)
  800.81s [s13:r1]         END   review_style (8.34s)
  802.73s [s13:r2]         END   review_facts (10.26s)
  802.81s [s13:r0]         END   review_citations (10.35s)
  802.81s [s13:orch]       START finalize (pos #402)
  814.20s [s13:orch]       END   finalize (11.39s)
  [session=13] done in 762.2s (arrived at 52.0s)

======================================================================
 SUMMARY  (15 ok / 0 failed)
======================================================================
  Session durations:
    count  = 15
    mean   = 645.64s
    median = 708.15s
    p95    = 762.20s
    p99    = 762.20s
    min    = 195.11s
    max    = 762.20s
    stdev  = 162.54s

  Cost:
  Total LLM calls:      402
  Total input tokens:   228,334
  Total output tokens:  160,055
  Total cost:           $0.0869 / $16.67
======================================================================


======================================================================
 TRACE SUMMARY
======================================================================
 Total wall time: 814.20s
 Total LLM calls: 402

 Per agent:
   s0:a0            4 calls, 8.54s LLM
   s0:a1            4 calls, 11.88s LLM
   s0:a2            4 calls, 8.66s LLM
   s0:a3            4 calls, 9.18s LLM
   s0:a4            4 calls, 9.08s LLM
   s0:orch          3 calls, 21.51s LLM
   s0:r0            1 calls, 9.77s LLM
   s0:r1            1 calls, 8.34s LLM
   s0:r2            1 calls, 10.69s LLM
   s10:a0           4 calls, 8.61s LLM
   s10:a1           4 calls, 8.86s LLM
   s10:a2           4 calls, 15.35s LLM
   s10:a3           4 calls, 8.83s LLM
   s10:a4           4 calls, 12.60s LLM
   s10:orch         3 calls, 17.66s LLM
   s10:r0           1 calls, 8.94s LLM
   s10:r1           1 calls, 2.99s LLM
   s10:r2           1 calls, 9.60s LLM
   s11:a0           4 calls, 10.29s LLM
   s11:a1           4 calls, 9.96s LLM
   s11:a2           4 calls, 8.44s LLM
   s11:a3           3 calls, 7.24s LLM
   s11:a4           5 calls, 11.90s LLM
   s11:orch         3 calls, 14.45s LLM
   s11:r0           1 calls, 11.25s LLM
   s11:r1           1 calls, 7.07s LLM
   s11:r2           1 calls, 8.66s LLM
   s12:a0           4 calls, 8.12s LLM
   s12:a1           4 calls, 8.01s LLM
   s12:a2           4 calls, 9.79s LLM
   s12:a3           4 calls, 8.38s LLM
   s12:a4           4 calls, 8.37s LLM
   s12:orch         3 calls, 17.71s LLM
   s12:r0           1 calls, 10.24s LLM
   s12:r1           1 calls, 4.21s LLM
   s12:r2           1 calls, 9.89s LLM
   s13:a0           4 calls, 11.07s LLM
   s13:a1           4 calls, 11.04s LLM
   s13:a2           6 calls, 12.56s LLM
   s13:a3           6 calls, 15.07s LLM
   s13:a4           4 calls, 9.35s LLM
   s13:orch         3 calls, 20.18s LLM
   s13:r0           1 calls, 10.35s LLM
   s13:r1           1 calls, 8.34s LLM
   s13:r2           1 calls, 10.26s LLM
   s14:a0           4 calls, 8.34s LLM
   s14:a1           4 calls, 9.14s LLM
   s14:a2           4 calls, 7.62s LLM
   s14:a3           4 calls, 10.71s LLM
   s14:a4           4 calls, 7.72s LLM
   s14:orch         3 calls, 13.13s LLM
   s14:r0           1 calls, 8.05s LLM
   s14:r1           1 calls, 9.84s LLM
   s14:r2           1 calls, 9.16s LLM
   s1:a0            4 calls, 9.59s LLM
   s1:a1            4 calls, 10.25s LLM
   s1:a2            4 calls, 9.31s LLM
   s1:a3            4 calls, 9.74s LLM
   s1:a4            4 calls, 11.09s LLM
   s1:orch          3 calls, 21.74s LLM
   s1:r0            1 calls, 10.91s LLM
   s1:r1            1 calls, 6.08s LLM
   s1:r2            1 calls, 8.91s LLM
   s2:a0            4 calls, 10.90s LLM
   s2:a1            5 calls, 12.46s LLM
   s2:a2            3 calls, 9.27s LLM
   s2:a3            5 calls, 10.54s LLM
   s2:a4            5 calls, 10.68s LLM
   s2:orch          3 calls, 18.85s LLM
   s2:r0            1 calls, 14.72s LLM
   s2:r1            1 calls, 6.14s LLM
   s2:r2            1 calls, 8.24s LLM
   s3:a0            4 calls, 7.62s LLM
   s3:a1            4 calls, 11.85s LLM
   s3:a2            5 calls, 14.20s LLM
   s3:a3            8 calls, 20.92s LLM
   s3:a4            4 calls, 8.18s LLM
   s3:orch          3 calls, 25.22s LLM
   s3:r0            1 calls, 10.65s LLM
   s3:r1            1 calls, 2.87s LLM
   s3:r2            1 calls, 6.92s LLM
   s4:a0            4 calls, 9.50s LLM
   s4:a1            4 calls, 8.78s LLM
   s4:a2            4 calls, 7.12s LLM
   s4:a3            4 calls, 6.81s LLM
   s4:a4            4 calls, 9.23s LLM
   s4:orch          3 calls, 18.99s LLM
   s4:r0            1 calls, 10.34s LLM
   s4:r1            1 calls, 7.28s LLM
   s4:r2            1 calls, 11.19s LLM
   s5:a0            4 calls, 8.41s LLM
   s5:a1            4 calls, 12.88s LLM
   s5:a2            4 calls, 6.90s LLM
   s5:a3            4 calls, 8.19s LLM
   s5:a4            4 calls, 9.69s LLM
   s5:orch          3 calls, 13.93s LLM
   s5:r0            1 calls, 9.87s LLM
   s5:r1            1 calls, 3.90s LLM
   s5:r2            1 calls, 8.67s LLM
   s6:a0            4 calls, 6.80s LLM
   s6:a1            4 calls, 10.45s LLM
   s6:a2            4 calls, 8.19s LLM
   s6:a3            4 calls, 8.63s LLM
   s6:a4            4 calls, 9.41s LLM
   s6:orch          3 calls, 24.55s LLM
   s6:r0            1 calls, 11.22s LLM
   s6:r1            1 calls, 7.98s LLM
   s6:r2            1 calls, 10.57s LLM
   s7:a0            4 calls, 10.11s LLM
   s7:a1            4 calls, 8.47s LLM
   s7:a2            4 calls, 9.38s LLM
   s7:a3            4 calls, 10.54s LLM
   s7:a4            5 calls, 12.90s LLM
   s7:orch          3 calls, 18.92s LLM
   s7:r0            1 calls, 8.63s LLM
   s7:r1            1 calls, 6.70s LLM
   s7:r2            1 calls, 8.60s LLM
   s8:a0            4 calls, 11.19s LLM
   s8:a1            4 calls, 9.18s LLM
   s8:a2            4 calls, 9.22s LLM
   s8:a3            4 calls, 9.40s LLM
   s8:a4            4 calls, 9.30s LLM
   s8:orch          3 calls, 15.25s LLM
   s8:r0            1 calls, 9.87s LLM
   s8:r1            1 calls, 8.10s LLM
   s8:r2            1 calls, 9.24s LLM
   s9:a0            4 calls, 8.52s LLM
   s9:a1            4 calls, 9.17s LLM
   s9:a2            4 calls, 8.78s LLM
   s9:a3            4 calls, 11.36s LLM
   s9:a4            4 calls, 8.48s LLM
   s9:orch          3 calls, 15.54s LLM
   s9:r0            1 calls, 13.54s LLM
   s9:r1            1 calls, 5.50s LLM
   s9:r2            1 calls, 11.02s LLM

 Per call type:
   agent_turn       151 calls, 257.24s total
   breakdown        15 calls, 17.57s total
   finalize         15 calls, 167.52s total
   review_citations 15 calls, 158.35s total
   review_facts     15 calls, 141.61s total
   review_style     15 calls, 95.33s total
   synthesis        15 calls, 92.53s total
   web_search       161 calls, 481.07s total

 Queue stats:
   Queued calls: 402/402

 Total LLM time (sum): 1411.21s
 Wall time:            814.20s
 Parallelism ratio:    1.7x

======================================================================
 TIMELINE
======================================================================
   0.0s |#                                                           |   1.4s  s0:orch:breakdown
   1.4s |#                                                           |   2.9s  s0:a0:agent_turn(round-0)
   1.4s |#                                                           |   3.4s  s0:a1:agent_turn(round-0)
   1.4s |#                                                           |   2.7s  s0:a2:agent_turn(round-0)
   1.4s |#                                                           |   3.0s  s0:a3:agent_turn(round-0)
   1.4s |#                                                           |   2.7s  s0:a4:agent_turn(round-0)
   2.7s |#                                                           |   4.7s  s0:a4:web_search(integration of large)
   2.7s |#                                                           |   4.9s  s0:a2:web_search(How large language m)
   2.9s |#                                                           |   5.0s  s0:a0:web_search(applications of larg)
   3.0s |#                                                           |   5.1s  s0:a3:web_search(limitations and chal)
   3.4s |#                                                           |   8.2s  s0:a1:web_search(How large language m)
   4.0s |#                                                           |   5.0s  s1:orch:breakdown
   4.7s |#                                                           |   7.6s  s0:a4:web_search(impact of large lang)
   4.9s |#                                                           |   8.0s  s0:a2:web_search(Applications of larg)
   5.0s |#                                                           |   7.6s  s0:a0:web_search(how large language m)
   5.0s |#                                                           |   5.6s  s1:a0:agent_turn(round-0)
   5.0s |#                                                           |   6.6s  s1:a1:agent_turn(round-0)
   5.0s |#                                                           |   6.7s  s1:a2:agent_turn(round-0)
   5.0s |#                                                           |   6.8s  s1:a3:agent_turn(round-0)
   5.0s |#                                                           |   5.8s  s1:a4:agent_turn(round-0)
   5.1s |#                                                           |   8.6s  s0:a3:web_search(large language model)
   5.6s |#                                                           |   8.5s  s1:a0:web_search(roles of large langu)
   5.8s |#                                                           |   9.0s  s1:a4:web_search(Integration of large)
   6.6s |#                                                           |  10.6s  s1:a1:web_search(How large language m)
   6.7s |#                                                           |   9.0s  s1:a2:web_search(advantages of large )
   6.8s |#                                                           |   9.5s  s1:a3:web_search(limitations and chal)
   7.6s |#                                                           |   9.9s  s0:a0:agent_turn(round-1)
   7.7s |#                                                           |  10.5s  s0:a4:agent_turn(round-1)
   8.0s |#                                                           |   9.3s  s2:orch:breakdown
   8.0s |#                                                           |  10.1s  s0:a2:agent_turn(round-1)
  60.0s |    #                                                       |  61.2s  s3:orch:breakdown
  61.4s |    #                                                       |  62.4s  s4:orch:breakdown
  61.4s |    #                                                       |  62.4s  s5:orch:breakdown
  61.4s |    #                                                       |  62.3s  s6:orch:breakdown
  61.4s |    #                                                       |  62.4s  s7:orch:breakdown
  61.4s |    #                                                       |  62.5s  s8:orch:breakdown
  62.7s |    #                                                       |  63.7s  s9:orch:breakdown
  62.8s |    #                                                       |  63.9s  s10:orch:breakdown
  62.9s |    #                                                       |  64.1s  s11:orch:breakdown
  63.0s |    #                                                       |  64.0s  s12:orch:breakdown
  63.4s |    #                                                       |  65.6s  s13:orch:breakdown
  64.0s |    #                                                       |  65.0s  s14:orch:breakdown
  64.7s |    #                                                       |  67.8s  s0:a1:web_search(Use of large languag)
  64.9s |    #                                                       |  66.9s  s0:a3:agent_turn(round-1)
  65.0s |    #                                                       |  68.4s  s1:a0:web_search(applications of larg)
  65.1s |    #                                                       |  68.4s  s1:a4:web_search(Role of large langua)
  65.1s |    #                                                       |  67.6s  s1:a2:web_search(traditional methods )
  65.1s |    #                                                       |  65.8s  s2:a0:agent_turn(round-0)
  65.1s |    #                                                       |  66.3s  s2:a1:agent_turn(round-0)
  65.1s |    #                                                       |  66.2s  s2:a2:agent_turn(round-0)
  65.1s |    #                                                       |  65.9s  s2:a3:agent_turn(round-0)
  65.6s |    #                                                       |  66.7s  s2:a4:agent_turn(round-0)
  65.8s |    #                                                       |  68.2s  s1:a3:web_search(large language model)
  66.6s |    #                                                       |  69.3s  s1:a1:web_search(Role of large langua)
  66.7s |    #                                                       |  67.4s  s3:a0:agent_turn(round-0)
  66.8s |    #                                                       |  67.6s  s3:a1:agent_turn(round-0)
  67.7s |    #                                                       |  68.7s  s3:a2:agent_turn(round-0)
  67.8s |    #                                                       |  68.3s  s3:a3:agent_turn(round-0)
  68.0s |     #                                                      |  69.9s  s0:a1:agent_turn(round-1)
  68.1s |     #                                                      |  69.2s  s3:a4:agent_turn(round-0)
 120.0s |        #                                                   | 125.0s  s0:orch:synthesis
 121.4s |        #                                                   | 122.3s  s6:a0:agent_turn(round-0)
 121.4s |        #                                                   | 122.3s  s6:a1:agent_turn(round-0)
 121.4s |        #                                                   | 122.3s  s6:a2:agent_turn(round-0)
 121.4s |        #                                                   | 122.3s  s6:a3:agent_turn(round-0)
 121.4s |        #                                                   | 122.3s  s6:a4:agent_turn(round-0)
 122.7s |         #                                                  | 123.5s  s4:a0:agent_turn(round-0)
 122.8s |         #                                                  | 124.3s  s4:a1:agent_turn(round-0)
 122.9s |         #                                                  | 123.6s  s4:a2:agent_turn(round-0)
 123.0s |         #                                                  | 123.7s  s4:a3:agent_turn(round-0)
 123.4s |         #                                                  | 124.3s  s4:a4:agent_turn(round-0)
 124.0s |         #                                                  | 124.7s  s7:a0:agent_turn(round-0)
 124.7s |         #                                                  | 125.5s  s7:a1:agent_turn(round-0)
 124.9s |         #                                                  | 125.6s  s7:a2:agent_turn(round-0)
 125.0s |         #                                                  | 134.8s  s0:r0:review_citations
 125.1s |         #                                                  | 133.5s  s0:r1:review_style
 125.1s |         #                                                  | 135.8s  s0:r2:review_facts
 125.1s |         #                                                  | 126.0s  s7:a3:agent_turn(round-0)
 125.1s |         #                                                  | 125.9s  s7:a4:agent_turn(round-0)
 125.1s |         #                                                  | 125.9s  s5:a0:agent_turn(round-0)
 125.1s |         #                                                  | 125.9s  s5:a1:agent_turn(round-0)
 125.6s |         #                                                  | 126.4s  s5:a2:agent_turn(round-0)
 125.8s |         #                                                  | 126.5s  s5:a3:agent_turn(round-0)
 126.6s |         #                                                  | 127.4s  s5:a4:agent_turn(round-0)
 126.7s |         #                                                  | 128.3s  s8:a0:agent_turn(round-0)
 126.8s |         #                                                  | 127.9s  s8:a1:agent_turn(round-0)
 127.7s |         #                                                  | 128.6s  s8:a2:agent_turn(round-0)
 127.8s |         #                                                  | 128.6s  s8:a3:agent_turn(round-0)
 128.0s |         #                                                  | 128.9s  s8:a4:agent_turn(round-0)
 128.1s |         #                                                  | 129.0s  s9:a0:agent_turn(round-0)
 180.0s |             #                                              | 195.1s  s0:orch:finalize
 181.4s |             #                                              | 182.8s  s9:a1:agent_turn(round-0)
 181.4s |             #                                              | 182.2s  s9:a2:agent_turn(round-0)
 181.4s |             #                                              | 183.0s  s9:a3:agent_turn(round-0)
 181.4s |             #                                              | 182.2s  s9:a4:agent_turn(round-0)
 181.4s |             #                                              | 182.2s  s10:a0:agent_turn(round-0)
 182.7s |             #                                              | 183.4s  s10:a1:agent_turn(round-0)
 182.8s |             #                                              | 183.6s  s10:a2:agent_turn(round-0)
 182.9s |             #                                              | 183.7s  s10:a3:agent_turn(round-0)
 183.0s |             #                                              | 183.8s  s10:a4:agent_turn(round-0)
 183.4s |             #                                              | 184.7s  s12:a0:agent_turn(round-0)
 184.0s |             #                                              | 184.8s  s12:a1:agent_turn(round-0)
 184.7s |             #                                              | 186.2s  s12:a2:agent_turn(round-0)
 184.9s |             #                                              | 185.7s  s12:a3:agent_turn(round-0)
 185.0s |             #                                              | 185.8s  s12:a4:agent_turn(round-0)
 185.1s |             #                                              | 185.9s  s11:a0:agent_turn(round-0)
 185.1s |             #                                              | 186.0s  s11:a1:agent_turn(round-0)
 185.1s |             #                                              | 186.0s  s11:a2:agent_turn(round-0)
 185.1s |             #                                              | 186.6s  s11:a3:agent_turn(round-0)
 185.1s |             #                                              | 186.0s  s11:a4:agent_turn(round-0)
 185.1s |             #                                              | 186.6s  s14:a0:agent_turn(round-0)
 185.6s |             #                                              | 186.9s  s14:a1:agent_turn(round-0)
 185.8s |             #                                              | 186.7s  s14:a2:agent_turn(round-0)
 186.6s |             #                                              | 187.7s  s14:a3:agent_turn(round-0)
 186.7s |             #                                              | 187.8s  s14:a4:agent_turn(round-0)
 186.8s |             #                                              | 188.3s  s13:a0:agent_turn(round-0)
 187.7s |             #                                              | 188.7s  s13:a1:agent_turn(round-0)
 187.8s |             #                                              | 188.8s  s13:a2:agent_turn(round-0)
 188.0s |             #                                              | 189.1s  s13:a3:agent_turn(round-0)
 188.1s |             #                                              | 189.1s  s13:a4:agent_turn(round-0)
 240.0s |                 #                                          | 244.8s  s2:a0:web_search(recent advancements )
 241.4s |                 #                                          | 244.1s  s2:a3:web_search(barriers to commerci)
 241.4s |                 #                                          | 247.4s  s2:a2:web_search(Comparison of intern)
 241.4s |                 #                                          | 244.6s  s2:a1:web_search(Challenges in plasma)
 241.4s |                 #                                          | 244.1s  s2:a4:web_search(environmental and sa)
 241.4s |                 #                                          | 244.0s  s3:a0:web_search(Molecular mechanisms)
 242.7s |                 #                                          | 247.5s  s3:a1:web_search(Comparison of effici)
 242.8s |                 #                                          | 245.6s  s1:a2:agent_turn(round-1)
 242.9s |                 #                                          | 245.7s  s1:a3:agent_turn(round-1)
 243.0s |                 #                                          | 244.9s  s3:a3:web_search(techniques used in g)
 243.4s |                 #                                          | 246.1s  s1:a0:agent_turn(round-1)
 244.0s |                 #                                          | 247.8s  s1:a4:agent_turn(round-1)
 244.7s |                  #                                         | 248.5s  s3:a2:web_search(off-target effects a)
 244.9s |                  #                                         | 248.2s  s3:a4:web_search(current challenges f)
 245.0s |                  #                                         | 247.0s  s1:a1:agent_turn(round-1)
 245.1s |                  #                                         | 247.2s  s6:a2:web_search(challenges in integr)
 245.1s |                  #                                         | 249.0s  s6:a4:web_search(emerging algorithms )
 245.1s |                  #                                         | 247.4s  s6:a0:web_search(Recent theoretical d)
 245.1s |                  #                                         | 249.0s  s6:a1:web_search(advances in physical)
 245.1s |                  #                                         | 248.5s  s6:a3:web_search(recent experimental )
 245.1s |                  #                                         | 248.3s  s4:a0:web_search(environmental distur)
 245.6s |                  #                                         | 248.5s  s4:a2:web_search(chemical and physica)
 245.8s |                  #                                         | 247.9s  s4:a3:web_search(Effects of deep-sea )
 246.6s |                  #                                         | 249.4s  s4:a4:web_search(mitigation measures )
 246.7s |                  #                                         | 249.6s  s4:a1:web_search(impact of deep-sea m)
 246.8s |                  #                                         | 249.9s  s7:a0:web_search(Main scientific prin)
 247.7s |                  #                                         | 249.9s  s7:a1:web_search(challenges and limit)
 247.8s |                  #                                         | 252.0s  s7:a2:web_search(Current status of nu)
 248.0s |                  #                                         | 254.6s  s1:orch:synthesis
 248.1s |                  #                                         | 250.9s  s5:a0:web_search(recent advancements )
 300.0s |                      #                                     | 310.9s  s1:r0:review_citations
 301.4s |                      #                                     | 307.5s  s1:r1:review_style
 301.4s |                      #                                     | 310.3s  s1:r2:review_facts
 301.4s |                      #                                     | 306.7s  s7:a4:web_search(Potential economic i)
 301.4s |                      #                                     | 306.5s  s5:a1:web_search(Current nuclear fusi)
 301.4s |                      #                                     | 304.9s  s7:a3:web_search(approaches to fusion)
 302.7s |                      #                                     | 305.1s  s5:a2:web_search(primary scientific c)
 302.8s |                      #                                     | 306.5s  s5:a3:web_search(Impact of internatio)
 302.9s |                      #                                     | 307.0s  s5:a4:web_search(Projected timelines )
 303.0s |                      #                                     | 305.5s  s8:a1:web_search(impact of deep-sea m)
 303.4s |                      #                                     | 305.7s  s8:a0:web_search(potential effects of)
 304.0s |                      #                                     | 307.7s  s8:a2:web_search(Projected impacts of)
 304.7s |                      #                                     | 307.1s  s8:a3:web_search(Deep-sea mining and )
 304.9s |                      #                                     | 307.6s  s8:a4:web_search(measures or technolo)
 305.0s |                      #                                     | 307.5s  s9:a0:web_search(applications of larg)
 305.1s |                      #                                     | 307.5s  s9:a2:web_search(limitations and chal)
 305.1s |                      #                                     | 308.3s  s10:a0:web_search(Impact of deep-sea m)
 305.1s |                      #                                     | 308.3s  s9:a4:web_search(ethical, legal, and )
 305.1s |                      #                                     | 307.0s  s9:a1:web_search(how large language m)
 305.1s |                      #                                     | 310.3s  s9:a3:web_search(comparison of large )
 305.1s |                      #                                     | 309.1s  s10:a1:web_search(Impact of deep-sea m)
 305.6s |                      #                                     | 309.7s  s10:a2:web_search(chemical and physica)
 305.8s |                      #                                     | 309.1s  s10:a3:web_search(Impact of deep-sea m)
 306.6s |                      #                                     | 309.8s  s10:a4:web_search(measures and technol)
 306.7s |                      #                                     | 309.7s  s12:a0:web_search(Newest algorithms an)
 306.8s |                      #                                     | 310.4s  s12:a1:web_search(novel quantum error )
 307.7s |                      #                                     | 310.2s  s12:a3:web_search(impact of hardware a)
 307.8s |                      #                                     | 310.2s  s12:a4:web_search(Challenges in integr)
 308.0s |                      #                                     | 311.1s  s11:a0:web_search(Mechanisms of action)
 308.1s |                      #                                     | 311.3s  s11:a1:web_search(Advantages and limit)
 360.0s |                          #                                 | 374.1s  s1:orch:finalize
 361.4s |                          #                                 | 365.0s  s11:a2:web_search(Delivery methods of )
 361.4s |                          #                                 | 364.0s  s11:a4:web_search(ethical consideratio)
 361.4s |                          #                                 | 364.4s  s12:a2:web_search(latest experimental )
 361.4s |                          #                                 | 364.8s  s11:a3:web_search(clinical application)
 361.4s |                          #                                 | 364.4s  s14:a0:web_search(Recent developments )
 362.7s |                          #                                 | 365.1s  s14:a2:web_search(Challenges in scalin)
 362.8s |                          #                                 | 365.6s  s14:a1:web_search(Recent advancements )
 362.9s |                          #                                 | 367.8s  s14:a3:web_search(impact of new materi)
 363.0s |                          #                                 | 365.6s  s14:a4:web_search(Emerging algorithms )
 363.4s |                          #                                 | 367.0s  s13:a0:web_search(CRISPR-Cas9 gene edi)
 364.0s |                          #                                 | 368.9s  s13:a1:web_search(Comparison of effici)
 364.7s |                          #                                 | 367.2s  s13:a2:web_search(current applications)
 364.9s |                          #                                 | 367.9s  s13:a3:web_search(delivery methods of )
 365.0s |                          #                                 | 367.2s  s13:a4:web_search(ethical, safety, and)
 365.1s |                          #                                 | 367.5s  s3:a0:web_search(Molecular mechanisms)
 365.1s |                          #                                 | 367.2s  s2:a4:web_search(benefits of nuclear )
 365.1s |                          #                                 | 367.9s  s2:a3:web_search(scientific and engin)
 365.1s |                          #                                 | 367.7s  s2:a1:web_search(Confinement issues i)
 365.1s |                          #                                 | 367.8s  s2:a0:web_search(experimental designs)
 365.1s |                          #                                 | 366.1s  s3:a3:agent_turn(round-1)
 365.6s |                          #                                 | 368.9s  s6:a2:web_search(current state and ch)
 365.8s |                          #                                 | 368.0s  s2:a2:agent_turn(round-1)
 366.6s |                           #                                | 368.2s  s6:a0:web_search(Capabilities of rece)
 366.7s |                           #                                | 370.9s  s3:a1:web_search(CRISPR-Cas9 vs base )
 366.8s |                           #                                | 369.4s  s4:a3:web_search(Environmental impact)
 367.7s |                           #                                | 369.9s  s3:a4:web_search(future prospects for)
 367.8s |                           #                                | 371.4s  s4:a0:web_search(impact of deep-sea m)
 368.0s |                           #                                | 370.4s  s6:a3:web_search(developments in robu)
 368.1s |                           #                                | 370.9s  s2:a4:web_search(comparison of nuclea)
 420.0s |                              #                             | 422.7s  s2:a1:web_search(Energy output limita)
 421.4s |                               #                            | 424.2s  s2:a0:agent_turn(round-1)
 421.4s |                               #                            | 423.9s  s2:a3:web_search(financial barriers t)
 421.4s |                               #                            | 423.5s  s2:a4:agent_turn(round-1)
 421.4s |                               #                            | 424.0s  s3:a2:web_search(off-target effects a)
 421.4s |                               #                            | 423.5s  s4:a2:web_search(impact of deep-sea m)
 422.7s |                               #                            | 425.6s  s6:a4:web_search(latest research on q)
 422.8s |                               #                            | 425.6s  s2:a1:agent_turn(round-1)
 422.9s |                               #                            | 425.6s  s6:a1:web_search(recent developments )
 423.0s |                               #                            | 426.5s  s4:a4:web_search(environmental impact)
 423.4s |                               #                            | 426.0s  s4:a1:web_search(research studies on )
 424.0s |                               #                            | 425.8s  s2:a3:agent_turn(round-1)
 424.7s |                               #                            | 427.8s  s7:a1:web_search(current state of nuc)
 424.9s |                               #                            | 427.5s  s7:a0:web_search(Technological develo)
 425.0s |                               #                            | 427.8s  s5:a0:web_search(recent developments )
 425.1s |                               #                            | 426.9s  s7:a2:web_search(Latest advancements )
 425.1s |                               #                            | 428.6s  s7:a3:web_search(comparison of magnet)
 425.1s |                               #                            | 426.9s  s5:a2:web_search(engineering challeng)
 425.1s |                               #                            | 428.0s  s8:a1:web_search(how does deep-sea mi)
 425.1s |                               #                            | 428.3s  s8:a0:web_search(environmental impact)
 425.1s |                               #                            | 427.0s  s5:a3:web_search(Investments in nucle)
 425.6s |                               #                            | 429.1s  s5:a1:web_search(Current status and p)
 425.8s |                               #                            | 428.2s  s7:a4:web_search(Environmental impact)
 426.6s |                               #                            | 433.5s  s2:orch:synthesis
 426.7s |                               #                            | 429.2s  s5:a4:web_search(Economic considerati)
 426.8s |                               #                            | 428.9s  s9:a1:web_search(applications of larg)
 427.7s |                               #                            | 429.9s  s8:a3:web_search(Effects of deep-sea )
 427.8s |                               #                            | 429.8s  s9:a0:web_search(use of large languag)
 428.0s |                               #                            | 429.9s  s9:a2:web_search(large language model)
 428.1s |                               #                            | 430.4s  s8:a4:web_search(environmental mitiga)
 480.0s |                                   #                        | 494.7s  s2:r0:review_citations
 481.4s |                                   #                        | 487.6s  s2:r1:review_style
 481.4s |                                   #                        | 489.7s  s2:r2:review_facts
 481.4s |                                   #                        | 484.2s  s8:a2:web_search(Research studies on )
 481.4s |                                   #                        | 483.4s  s9:a4:web_search(challenges and consi)
 481.4s |                                   #                        | 484.1s  s10:a0:web_search(Types of ecosystems )
 482.7s |                                   #                        | 485.0s  s10:a1:web_search(Genetic diversity ef)
 482.8s |                                   #                        | 485.5s  s10:a3:web_search(Environmental effect)
 482.9s |                                   #                        | 484.8s  s12:a0:web_search(Recent advancements )
 483.0s |                                   #                        | 491.7s  s10:a2:web_search(impact of deep-sea m)
 483.4s |                                   #                        | 490.2s  s10:a4:web_search(environmental impact)
 484.0s |                                   #                        | 486.8s  s12:a4:web_search(Potential solutions )
 484.7s |                                   #                        | 488.0s  s12:a3:web_search(quantum error correc)
 484.9s |                                   #                        | 487.6s  s9:a3:web_search(advances in using la)
 485.0s |                                   #                        | 487.1s  s12:a1:web_search(comparison of quantu)
 485.1s |                                   #                        | 488.8s  s11:a0:web_search(Mechanisms of action)
 485.1s |                                   #                        | 488.6s  s11:a1:web_search(Comparison of gene e)
 485.1s |                                   #                        | 487.5s  s11:a4:web_search(safety consideration)
 485.1s |                                   #                        | 487.1s  s14:a0:web_search(Capabilities of late)
 485.1s |                                   #                        | 488.1s  s12:a2:web_search(recent advances in q)
 485.1s |                                   #                        | 487.5s  s11:a3:agent_turn(round-1)
 485.7s |                                   #                        | 488.3s  s11:a2:web_search(Comparison of delive)
 485.8s |                                   #                        | 488.1s  s14:a2:web_search(Limitations of curre)
 486.6s |                                   #                        | 488.6s  s14:a4:web_search(Recent advancements )
 486.7s |                                   #                        | 489.4s  s14:a1:web_search(Progress in quantum )
 486.8s |                                   #                        | 491.7s  s3:a3:web_search(applications of gene)
 487.7s |                                   #                        | 491.2s  s11:a4:web_search(regulatory framework)
 487.8s |                                   #                        | 490.7s  s13:a0:web_search(Base editing mechani)
 488.0s |                                   #                        | 489.6s  s13:a2:web_search(limitations of CRISP)
 488.1s |                                   #                        | 491.3s  s13:a4:web_search(ethical, safety, and)
 540.0s |                                       #                    | 550.6s  s2:orch:finalize
 541.4s |                                       #                    | 542.7s  s11:a2:agent_turn(round-1)
 541.4s |                                       #                    | 543.8s  s11:a1:agent_turn(round-1)
 541.4s |                                       #                    | 544.2s  s11:a0:agent_turn(round-1)
 541.4s |                                       #                    | 543.9s  s11:a4:agent_turn(round-1)
 541.4s |                                       #                    | 543.4s  s3:a0:agent_turn(round-1)
 542.7s |                                       #                    | 545.4s  s14:a3:web_search(quantum error correc)
 542.8s |                                       #                    | 544.7s  s13:a3:web_search(delivery methods of )
 542.9s |                                        #                   | 544.9s  s6:a0:agent_turn(round-1)
 543.0s |                                        #                   | 545.8s  s13:a1:web_search(CRISPR-Cas9 vs base )
 543.4s |                                        #                   | 544.9s  s3:a4:agent_turn(round-1)
 544.0s |                                        #                   | 546.0s  s3:a1:agent_turn(round-1)
 544.7s |                                        #                   | 549.8s  s11:orch:synthesis
 544.9s |                                        #                   | 546.9s  s6:a2:agent_turn(round-1)
 545.0s |                                        #                   | 548.1s  s3:a2:web_search(off-target effects a)
 545.1s |                                        #                   | 547.6s  s3:a3:web_search(use of next-generati)
 545.1s |                                        #                   | 547.2s  s6:a3:agent_turn(round-1)
 545.1s |                                        #                   | 546.9s  s6:a4:agent_turn(round-1)
 545.1s |                                        #                   | 548.1s  s6:a1:agent_turn(round-1)
 545.1s |                                        #                   | 546.5s  s4:a3:agent_turn(round-1)
 545.1s |                                        #                   | 547.0s  s4:a0:agent_turn(round-1)
 545.7s |                                        #                   | 547.0s  s4:a2:agent_turn(round-1)
 545.8s |                                        #                   | 547.6s  s4:a1:agent_turn(round-1)
 546.6s |                                        #                   | 548.7s  s4:a4:agent_turn(round-1)
 546.7s |                                        #                   | 549.4s  s7:a2:agent_turn(round-1)
 546.8s |                                        #                   | 548.7s  s5:a2:agent_turn(round-1)
 547.7s |                                        #                   | 551.9s  s3:a3:web_search(role of prenatal tes)
 547.8s |                                        #                   | 549.6s  s5:a3:agent_turn(round-1)
 548.0s |                                        #                   | 551.7s  s7:a0:agent_turn(round-1)
 548.1s |                                        #                   | 554.3s  s6:orch:synthesis
 600.0s |                                            #               | 605.8s  s4:orch:synthesis
 601.4s |                                            #               | 605.0s  s3:a2:agent_turn(round-1)
 601.4s |                                            #               | 604.1s  s3:a3:web_search(gene therapy for gen)
 601.4s |                                            #               | 603.5s  s5:a0:agent_turn(round-1)
 601.4s |                                            #               | 603.8s  s7:a1:agent_turn(round-1)
 601.4s |                                            #               | 603.2s  s7:a4:web_search(Geopolitical impacts)
 602.7s |                                            #               | 605.4s  s7:a3:agent_turn(round-1)
 602.8s |                                            #               | 606.2s  s5:a1:agent_turn(round-1)
 602.9s |                                            #               | 605.2s  s5:a4:agent_turn(round-1)
 603.0s |                                            #               | 614.3s  s11:r0:review_citations
 603.4s |                                            #               | 610.5s  s11:r1:review_style
 604.0s |                                            #               | 606.6s  s7:a4:agent_turn(round-1)
 604.7s |                                            #               | 608.0s  s3:a3:agent_turn(round-2)
 604.9s |                                            #               | 613.6s  s11:r2:review_facts
 605.0s |                                            #               | 616.2s  s6:r0:review_citations
 605.1s |                                            #               | 613.1s  s6:r1:review_style
 605.1s |                                            #               | 615.7s  s6:r2:review_facts
 605.1s |                                            #               | 607.9s  s8:a1:agent_turn(round-1)
 605.1s |                                            #               | 609.3s  s8:a0:agent_turn(round-1)
 605.1s |                                            #               | 609.0s  s9:a1:agent_turn(round-1)
 605.1s |                                            #               | 608.1s  s9:a0:agent_turn(round-1)
 605.7s |                                            #               | 609.6s  s8:a3:agent_turn(round-1)
 605.8s |                                            #               | 616.1s  s4:r0:review_citations
 606.6s |                                            #               | 612.8s  s5:orch:synthesis
 606.7s |                                            #               | 613.5s  s7:orch:synthesis
 606.8s |                                            #               | 614.1s  s4:r1:review_style
 607.7s |                                            #               | 618.8s  s4:r2:review_facts
 607.8s |                                            #               | 611.5s  s9:a2:agent_turn(round-1)
 608.0s |                                            #               | 615.9s  s3:orch:synthesis
 608.1s |                                            #               | 611.5s  s8:a4:agent_turn(round-1)
 660.0s |                                                #           | 661.9s  s8:a2:agent_turn(round-1)
 661.4s |                                                #           | 669.5s  s11:orch:finalize
 661.4s |                                                ##          | 678.9s  s6:orch:finalize
 661.4s |                                                #           | 673.7s  s4:orch:finalize
 661.4s |                                                #           | 664.0s  s9:a4:agent_turn(round-1)
 661.4s |                                                #           | 663.4s  s9:a3:agent_turn(round-1)
 662.7s |                                                #           | 669.1s  s8:orch:synthesis
 662.8s |                                                #           | 672.7s  s5:r0:review_citations
 662.9s |                                                #           | 666.8s  s5:r1:review_style
 663.0s |                                                #           | 671.7s  s5:r2:review_facts
 663.4s |                                                #           | 672.0s  s7:r0:review_citations
 664.0s |                                                #           | 670.1s  s9:orch:synthesis
 664.7s |                                                #           | 671.4s  s7:r1:review_style
 664.9s |                                                #           | 673.5s  s7:r2:review_facts
 665.0s |                                                 #          | 675.7s  s3:r0:review_citations
 665.1s |                                                 #          | 668.0s  s3:r1:review_style
 665.1s |                                                 #          | 672.0s  s3:r2:review_facts
 665.1s |                                                 #          | 667.0s  s10:a0:agent_turn(round-1)
 665.1s |                                                 #          | 667.0s  s12:a0:agent_turn(round-1)
 665.1s |                                                 #          | 667.0s  s10:a1:agent_turn(round-1)
 665.1s |                                                 #          | 667.2s  s10:a3:agent_turn(round-1)
 665.7s |                                                 #          | 668.0s  s12:a4:agent_turn(round-1)
 665.8s |                                                 #          | 667.3s  s12:a1:agent_turn(round-1)
 666.6s |                                                 #          | 668.5s  s14:a0:agent_turn(round-1)
 666.7s |                                                 #          | 668.5s  s12:a3:agent_turn(round-1)
 666.8s |                                                 #          | 669.1s  s12:a2:agent_turn(round-1)
 667.7s |                                                 #          | 669.5s  s10:a4:agent_turn(round-1)
 667.8s |                                                 #          | 669.5s  s10:a2:agent_turn(round-1)
 668.0s |                                                 #          | 670.0s  s14:a2:agent_turn(round-1)
 668.1s |                                                 #          | 670.1s  s14:a4:agent_turn(round-1)
 720.0s |                                                     #      | 726.3s  s12:orch:synthesis
 721.4s |                                                     #      | 727.0s  s10:orch:synthesis
 721.4s |                                                     #      | 728.2s  s5:orch:finalize
 721.4s |                                                     #      | 732.5s  s7:orch:finalize
 721.4s |                                                     #      | 737.6s  s3:orch:finalize
 721.4s |                                                     #      | 723.8s  s14:a1:agent_turn(round-1)
 722.7s |                                                     #      | 724.6s  s14:a3:agent_turn(round-1)
 722.8s |                                                     #      | 732.7s  s8:r0:review_citations
 722.9s |                                                     #      | 731.0s  s8:r1:review_style
 723.0s |                                                     #      | 732.3s  s8:r2:review_facts
 723.4s |                                                     #      | 737.0s  s9:r0:review_citations
 724.0s |                                                     #      | 729.5s  s9:r1:review_style
 724.7s |                                                     #      | 730.0s  s14:orch:synthesis
 724.9s |                                                     #      | 735.9s  s9:r2:review_facts
 725.0s |                                                     #      | 727.3s  s13:a2:web_search(current applications)
 725.1s |                                                     #      | 728.1s  s13:a0:agent_turn(round-1)
 725.1s |                                                     #      | 728.1s  s13:a4:agent_turn(round-1)
 725.1s |                                                     #      | 728.6s  s13:a3:web_search(cellular responses t)
 725.1s |                                                     #      | 727.5s  s13:a1:agent_turn(round-1)
 726.3s |                                                     #      | 736.5s  s12:r0:review_citations
 726.3s |                                                     #      | 730.5s  s12:r1:review_style
 726.3s |                                                     #      | 736.2s  s12:r2:review_facts
 727.0s |                                                     #      | 735.9s  s10:r0:review_citations
 727.0s |                                                     #      | 729.9s  s10:r1:review_style
 727.0s |                                                     #      | 736.5s  s10:r2:review_facts
 727.3s |                                                     #      | 730.3s  s13:a2:web_search(limitations of base )
 728.6s |                                                     #      | 731.0s  s13:a3:web_search(cellular responses t)
 730.0s |                                                     #      | 738.1s  s14:r0:review_citations
 730.0s |                                                     #      | 739.9s  s14:r1:review_style
 730.0s |                                                     #      | 739.2s  s14:r2:review_facts
 780.0s |                                                         #  | 787.7s  s8:orch:finalize
 781.4s |                                                         #  | 792.5s  s10:orch:finalize
 781.4s |                                                         #  | 791.8s  s12:orch:finalize
 781.4s |                                                         #  | 789.9s  s9:orch:finalize
 781.4s |                                                         #  | 788.2s  s14:orch:finalize
 781.4s |                                                         #  | 783.6s  s13:a2:agent_turn(round-1)
 782.7s |                                                         #  | 785.9s  s13:a3:agent_turn(round-1)
 785.9s |                                                         #  | 792.5s  s13:orch:synthesis
 792.5s |                                                          # | 802.8s  s13:r0:review_citations
 792.5s |                                                          # | 800.8s  s13:r1:review_style
 792.5s |                                                          # | 802.7s  s13:r2:review_facts
 802.8s |                                                           #| 814.2s  s13:orch:finalize
        0<60>814.2s
======================================================================


--- Cooldown: sleeping 30s between scheduler runs ---


######################################################################
 SCHEDULER: FIFO
######################################################################
 Launching 15 sessions with continuous arrivals
 Arrival times: 0.0s, 4.0s, 8.0s, 12.0s, 16.0s, 20.0s, 24.0s, 28.0s, 32.0s, 36.0s, 40.0s, 44.0s, 48.0s, 52.0s, 56.0s
    0.00s [s0:orch]        START breakdown (pos #1)
    1.51s [s0:orch]        END   breakdown (1.51s)
    1.51s [s0:a0]          START agent_turn(round-0) (pos #2)
    1.51s [s0:a1]          START agent_turn(round-0) (pos #3)
    1.51s [s0:a2]          START agent_turn(round-0) (pos #4)
    1.51s [s0:a3]          START agent_turn(round-0) (pos #5)
    1.51s [s0:a4]          START agent_turn(round-0) (pos #6)
    2.22s [s0:a4]          END   agent_turn(round-0) (0.71s)
    2.23s [s0:a4]          START web_search(ethical legal safety considerations depl) (pos #7)
    2.35s [s0:a0]          END   agent_turn(round-0) (0.84s)
    2.35s [s0:a0]          START web_search(Roles of large language models in drug d) (pos #8)
    2.37s [s0:a3]          END   agent_turn(round-0) (0.86s)
    2.37s [s0:a3]          START web_search(How do large language models (LLMs) cont) (pos #9)
    2.46s [s0:a1]          END   agent_turn(round-0) (0.95s)
    2.46s [s0:a1]          START web_search(How do Large Language Models (LLMs) faci) (pos #10)
    2.53s [s0:a2]          END   agent_turn(round-0) (1.02s)
    2.53s [s0:a2]          START web_search(advantages of using large language model) (pos #11)
    4.00s [s1:orch]        START breakdown (pos #12)
    5.01s [s0:a2]          END   web_search(advantages of using large language model) (2.48s)
    5.01s [s0:a2]          START web_search(limitations of using large language mode) (pos #13)
    5.07s [s0:a1]          END   web_search(How do Large Language Models (LLMs) faci) (2.61s)
    5.07s [s0:a1]          START web_search(Applications of GPT and other LLMs in dr) (pos #14)
    5.25s [s1:orch]        END   breakdown (1.25s)
    5.25s [s1:a0]          START agent_turn(round-0) (pos #15)
    5.25s [s1:a1]          START agent_turn(round-0) (pos #16)
    5.25s [s1:a2]          START agent_turn(round-0) (pos #17)
    5.25s [s1:a3]          START agent_turn(round-0) (pos #18)
    5.25s [s1:a4]          START agent_turn(round-0) (pos #19)
    5.28s [s0:a3]          END   web_search(How do large language models (LLMs) cont) (2.91s)
    5.28s [s0:a3]          START web_search(Use of LLMs in drug discovery) (pos #20)
    5.71s [s0:a4]          END   web_search(ethical legal safety considerations depl) (3.49s)
    5.71s [s0:a4]          START web_search(challenges and risks of using LLMs in ph) (pos #21)
    5.74s [s0:a0]          END   web_search(Roles of large language models in drug d) (3.39s)
    5.74s [s0:a0]          START web_search(Applications of large language models in) (pos #22)
    5.91s [s1:a0]          END   agent_turn(round-0) (0.67s)
    5.91s [s1:a0]          START web_search(application of large language models in ) (pos #23)
    6.01s [s1:a4]          END   agent_turn(round-0) (0.76s)
    6.01s [s1:a4]          START web_search(Impact of large language models on drug ) (pos #24)
    6.02s [s1:a2]          END   agent_turn(round-0) (0.77s)
    6.02s [s1:a2]          START web_search(ways large language models assist in dru) (pos #25)
    6.07s [s1:a3]          END   agent_turn(round-0) (0.82s)
    6.07s [s1:a3]          START web_search(limitations and challenges of integratin) (pos #26)
    6.28s [s1:a1]          END   agent_turn(round-0) (1.03s)
    6.28s [s1:a1]          START web_search(How do large language models improve the) (pos #27)
    7.76s [s0:a0]          END   web_search(Applications of large language models in) (2.02s)
    7.76s [s0:a3]          END   web_search(Use of LLMs in drug discovery) (2.48s)
    7.76s [s0:a0]          START agent_turn(round-1) (pos #28)
    7.76s [s0:a3]          START agent_turn(round-1) (pos #29)
    8.00s [s2:orch]        START breakdown (pos #30)
    8.12s [s0:a1]          END   web_search(Applications of GPT and other LLMs in dr) (3.05s)
  [FIFO] queue waiting 51.88s for capacity (next: s0:a1:agent_turn)
    8.37s [s0:a4]          END   web_search(challenges and risks of using LLMs in ph) (2.66s)
    8.61s [s0:a2]          END   web_search(limitations of using large language mode) (3.60s)
    8.81s [s1:a2]          END   web_search(ways large language models assist in dru) (2.79s)
    8.86s [s1:a1]          END   web_search(How do large language models improve the) (2.58s)
    8.91s [s1:a4]          END   web_search(Impact of large language models on drug ) (2.90s)
    9.09s [s1:a3]          END   web_search(limitations and challenges of integratin) (3.03s)
    9.32s [s2:orch]        END   breakdown (1.32s)
    9.42s [s1:a0]          END   web_search(application of large language models in ) (3.51s)
   10.15s [s0:a3]          END   agent_turn(round-1) (2.39s)
   10.81s [s0:a0]          END   agent_turn(round-1) (3.05s)
   60.00s [s0:a1]          START agent_turn(round-1) (pos #31)
  [FIFO] queue waiting 1.51s for capacity (next: s0:a4:agent_turn)
   61.52s [s0:a4]          START agent_turn(round-1) (pos #32)
   61.52s [s0:a2]          START agent_turn(round-1) (pos #33)
   61.52s [s1:a2]          START web_search(applications of large language models in) (pos #34)
   61.52s [s1:a1]          START web_search(Impact of large language models on targe) (pos #35)
   61.52s [s1:a4]          START agent_turn(round-1) (pos #36)
  [FIFO] queue waiting 0.71s for capacity (next: s1:a3:web_search)
   62.03s [s0:a1]          END   agent_turn(round-1) (2.03s)
   62.23s [s1:a3]          START web_search(current research on use of LLMs in drug ) (pos #37)
  [FIFO] queue waiting 0.13s for capacity (next: s2:a0:agent_turn)
   62.35s [s2:a0]          START agent_turn(round-0) (pos #38)
  [FIFO] queue waiting 0.10s for capacity (next: s2:a1:agent_turn)
   62.46s [s2:a1]          START agent_turn(round-0) (pos #39)
  [FIFO] queue waiting 0.10s for capacity (next: s2:a2:agent_turn)
   62.56s [s2:a2]          START agent_turn(round-0) (pos #40)
   62.56s [s2:a3]          START agent_turn(round-0) (pos #41)
  [FIFO] queue waiting 1.44s for capacity (next: s2:a4:agent_turn)
   63.26s [s2:a1]          END   agent_turn(round-0) (0.81s)
   63.27s [s2:a0]          END   agent_turn(round-0) (0.91s)
   63.38s [s2:a3]          END   agent_turn(round-0) (0.83s)
   63.67s [s0:a2]          END   agent_turn(round-1) (2.16s)
   63.98s [s1:a4]          END   agent_turn(round-1) (2.46s)
   63.98s [s1:a2]          END   web_search(applications of large language models in) (2.46s)
   63.98s [s2:a2]          END   agent_turn(round-0) (1.42s)
   64.00s [s2:a4]          START agent_turn(round-0) (pos #42)
  [FIFO] queue waiting 1.00s for capacity (next: s1:a0:web_search)
   64.49s [s0:a4]          END   agent_turn(round-1) (2.97s)
   64.76s [s2:a4]          END   agent_turn(round-0) (0.76s)
   65.01s [s1:a0]          START web_search(common uses of large language models in ) (pos #43)
  [FIFO] queue waiting 0.10s for capacity (next: s3:orch:breakdown)
   65.11s [s3:orch]        START breakdown (pos #44)
  [FIFO] queue waiting 0.14s for capacity (next: s4:orch:breakdown)
   65.25s [s4:orch]        START breakdown (pos #45)
   65.25s [s5:orch]        START breakdown (pos #46)
   65.25s [s6:orch]        START breakdown (pos #47)
   65.25s [s7:orch]        START breakdown (pos #48)
   65.25s [s8:orch]        START breakdown (pos #49)
  [FIFO] queue waiting 0.10s for capacity (next: s9:orch:breakdown)
   65.35s [s9:orch]        START breakdown (pos #50)
  [FIFO] queue waiting 0.36s for capacity (next: s10:orch:breakdown)
   65.71s [s10:orch]       START breakdown (pos #51)
  [FIFO] queue waiting 0.10s for capacity (next: s11:orch:breakdown)
   65.74s [s1:a1]          END   web_search(Impact of large language models on targe) (4.23s)
   65.82s [s11:orch]       START breakdown (pos #52)
  [FIFO] queue waiting 0.10s for capacity (next: s12:orch:breakdown)
   65.92s [s12:orch]       START breakdown (pos #53)
  [FIFO] queue waiting 0.10s for capacity (next: s13:orch:breakdown)
   66.02s [s13:orch]       START breakdown (pos #54)
  [FIFO] queue waiting 0.10s for capacity (next: s14:orch:breakdown)
   66.12s [s14:orch]       START breakdown (pos #55)
   66.12s [s2:a1]          START web_search(Current status of experimental fusion re) (pos #56)
  [FIFO] queue waiting 0.16s for capacity (next: s2:a0:web_search)
   66.28s [s2:a0]          START web_search(Recent technological advancements in nuc) (pos #57)
  [FIFO] queue waiting 1.48s for capacity (next: s2:a3:web_search)
   66.60s [s9:orch]        END   breakdown (1.25s)
   66.73s [s8:orch]        END   breakdown (1.48s)
   66.76s [s4:orch]        END   breakdown (1.51s)
   66.91s [s7:orch]        END   breakdown (1.66s)
   67.02s [s12:orch]       END   breakdown (1.10s)
   67.33s [s10:orch]       END   breakdown (1.62s)
   67.38s [s11:orch]       END   breakdown (1.57s)
   67.61s [s5:orch]        END   breakdown (2.36s)
   67.62s [s14:orch]       END   breakdown (1.50s)
   67.76s [s2:a3]          START web_search(Roles of international collaborations in) (pos #58)
   67.76s [s1:a4]          START summarize(len=264) (pos #59)
  [FIFO] queue waiting 0.24s for capacity (next: s1:a2:agent_turn)
   67.77s [s1:a0]          END   web_search(common uses of large language models in ) (2.76s)
   67.79s [s13:orch]       END   breakdown (1.78s)
   67.86s [s6:orch]        END   breakdown (2.61s)
   68.00s [s1:a2]          START agent_turn(round-1) (pos #60)
  [FIFO] queue waiting 52.00s for capacity (next: s2:a2:web_search)
   68.38s [s3:orch]        END   breakdown (3.27s)
   68.69s [s1:a4]          END   summarize(len=264) (0.93s)
   69.59s [s2:a0]          END   web_search(Recent technological advancements in nuc) (3.31s)
   70.23s [s2:a3]          END   web_search(Roles of international collaborations in) (2.46s)
   70.43s [s1:a2]          END   agent_turn(round-1) (2.43s)
   71.27s [s2:a1]          END   web_search(Current status of experimental fusion re) (5.15s)
   72.83s [s1:a3]          END   web_search(current research on use of LLMs in drug ) (10.61s)
  120.00s [s2:a2]          START web_search(scientific and engineering challenges in) (pos #61)
  [FIFO] queue waiting 1.51s for capacity (next: s0:orch:synthesis)
  121.52s [s0:orch]        START synthesis (pos #62)
  121.52s [s2:a4]          START web_search(projected timelines for nuclear fusion e) (pos #63)
  121.52s [s1:a1]          START agent_turn(round-1) (pos #64)
  121.52s [s9:a0]          START agent_turn(round-0) (pos #65)
  121.52s [s9:a1]          START agent_turn(round-0) (pos #66)
  [FIFO] queue waiting 0.71s for capacity (next: s9:a2:agent_turn)
  122.14s [s9:a0]          END   agent_turn(round-0) (0.63s)
  122.23s [s9:a2]          START agent_turn(round-0) (pos #67)
  [FIFO] queue waiting 0.13s for capacity (next: s9:a3:agent_turn)
  122.36s [s9:a3]          START agent_turn(round-0) (pos #68)
  [FIFO] queue waiting 0.10s for capacity (next: s9:a4:agent_turn)
  122.46s [s9:a4]          START agent_turn(round-0) (pos #69)
  [FIFO] queue waiting 0.10s for capacity (next: s8:a0:agent_turn)
  122.54s [s9:a1]          END   agent_turn(round-0) (1.03s)
  122.56s [s8:a0]          START agent_turn(round-0) (pos #70)
  122.56s [s8:a1]          START agent_turn(round-0) (pos #71)
  [FIFO] queue waiting 1.44s for capacity (next: s8:a2:agent_turn)
  122.94s [s9:a2]          END   agent_turn(round-0) (0.71s)
  123.27s [s9:a3]          END   agent_turn(round-0) (0.91s)
  123.27s [s9:a4]          END   agent_turn(round-0) (0.81s)
  123.28s [s8:a0]          END   agent_turn(round-0) (0.72s)
  123.45s [s8:a1]          END   agent_turn(round-0) (0.89s)
  123.78s [s1:a1]          END   agent_turn(round-1) (2.26s)
  124.00s [s8:a2]          START agent_turn(round-0) (pos #72)
  [FIFO] queue waiting 1.00s for capacity (next: s8:a3:agent_turn)
  124.29s [s2:a4]          END   web_search(projected timelines for nuclear fusion e) (2.78s)
  124.30s [s2:a2]          END   web_search(scientific and engineering challenges in) (4.29s)
  125.01s [s8:a3]          START agent_turn(round-0) (pos #73)
  [FIFO] queue waiting 0.10s for capacity (next: s8:a4:agent_turn)
  125.11s [s8:a4]          START agent_turn(round-0) (pos #74)
  [FIFO] queue waiting 0.14s for capacity (next: s4:a0:agent_turn)
  125.25s [s4:a0]          START agent_turn(round-0) (pos #75)
  125.25s [s4:a1]          START agent_turn(round-0) (pos #76)
  125.25s [s4:a2]          START agent_turn(round-0) (pos #77)
  125.25s [s4:a3]          START agent_turn(round-0) (pos #78)
  125.25s [s4:a4]          START agent_turn(round-0) (pos #79)
  [FIFO] queue waiting 0.10s for capacity (next: s7:a0:agent_turn)
  125.35s [s7:a0]          START agent_turn(round-0) (pos #80)
  [FIFO] queue waiting 0.36s for capacity (next: s7:a1:agent_turn)
  125.37s [s8:a2]          END   agent_turn(round-0) (1.36s)
  125.60s [s8:a3]          END   agent_turn(round-0) (0.59s)
  125.71s [s7:a1]          START agent_turn(round-0) (pos #81)
  [FIFO] queue waiting 0.10s for capacity (next: s7:a2:agent_turn)
  125.82s [s7:a2]          START agent_turn(round-0) (pos #82)
  [FIFO] queue waiting 0.10s for capacity (next: s7:a3:agent_turn)
  125.92s [s7:a3]          START agent_turn(round-0) (pos #83)
  [FIFO] queue waiting 0.10s for capacity (next: s7:a4:agent_turn)
  125.92s [s4:a0]          END   agent_turn(round-0) (0.67s)
  125.96s [s8:a4]          END   agent_turn(round-0) (0.85s)
  126.02s [s7:a4]          START agent_turn(round-0) (pos #84)
  [FIFO] queue waiting 0.10s for capacity (next: s12:a0:agent_turn)
  126.12s [s12:a0]         START agent_turn(round-0) (pos #85)
  126.12s [s12:a1]         START agent_turn(round-0) (pos #86)
  [FIFO] queue waiting 0.16s for capacity (next: s12:a2:agent_turn)
  126.15s [s4:a2]          END   agent_turn(round-0) (0.90s)
  126.18s [s4:a1]          END   agent_turn(round-0) (0.93s)
  126.27s [s4:a4]          END   agent_turn(round-0) (1.02s)
  126.28s [s12:a2]         START agent_turn(round-0) (pos #87)
  [FIFO] queue waiting 1.48s for capacity (next: s12:a3:agent_turn)
  126.30s [s7:a0]          END   agent_turn(round-0) (0.95s)
  126.49s [s4:a3]          END   agent_turn(round-0) (1.24s)
  126.66s [s7:a4]          END   agent_turn(round-0) (0.64s)
  126.71s [s7:a2]          END   agent_turn(round-0) (0.89s)
  126.74s [s7:a3]          END   agent_turn(round-0) (0.83s)
  127.06s [s12:a0]         END   agent_turn(round-0) (0.94s)
  127.06s [s12:a2]         END   agent_turn(round-0) (0.78s)
  127.36s [s7:a1]          END   agent_turn(round-0) (1.65s)
  127.67s [s12:a1]         END   agent_turn(round-0) (1.55s)
  127.76s [s12:a3]         START agent_turn(round-0) (pos #88)
  127.76s [s12:a4]         START agent_turn(round-0) (pos #89)
  [FIFO] queue waiting 0.24s for capacity (next: s10:a0:agent_turn)
  128.00s [s10:a0]         START agent_turn(round-0) (pos #90)
  [FIFO] queue waiting 52.00s for capacity (next: s10:a1:agent_turn)
  128.60s [s12:a3]         END   agent_turn(round-0) (0.83s)
  128.60s [s12:a4]         END   agent_turn(round-0) (0.83s)
  128.77s [s10:a0]         END   agent_turn(round-0) (0.77s)
  129.83s [s0:orch]        END   synthesis (8.31s)
  180.00s [s10:a1]         START agent_turn(round-0) (pos #91)
  [FIFO] queue waiting 1.51s for capacity (next: s10:a2:agent_turn)
  180.72s [s10:a1]         END   agent_turn(round-0) (0.72s)
  181.52s [s10:a2]         START agent_turn(round-0) (pos #92)
  181.52s [s10:a3]         START agent_turn(round-0) (pos #93)
  181.52s [s10:a4]         START agent_turn(round-0) (pos #94)
  181.52s [s11:a0]         START agent_turn(round-0) (pos #95)
  181.52s [s11:a1]         START agent_turn(round-0) (pos #96)
  [FIFO] queue waiting 0.71s for capacity (next: s11:a2:agent_turn)
  182.23s [s11:a2]         START agent_turn(round-0) (pos #97)
  [FIFO] queue waiting 0.13s for capacity (next: s11:a3:agent_turn)
  182.29s [s10:a3]         END   agent_turn(round-0) (0.78s)
  182.34s [s11:a0]         END   agent_turn(round-0) (0.82s)
  182.36s [s11:a3]         START agent_turn(round-0) (pos #98)
  [FIFO] queue waiting 0.10s for capacity (next: s11:a4:agent_turn)
  182.37s [s10:a4]         END   agent_turn(round-0) (0.85s)
  182.46s [s11:a4]         START agent_turn(round-0) (pos #99)
  [FIFO] queue waiting 0.10s for capacity (next: s5:a0:agent_turn)
  182.46s [s10:a2]         END   agent_turn(round-0) (0.95s)
  182.50s [s11:a1]         END   agent_turn(round-0) (0.98s)
  182.56s [s5:a0]          START agent_turn(round-0) (pos #100)
  182.56s [s5:a1]          START agent_turn(round-0) (pos #101)
  [FIFO] queue waiting 1.44s for capacity (next: s5:a2:agent_turn)
  183.18s [s11:a3]         END   agent_turn(round-0) (0.82s)
  183.32s [s5:a1]          END   agent_turn(round-0) (0.76s)
  183.33s [s5:a0]          END   agent_turn(round-0) (0.77s)
  183.51s [s11:a2]         END   agent_turn(round-0) (1.28s)
  183.52s [s11:a4]         END   agent_turn(round-0) (1.06s)
  184.01s [s5:a2]          START agent_turn(round-0) (pos #102)
  [FIFO] queue waiting 1.00s for capacity (next: s5:a3:agent_turn)
  185.01s [s5:a3]          START agent_turn(round-0) (pos #103)
  [FIFO] queue waiting 0.10s for capacity (next: s5:a4:agent_turn)
  185.09s [s5:a2]          END   agent_turn(round-0) (1.08s)
  185.11s [s5:a4]          START agent_turn(round-0) (pos #104)
  [FIFO] queue waiting 0.14s for capacity (next: s14:a0:agent_turn)
  185.25s [s14:a0]         START agent_turn(round-0) (pos #105)
  185.25s [s14:a1]         START agent_turn(round-0) (pos #106)
  185.25s [s14:a2]         START agent_turn(round-0) (pos #107)
  185.25s [s14:a3]         START agent_turn(round-0) (pos #108)
  185.25s [s14:a4]         START agent_turn(round-0) (pos #109)
  [FIFO] queue waiting 0.10s for capacity (next: s1:a0:agent_turn)
  185.35s [s1:a0]          START agent_turn(round-1) (pos #110)
  [FIFO] queue waiting 0.36s for capacity (next: s13:a0:agent_turn)
  185.72s [s13:a0]         START agent_turn(round-0) (pos #111)
  [FIFO] queue waiting 0.10s for capacity (next: s13:a1:agent_turn)
  185.82s [s13:a1]         START agent_turn(round-0) (pos #112)
  [FIFO] queue waiting 0.10s for capacity (next: s13:a2:agent_turn)
  185.92s [s13:a2]         START agent_turn(round-0) (pos #113)
  [FIFO] queue waiting 0.10s for capacity (next: s13:a3:agent_turn)
  185.95s [s5:a3]          END   agent_turn(round-0) (0.94s)
  186.00s [s5:a4]          END   agent_turn(round-0) (0.89s)
  186.02s [s14:a4]         END   agent_turn(round-0) (0.77s)
  186.02s [s13:a3]         START agent_turn(round-0) (pos #114)
  [FIFO] queue waiting 0.10s for capacity (next: s13:a4:agent_turn)
  186.12s [s13:a4]         START agent_turn(round-0) (pos #115)
  186.12s [s6:a0]          START agent_turn(round-0) (pos #116)
  [FIFO] queue waiting 0.16s for capacity (next: s6:a1:agent_turn)
  186.13s [s14:a3]         END   agent_turn(round-0) (0.88s)
  186.13s [s14:a1]         END   agent_turn(round-0) (0.88s)
  186.18s [s14:a2]         END   agent_turn(round-0) (0.93s)
  186.18s [s14:a0]         END   agent_turn(round-0) (0.93s)
  186.28s [s6:a1]          START agent_turn(round-0) (pos #117)
  [FIFO] queue waiting 1.48s for capacity (next: s6:a2:agent_turn)
  186.68s [s13:a2]         END   agent_turn(round-0) (0.76s)
  186.77s [s13:a1]         END   agent_turn(round-0) (0.95s)
  186.99s [s13:a4]         END   agent_turn(round-0) (0.87s)
  187.18s [s13:a0]         END   agent_turn(round-0) (1.47s)
  187.22s [s13:a3]         END   agent_turn(round-0) (1.20s)
  187.23s [s6:a0]          END   agent_turn(round-0) (1.11s)
  187.59s [s1:a0]          END   agent_turn(round-1) (2.24s)
  187.76s [s6:a2]          START agent_turn(round-0) (pos #118)
  187.76s [s6:a3]          START agent_turn(round-0) (pos #119)
  [FIFO] queue waiting 0.24s for capacity (next: s6:a4:agent_turn)
  187.85s [s6:a1]          END   agent_turn(round-0) (1.57s)
  188.00s [s6:a4]          START agent_turn(round-0) (pos #120)
  [FIFO] queue waiting 52.00s for capacity (next: s3:a0:agent_turn)
  188.84s [s6:a4]          END   agent_turn(round-0) (0.84s)
  189.09s [s6:a2]          END   agent_turn(round-0) (1.32s)
  189.25s [s6:a3]          END   agent_turn(round-0) (1.49s)
  240.01s [s3:a0]          START agent_turn(round-0) (pos #121)
  [FIFO] queue waiting 1.51s for capacity (next: s3:a1:agent_turn)
  240.75s [s3:a0]          END   agent_turn(round-0) (0.74s)
  241.52s [s3:a1]          START agent_turn(round-0) (pos #122)
  241.52s [s3:a2]          START agent_turn(round-0) (pos #123)
  241.52s [s3:a3]          START agent_turn(round-0) (pos #124)
  241.52s [s3:a4]          START agent_turn(round-0) (pos #125)
  241.52s [s1:a4]          START summarize(len=221) (pos #126)
  [FIFO] queue waiting 0.71s for capacity (next: s2:a0:web_search)
  242.08s [s1:a4]          END   summarize(len=221) (0.56s)
  242.23s [s2:a0]          START web_search(Latest containment methods for nuclear f) (pos #127)
  [FIFO] queue waiting 0.13s for capacity (next: s2:a3:web_search)
  242.36s [s2:a3]          START web_search(Impact of government funding on fusion e) (pos #128)
  [FIFO] queue waiting 0.10s for capacity (next: s2:a1:web_search)
  242.46s [s2:a1]          START web_search(Recent advancements in fusion reactor te) (pos #129)
  [FIFO] queue waiting 0.10s for capacity (next: s1:a3:agent_turn)
  242.56s [s1:a3]          START agent_turn(round-1) (pos #130)
  242.56s [s9:a0]          START web_search(Roles of large language models in drug d) (pos #131)
  [FIFO] queue waiting 1.44s for capacity (next: s9:a1:web_search)
  242.57s [s3:a1]          END   agent_turn(round-0) (1.05s)
  242.63s [s3:a4]          END   agent_turn(round-0) (1.11s)
  242.64s [s3:a2]          END   agent_turn(round-0) (1.12s)
  242.94s [s3:a3]          END   agent_turn(round-0) (1.42s)
  244.01s [s9:a1]          START web_search(Large language models predicting drug in) (pos #132)
  [FIFO] queue waiting 1.00s for capacity (next: s9:a2:web_search)
  244.95s [s2:a3]          END   web_search(Impact of government funding on fusion e) (2.60s)
  245.01s [s9:a2]          START web_search(limitations and challenges of implementi) (pos #133)
  [FIFO] queue waiting 0.10s for capacity (next: s9:a3:web_search)
  245.11s [s9:a3]          START web_search(Comparison of large language models and ) (pos #134)
  [FIFO] queue waiting 0.14s for capacity (next: s9:a4:web_search)
  245.25s [s9:a4]          START web_search(future advancements in large language mo) (pos #135)
  245.25s [s8:a0]          START web_search(types of ecosystems affected by deep-sea) (pos #136)
  245.25s [s8:a1]          START web_search(Impact of deep-sea mining on sediment co) (pos #137)
  245.25s [s2:a4]          START web_search(potential commercial applications of nuc) (pos #138)
  245.25s [s2:a2]          START web_search(current status and challenges of nuclear) (pos #139)
  [FIFO] queue waiting 0.10s for capacity (next: s8:a2:web_search)
  245.28s [s2:a1]          END   web_search(Recent advancements in fusion reactor te) (2.82s)
  245.35s [s8:a2]          START web_search(long-term effects of deep-sea mining on ) (pos #140)
  [FIFO] queue waiting 0.36s for capacity (next: s8:a3:web_search)
  245.37s [s1:a3]          END   agent_turn(round-1) (2.81s)
  245.39s [s2:a0]          END   web_search(Latest containment methods for nuclear f) (3.16s)
  245.43s [s9:a0]          END   web_search(Roles of large language models in drug d) (2.87s)
  245.72s [s8:a3]          START web_search(Impact of deep-sea mining on greenhouse ) (pos #141)
  [FIFO] queue waiting 0.10s for capacity (next: s4:a0:web_search)
  245.82s [s4:a0]          START web_search(potential effects of deep-sea mining on ) (pos #142)
  [FIFO] queue waiting 0.10s for capacity (next: s8:a4:web_search)
  245.92s [s8:a4]          START web_search(measures or technologies to mitigate env) (pos #143)
  [FIFO] queue waiting 0.10s for capacity (next: s4:a2:web_search)
  246.02s [s4:a2]          START web_search(risks of pollution and habitat destructi) (pos #144)
  [FIFO] queue waiting 0.10s for capacity (next: s4:a1:web_search)
  246.12s [s4:a1]          START web_search(impact of deep-sea mining on biogeochemi) (pos #145)
  246.12s [s4:a4]          START web_search(long-term ecological consequences of dee) (pos #146)
  [FIFO] queue waiting 0.16s for capacity (next: s7:a0:web_search)
  246.29s [s7:a0]          START web_search(latest technological advancements in nuc) (pos #147)
  [FIFO] queue waiting 1.48s for capacity (next: s4:a3:web_search)
  247.08s [s2:a4]          END   web_search(potential commercial applications of nuc) (1.82s)
  247.09s [s9:a2]          END   web_search(limitations and challenges of implementi) (2.08s)
  247.14s [s9:a1]          END   web_search(Large language models predicting drug in) (3.13s)
  247.49s [s9:a3]          END   web_search(Comparison of large language models and ) (2.38s)
  247.56s [s8:a1]          END   web_search(Impact of deep-sea mining on sediment co) (2.31s)
  247.61s [s8:a0]          END   web_search(types of ecosystems affected by deep-sea) (2.35s)
  247.62s [s9:a4]          END   web_search(future advancements in large language mo) (2.36s)
  247.77s [s4:a3]          START web_search(impact of deep-sea mining on oceanic pro) (pos #148)
  247.77s [s7:a4]          START web_search(Projected timelines for commercial fusio) (pos #149)
  [FIFO] queue waiting 0.24s for capacity (next: s7:a2:web_search)
  247.81s [s2:a2]          END   web_search(current status and challenges of nuclear) (2.56s)
  247.81s [s8:a2]          END   web_search(long-term effects of deep-sea mining on ) (2.46s)
  247.89s [s8:a4]          END   web_search(measures or technologies to mitigate env) (1.97s)
  247.91s [s8:a3]          END   web_search(Impact of deep-sea mining on greenhouse ) (2.20s)
  248.01s [s4:a1]          END   web_search(impact of deep-sea mining on biogeochemi) (1.88s)
  248.01s [s7:a2]          START web_search(scientific and engineering challenges in) (pos #150)
  [FIFO] queue waiting 52.00s for capacity (next: s7:a3:web_search)
  248.18s [s4:a0]          END   web_search(potential effects of deep-sea mining on ) (2.36s)
  248.38s [s7:a0]          END   web_search(latest technological advancements in nuc) (2.10s)
  248.53s [s4:a2]          END   web_search(risks of pollution and habitat destructi) (2.50s)
  249.47s [s4:a3]          END   web_search(impact of deep-sea mining on oceanic pro) (1.70s)
  249.67s [s4:a4]          END   web_search(long-term ecological consequences of dee) (3.55s)
  250.27s [s7:a4]          END   web_search(Projected timelines for commercial fusio) (2.50s)
  250.76s [s7:a2]          END   web_search(scientific and engineering challenges in) (2.75s)
  300.01s [s7:a3]          START web_search(current international collaborations and) (pos #151)
  [FIFO] queue waiting 1.51s for capacity (next: s12:a0:web_search)
  301.52s [s12:a0]         START web_search(recent breakthroughs in theoretical fram) (pos #152)
  301.52s [s12:a2]         START web_search(new techniques to enhance fault-toleranc) (pos #153)
  301.52s [s7:a1]          START web_search(current status of nuclear fusion experim) (pos #154)
  301.52s [s12:a1]         START web_search(Recent developments in experimental quan) (pos #155)
  301.52s [s12:a3]         START web_search(novel quantum error correction codes eff) (pos #156)
  [FIFO] queue waiting 0.71s for capacity (next: s12:a4:web_search)
  302.23s [s12:a4]         START web_search(challenges in integrating quantum error ) (pos #157)
  [FIFO] queue waiting 0.13s for capacity (next: s10:a0:web_search)
  302.36s [s10:a0]         START web_search(Potential effects of deep-sea mining on ) (pos #158)
  [FIFO] queue waiting 0.10s for capacity (next: s0:r0:review_citations)
  302.46s [s0:r0]          START review_citations (pos #159)
  [FIFO] queue waiting 0.10s for capacity (next: s0:r1:review_style)
  302.56s [s0:r1]          START review_style (pos #160)
  302.56s [s0:r2]          START review_facts (pos #161)
  [FIFO] queue waiting 1.44s for capacity (next: s10:a1:web_search)
  303.69s [s7:a3]          END   web_search(current international collaborations and) (3.68s)
  304.01s [s10:a1]         START web_search(impact of deep-sea mining on seabed chem) (pos #162)
  [FIFO] queue waiting 1.00s for capacity (next: s10:a3:web_search)
  304.21s [s12:a1]         END   web_search(Recent developments in experimental quan) (2.69s)
  304.65s [s12:a2]         END   web_search(new techniques to enhance fault-toleranc) (3.13s)
  304.87s [s10:a0]         END   web_search(Potential effects of deep-sea mining on ) (2.51s)
  304.90s [s12:a0]         END   web_search(recent breakthroughs in theoretical fram) (3.38s)
  304.96s [s12:a4]         END   web_search(challenges in integrating quantum error ) (2.73s)
  305.01s [s10:a3]         START web_search(impact of deep-sea mining on oceanic cli) (pos #163)
  [FIFO] queue waiting 0.10s for capacity (next: s11:a0:web_search)
  305.11s [s11:a0]         START web_search(Mechanistic differences between CRISPR-C) (pos #164)
  [FIFO] queue waiting 0.14s for capacity (next: s10:a4:web_search)
  305.25s [s10:a4]         START web_search(long-term ecological consequences of dee) (pos #165)
  305.25s [s10:a2]         START web_search(risks of deep-sea mining to remote and f) (pos #166)
  305.25s [s11:a1]         START web_search(Comparison of efficiency and accuracy of) (pos #167)
  305.25s [s11:a3]         START web_search(Types of genetic mutations or diseases i) (pos #168)
  305.25s [s5:a1]          START web_search(Comparison of magnetic confinement and i) (pos #169)
  [FIFO] queue waiting 0.10s for capacity (next: s5:a0:web_search)
  305.36s [s5:a0]          START web_search(latest technological advancements in nuc) (pos #170)
  [FIFO] queue waiting 0.36s for capacity (next: s11:a2:web_search)
  305.72s [s11:a2]         START web_search(Off-target effects of gene editing techn) (pos #171)
  [FIFO] queue waiting 0.10s for capacity (next: s11:a4:web_search)
  305.82s [s11:a4]         START web_search(current clinical trial statuses for CRIS) (pos #172)
  [FIFO] queue waiting 0.10s for capacity (next: s5:a2:web_search)
  305.92s [s5:a2]          START web_search(Main technical and scientific challenges) (pos #173)
  [FIFO] queue waiting 0.10s for capacity (next: s5:a3:web_search)
  306.02s [s5:a3]          START web_search(current timelines and projected mileston) (pos #174)
  [FIFO] queue waiting 0.10s for capacity (next: s5:a4:web_search)
  306.08s [s12:a3]         END   web_search(novel quantum error correction codes eff) (4.56s)
  306.12s [s5:a4]          START web_search(impact of international collaborations a) (pos #175)
  306.12s [s14:a4]         START web_search(practical applications of advanced quant) (pos #176)
  [FIFO] queue waiting 0.16s for capacity (next: s14:a3:web_search)
  306.29s [s14:a3]         START web_search(machine learning and AI in quantum error) (pos #177)
  [FIFO] queue waiting 1.48s for capacity (next: s14:a1:web_search)
  306.67s [s10:a1]         END   web_search(impact of deep-sea mining on seabed chem) (2.66s)
  307.08s [s0:r1]          END   review_style (4.52s)
  307.10s [s7:a1]          END   web_search(current status of nuclear fusion experim) (5.58s)
  307.22s [s10:a3]         END   web_search(impact of deep-sea mining on oceanic cli) (2.20s)
  307.77s [s14:a1]         START web_search(Recent developments in experimental quan) (pos #178)
  307.77s [s14:a2]         START web_search(recent advancements in quantum error cor) (pos #179)
  [FIFO] queue waiting 0.24s for capacity (next: s14:a0:web_search)
  307.85s [s10:a2]         END   web_search(risks of deep-sea mining to remote and f) (2.59s)
  307.91s [s11:a2]         END   web_search(Off-target effects of gene editing techn) (2.19s)
  308.01s [s14:a0]         START web_search(Recent developments in quantum error cor) (pos #180)
  [FIFO] queue waiting 52.00s for capacity (next: s13:a2:web_search)
  308.24s [s11:a0]         END   web_search(Mechanistic differences between CRISPR-C) (3.13s)
  308.39s [s10:a4]         END   web_search(long-term ecological consequences of dee) (3.13s)
  308.48s [s14:a4]         END   web_search(practical applications of advanced quant) (2.36s)
  308.59s [s11:a4]         END   web_search(current clinical trial statuses for CRIS) (2.77s)
  308.61s [s5:a1]          END   web_search(Comparison of magnetic confinement and i) (3.36s)
  308.63s [s11:a3]         END   web_search(Types of genetic mutations or diseases i) (3.37s)
  309.17s [s5:a0]          END   web_search(latest technological advancements in nuc) (3.81s)
  309.64s [s5:a4]          END   web_search(impact of international collaborations a) (3.51s)
  309.65s [s5:a3]          END   web_search(current timelines and projected mileston) (3.63s)
  309.75s [s14:a3]         END   web_search(machine learning and AI in quantum error) (3.46s)
  310.66s [s14:a0]         END   web_search(Recent developments in quantum error cor) (2.66s)
  310.68s [s11:a1]         END   web_search(Comparison of efficiency and accuracy of) (5.43s)
  312.71s [s14:a2]         END   web_search(recent advancements in quantum error cor) (4.94s)
  313.22s [s14:a1]         END   web_search(Recent developments in experimental quan) (5.46s)
  313.47s [s0:r0]          END   review_citations (11.01s)
  313.94s [s0:r2]          END   review_facts (11.38s)
  317.01s [s5:a2]          END   web_search(Main technical and scientific challenges) (11.09s)
  360.01s [s13:a2]         START web_search(Safety and off-target effects of CRISPR-) (pos #181)
  [FIFO] queue waiting 1.51s for capacity (next: s13:a1:web_search)
  361.52s [s13:a1]         START web_search(Efficiency and accuracy of CRISPR-Cas9 i) (pos #182)
  361.52s [s13:a4]         START web_search(regulatory considerations of CRISPR-Cas9) (pos #183)
  361.52s [s13:a0]         START web_search(Mechanisms of action of CRISPR-Cas9 and ) (pos #184)
  361.52s [s13:a3]         START web_search(CRISPR-Cas9 vs base editing for genetic ) (pos #185)
  361.52s [s6:a0]          START web_search(Recent developments in quantum error cor) (pos #186)
  [FIFO] queue waiting 0.71s for capacity (next: s6:a1:web_search)
  362.23s [s6:a1]          START web_search(fault-tolerance thresholds in latest qua) (pos #187)
  [FIFO] queue waiting 0.13s for capacity (next: s6:a4:web_search)
  362.36s [s6:a4]          START web_search(challenges in scaling quantum error corr) (pos #188)
  [FIFO] queue waiting 0.10s for capacity (next: s6:a2:web_search)
  362.46s [s6:a2]          START web_search(Advances in quantum error correction in ) (pos #189)
  [FIFO] queue waiting 0.10s for capacity (next: s6:a3:web_search)
  362.56s [s6:a3]          START web_search(Recent theoretical approaches to error s) (pos #190)
  362.56s [s3:a0]          START web_search(Mechanisms of action of CRISPR-Cas9 and ) (pos #191)
  [FIFO] queue waiting 1.45s for capacity (next: s1:a4:summarize)
  363.20s [s13:a2]         END   web_search(Safety and off-target effects of CRISPR-) (3.19s)
  364.01s [s1:a4]          START summarize(len=201) (pos #192)
  [FIFO] queue waiting 1.00s for capacity (next: s3:a1:web_search)
  364.42s [s6:a0]          END   web_search(Recent developments in quantum error cor) (2.90s)
  364.47s [s13:a3]         END   web_search(CRISPR-Cas9 vs base editing for genetic ) (2.95s)
  364.49s [s6:a4]          END   web_search(challenges in scaling quantum error corr) (2.13s)
  364.89s [s1:a4]          END   summarize(len=201) (0.88s)
  364.93s [s6:a2]          END   web_search(Advances in quantum error correction in ) (2.47s)
  364.94s [s13:a1]         END   web_search(Efficiency and accuracy of CRISPR-Cas9 i) (3.42s)
  365.01s [s3:a1]          START web_search(Efficiency and accuracy of CRISPR-Cas9 v) (pos #193)
  [FIFO] queue waiting 0.10s for capacity (next: s3:a4:web_search)
  365.09s [s13:a0]         END   web_search(Mechanisms of action of CRISPR-Cas9 and ) (3.57s)
  365.11s [s3:a4]          START web_search(regulatory challenges of CRISPR-Cas9 and) (pos #194)
  [FIFO] queue waiting 0.14s for capacity (next: s3:a2:web_search)
  365.25s [s3:a2]          START web_search(Off-target effects and safety profile of) (pos #195)
  365.26s [s3:a3]          START web_search(Base editing vs CRISPR-Cas9 in genetic m) (pos #196)
  365.26s [s2:a3]          START agent_turn(round-1) (pos #197)
  365.26s [s2:a1]          START agent_turn(round-1) (pos #198)
  365.26s [s2:a0]          START agent_turn(round-1) (pos #199)
  [FIFO] queue waiting 0.10s for capacity (next: s9:a0:agent_turn)
  365.36s [s9:a0]          START agent_turn(round-1) (pos #200)
  [FIFO] queue waiting 0.36s for capacity (next: s2:a4:agent_turn)
  365.41s [s6:a1]          END   web_search(fault-tolerance thresholds in latest qua) (3.18s)
  365.59s [s13:a4]         END   web_search(regulatory considerations of CRISPR-Cas9) (4.07s)
  365.72s [s2:a4]          START agent_turn(round-1) (pos #201)
  [FIFO] queue waiting 0.10s for capacity (next: s9:a2:web_search)
  365.82s [s9:a2]          START web_search(large language models in pharmaceutical ) (pos #202)
  [FIFO] queue waiting 0.10s for capacity (next: s9:a1:web_search)
  365.92s [s9:a1]          START web_search(How do large language models assist in d) (pos #203)
  [FIFO] queue waiting 0.10s for capacity (next: s9:a3:web_search)
  366.02s [s9:a3]          START web_search(Efficiency and accuracy of large languag) (pos #204)
  [FIFO] queue waiting 0.10s for capacity (next: s8:a1:web_search)
  366.13s [s8:a1]          START web_search(Environmental effects of deep-sea mining) (pos #205)
  366.13s [s8:a0]          START web_search(marine species impacted by deep-sea mini) (pos #206)
  [FIFO] queue waiting 0.16s for capacity (next: s9:a4:web_search)
  366.29s [s9:a4]          START web_search(application of large language models in ) (pos #207)
  [FIFO] queue waiting 1.48s for capacity (next: s2:a2:agent_turn)
  366.37s [s3:a0]          END   web_search(Mechanisms of action of CRISPR-Cas9 and ) (3.81s)
  366.44s [s6:a3]          END   web_search(Recent theoretical approaches to error s) (3.88s)
  367.03s [s2:a3]          END   agent_turn(round-1) (1.78s)
  367.08s [s2:a1]          END   agent_turn(round-1) (1.83s)
  367.27s [s3:a2]          END   web_search(Off-target effects and safety profile of) (2.02s)
  367.45s [s9:a0]          END   agent_turn(round-1) (2.09s)
  367.77s [s2:a2]          START agent_turn(round-1) (pos #208)
  367.77s [s8:a2]          START web_search(impact of deep-sea mining on marine ecos) (pos #209)
  [FIFO] queue waiting 0.24s for capacity (next: s8:a4:web_search)
  367.78s [s2:a4]          END   agent_turn(round-1) (2.06s)
  367.94s [s2:a0]          END   agent_turn(round-1) (2.68s)
  368.01s [s8:a4]          START web_search(environmental mitigation strategies for ) (pos #210)
  [FIFO] queue waiting 52.00s for capacity (next: s8:a3:web_search)
  368.50s [s3:a3]          END   web_search(Base editing vs CRISPR-Cas9 in genetic m) (3.24s)
  368.54s [s8:a1]          END   web_search(Environmental effects of deep-sea mining) (2.41s)
  368.70s [s3:a1]          END   web_search(Efficiency and accuracy of CRISPR-Cas9 v) (3.69s)
  369.03s [s3:a4]          END   web_search(regulatory challenges of CRISPR-Cas9 and) (3.92s)
  369.03s [s9:a1]          END   web_search(How do large language models assist in d) (3.11s)
  369.06s [s9:a3]          END   web_search(Efficiency and accuracy of large languag) (3.04s)
  369.75s [s9:a2]          END   web_search(large language models in pharmaceutical ) (3.93s)
  369.96s [s2:a2]          END   agent_turn(round-1) (2.20s)
  370.43s [s9:a4]          END   web_search(application of large language models in ) (4.14s)
  370.47s [s8:a2]          END   web_search(impact of deep-sea mining on marine ecos) (2.70s)
  371.14s [s8:a4]          END   web_search(environmental mitigation strategies for ) (3.14s)
  372.64s [s8:a0]          END   web_search(marine species impacted by deep-sea mini) (6.52s)
  420.01s [s8:a3]          START web_search(Deep-sea mining and carbon cycling disru) (pos #211)
  [FIFO] queue waiting 1.51s for capacity (next: s4:a1:web_search)
  421.52s [s4:a1]          START web_search(deep-sea mining environmental effects) (pos #212)
  421.52s [s4:a0]          START web_search(deep-sea mining environmental impacts) (pos #213)
  421.52s [s7:a0]          START web_search(breakthroughs in nuclear fusion technolo) (pos #214)
  421.52s [s4:a2]          START web_search(deep-sea mining environmental impacts) (pos #215)
  421.52s [s4:a3]          START web_search(effects of deep-sea mining on ocean ecos) (pos #216)
  [FIFO] queue waiting 0.71s for capacity (next: s4:a4:web_search)
  422.23s [s4:a4]          START web_search(impact of deep-sea mining on marine biod) (pos #217)
  [FIFO] queue waiting 0.13s for capacity (next: s7:a4:web_search)
  422.36s [s7:a4]          START web_search(Potential economic impacts of commercial) (pos #218)
  [FIFO] queue waiting 0.10s for capacity (next: s7:a2:web_search)
  422.46s [s7:a2]          START web_search(main challenges of fusion energy develop) (pos #219)
  [FIFO] queue waiting 0.10s for capacity (next: s7:a3:web_search)
  422.56s [s7:a3]          START web_search(impact of international collaboration on) (pos #220)
  422.56s [s12:a1]         START web_search(Advances in quantum error correction exp) (pos #221)
  [FIFO] queue waiting 1.45s for capacity (next: s12:a2:web_search)
  423.35s [s8:a3]          END   web_search(Deep-sea mining and carbon cycling disru) (3.34s)
  424.01s [s4:a3]          END   web_search(effects of deep-sea mining on ocean ecos) (2.49s)
  424.01s [s4:a2]          END   web_search(deep-sea mining environmental impacts) (2.49s)
  424.01s [s12:a2]         START web_search(recent advancements in quantum error cor) (pos #222)
  [FIFO] queue waiting 1.00s for capacity (next: s10:a0:web_search)
  424.12s [s4:a0]          END   web_search(deep-sea mining environmental impacts) (2.60s)
  424.53s [s4:a1]          END   web_search(deep-sea mining environmental effects) (3.01s)
  424.84s [s7:a3]          END   web_search(impact of international collaboration on) (2.28s)
  424.84s [s7:a2]          END   web_search(main challenges of fusion energy develop) (2.38s)
  424.91s [s7:a4]          END   web_search(Potential economic impacts of commercial) (2.55s)
  425.01s [s10:a0]         START web_search(Environmental impact of deep-sea mining) (pos #223)
  [FIFO] queue waiting 0.10s for capacity (next: s12:a0:web_search)
  425.12s [s12:a0]         START web_search(latest research in quantum error correct) (pos #224)
  [FIFO] queue waiting 0.14s for capacity (next: s12:a4:web_search)
  425.16s [s4:a4]          END   web_search(impact of deep-sea mining on marine biod) (2.93s)
  425.24s [s12:a1]         END   web_search(Advances in quantum error correction exp) (2.67s)
  425.26s [s12:a4]         START web_search(current state and challenges of quantum ) (pos #225)
  425.26s [s12:a3]         START web_search(comparison of quantum error correction c) (pos #226)
  425.26s [s10:a1]         START web_search(effects of deep-sea mining on surroundin) (pos #227)
  425.26s [s7:a1]          START web_search(latest achievements of major nuclear fus) (pos #228)
  425.26s [s10:a3]         START web_search(how deep-sea mining affects ocean ecosys) (pos #229)
  [FIFO] queue waiting 0.10s for capacity (next: s10:a2:web_search)
  425.36s [s10:a2]         START web_search(environmental impact of deep-sea mining) (pos #230)
  [FIFO] queue waiting 0.36s for capacity (next: s11:a2:web_search)
  425.50s [s7:a0]          END   web_search(breakthroughs in nuclear fusion technolo) (3.98s)
  425.72s [s11:a2]         START web_search(Safety concerns and off-target effects o) (pos #231)
  [FIFO] queue waiting 0.10s for capacity (next: s11:a0:web_search)
  425.82s [s11:a0]         START web_search(CRISPR-Cas9 mechanism) (pos #232)
  [FIFO] queue waiting 0.10s for capacity (next: s10:a4:web_search)
  425.92s [s10:a4]         START web_search(impact of deep-sea mining on biodiversit) (pos #233)
  [FIFO] queue waiting 0.10s for capacity (next: s14:a4:web_search)
  426.03s [s14:a4]         START web_search(how quantum error correction methods imp) (pos #234)
  [FIFO] queue waiting 0.10s for capacity (next: s11:a4:web_search)
  426.13s [s11:a4]         START web_search(regulatory considerations for CRISPR-Cas) (pos #235)
  426.13s [s5:a1]          START web_search(Progress and feasibility of magnetic con) (pos #236)
  [FIFO] queue waiting 0.16s for capacity (next: s11:a3:web_search)
  426.29s [s11:a3]         START web_search(Genetic mutation detection methods and t) (pos #237)
  [FIFO] queue waiting 1.48s for capacity (next: s5:a0:web_search)
  426.45s [s12:a2]         END   web_search(recent advancements in quantum error cor) (2.44s)
  427.47s [s12:a4]         END   web_search(current state and challenges of quantum ) (2.21s)
  427.63s [s12:a0]         END   web_search(latest research in quantum error correct) (2.52s)
  427.74s [s12:a3]         END   web_search(comparison of quantum error correction c) (2.48s)
  427.77s [s5:a0]          START web_search(experimental results nuclear fusion reac) (pos #238)
  427.77s [s5:a4]          START web_search(how funding influences progress in nucle) (pos #239)
  [FIFO] queue waiting 0.24s for capacity (next: s5:a3:web_search)
  427.83s [s10:a3]         END   web_search(how deep-sea mining affects ocean ecosys) (2.58s)
  427.85s [s10:a2]         END   web_search(environmental impact of deep-sea mining) (2.49s)
  428.01s [s5:a3]          START web_search(latest developments and plans for commer) (pos #240)
  [FIFO] queue waiting 52.00s for capacity (next: s14:a3:web_search)
  428.07s [s10:a0]         END   web_search(Environmental impact of deep-sea mining) (3.05s)
  428.25s [s10:a1]         END   web_search(effects of deep-sea mining on surroundin) (3.00s)
  428.32s [s11:a0]         END   web_search(CRISPR-Cas9 mechanism) (2.50s)
  428.34s [s10:a4]         END   web_search(impact of deep-sea mining on biodiversit) (2.41s)
  428.40s [s11:a4]         END   web_search(regulatory considerations for CRISPR-Cas) (2.27s)
  428.61s [s5:a1]          END   web_search(Progress and feasibility of magnetic con) (2.48s)
  428.77s [s11:a2]         END   web_search(Safety concerns and off-target effects o) (3.05s)
  428.91s [s7:a1]          END   web_search(latest achievements of major nuclear fus) (3.65s)
  428.94s [s11:a3]         END   web_search(Genetic mutation detection methods and t) (2.65s)
  429.08s [s14:a4]         END   web_search(how quantum error correction methods imp) (3.06s)
  430.57s [s5:a0]          END   web_search(experimental results nuclear fusion reac) (2.81s)
  430.87s [s5:a4]          END   web_search(how funding influences progress in nucle) (3.10s)
  431.95s [s5:a3]          END   web_search(latest developments and plans for commer) (3.94s)
  480.01s [s14:a3]         START web_search(integration of machine learning AI in qu) (pos #241)
  [FIFO] queue waiting 1.51s for capacity (next: s14:a0:web_search)
  481.52s [s14:a0]         START web_search(Underlying principles of new quantum err) (pos #242)
  481.52s [s11:a1]         START web_search(Recent advances in CRISPR-Cas9 and base ) (pos #243)
  481.52s [s14:a2]         START web_search(how new quantum error correction methods) (pos #244)
  481.52s [s14:a1]         START web_search(Challenges in implementing quantum error) (pos #245)
  481.52s [s0:orch]        START finalize (pos #246)
  [FIFO] queue waiting 0.71s for capacity (next: s5:a2:web_search)
  482.23s [s5:a2]          START web_search(Current research and developments in nuc) (pos #247)
  [FIFO] queue waiting 0.13s for capacity (next: s13:a2:web_search)
  482.36s [s13:a2]         START web_search(Safety and off-target effects of base ed) (pos #248)
  [FIFO] queue waiting 0.10s for capacity (next: s6:a0:web_search)
  482.46s [s6:a0]          START web_search(Improvements in quantum error correction) (pos #249)
  [FIFO] queue waiting 0.10s for capacity (next: s13:a3:agent_turn)
  482.57s [s13:a3]         START agent_turn(round-1) (pos #250)
  482.57s [s6:a4]          START web_search(current state and challenges of quantum ) (pos #251)
  [FIFO] queue waiting 1.45s for capacity (next: s1:a4:summarize)
  483.45s [s14:a3]         END   web_search(integration of machine learning AI in qu) (3.44s)
  484.01s [s1:a4]          START summarize(len=202) (pos #252)
  [FIFO] queue waiting 1.00s for capacity (next: s6:a2:web_search)
  484.53s [s14:a0]         END   web_search(Underlying principles of new quantum err) (3.01s)
  484.64s [s14:a1]         END   web_search(Challenges in implementing quantum error) (3.11s)
  484.72s [s1:a4]          END   summarize(len=202) (0.70s)
  484.83s [s14:a2]         END   web_search(how new quantum error correction methods) (3.30s)
  484.88s [s6:a0]          END   web_search(Improvements in quantum error correction) (2.41s)
  484.91s [s13:a3]         END   agent_turn(round-1) (2.35s)
  485.02s [s6:a2]          START web_search(Advances in quantum error correction in ) (pos #253)
  [FIFO] queue waiting 0.10s for capacity (next: s13:a1:web_search)
  485.06s [s13:a2]         END   web_search(Safety and off-target effects of base ed) (2.70s)
  485.12s [s13:a1]         START web_search(Efficiency and accuracy of base editing ) (pos #254)
  [FIFO] queue waiting 0.14s for capacity (next: s13:a0:web_search)
  485.26s [s13:a0]         START web_search(Molecular differences between CRISPR-Cas) (pos #255)
  485.26s [s6:a1]          START web_search(comparison of fault-tolerance thresholds) (pos #256)
  485.26s [s13:a4]         START web_search(ethical considerations of CRISPR and bas) (pos #257)
  485.26s [s3:a0]          START web_search(Molecular differences between CRISPR-Cas) (pos #258)
  485.26s [s6:a3]          START web_search(Recent experimental approaches to error ) (pos #259)
  [FIFO] queue waiting 0.10s for capacity (next: s3:a2:web_search)
  485.36s [s3:a2]          START web_search(Off-target effects and safety profile of) (pos #260)
  [FIFO] queue waiting 0.36s for capacity (next: s3:a3:web_search)
  485.38s [s11:a1]         END   web_search(Recent advances in CRISPR-Cas9 and base ) (3.86s)
  485.40s [s5:a2]          END   web_search(Current research and developments in nuc) (3.17s)
  485.72s [s3:a3]          START web_search(Advantages of base editing over CRISPR-C) (pos #261)
  [FIFO] queue waiting 0.10s for capacity (next: s8:a1:agent_turn)
  485.76s [s6:a4]          END   web_search(current state and challenges of quantum ) (3.19s)
  485.82s [s8:a1]          START agent_turn(round-1) (pos #262)
  [FIFO] queue waiting 0.10s for capacity (next: s3:a1:web_search)
  485.93s [s3:a1]          START web_search(Comparison of CRISPR-Cas9 and base editi) (pos #263)
  [FIFO] queue waiting 0.10s for capacity (next: s3:a4:web_search)
  486.03s [s3:a4]          START web_search(ethical challenges of CRISPR-Cas9 and ba) (pos #264)
  [FIFO] queue waiting 0.10s for capacity (next: s9:a1:agent_turn)
  486.13s [s9:a1]          START agent_turn(round-1) (pos #265)
  486.13s [s9:a3]          START agent_turn(round-1) (pos #266)
  [FIFO] queue waiting 0.16s for capacity (next: s9:a2:agent_turn)
  486.29s [s9:a2]          START agent_turn(round-1) (pos #267)
  [FIFO] queue waiting 1.48s for capacity (next: s2:orch:synthesis)
  486.99s [s13:a4]         END   web_search(ethical considerations of CRISPR and bas) (1.73s)
  487.72s [s3:a2]          END   web_search(Off-target effects and safety profile of) (2.36s)
  487.77s [s2:orch]        START synthesis (pos #268)
  487.77s [s9:a4]          START agent_turn(round-1) (pos #269)
  [FIFO] queue waiting 0.24s for capacity (next: s8:a2:agent_turn)
  487.80s [s8:a1]          END   agent_turn(round-1) (1.97s)
  487.84s [s13:a1]         END   web_search(Efficiency and accuracy of base editing ) (2.72s)
  487.88s [s3:a3]          END   web_search(Advantages of base editing over CRISPR-C) (2.16s)
  488.01s [s8:a2]          START agent_turn(round-1) (pos #270)
  [FIFO] queue waiting 52.00s for capacity (next: s8:a4:agent_turn)
  488.17s [s6:a1]          END   web_search(comparison of fault-tolerance thresholds) (2.91s)
  488.53s [s6:a2]          END   web_search(Advances in quantum error correction in ) (3.52s)
  488.60s [s9:a2]          END   agent_turn(round-1) (2.31s)
  488.70s [s6:a3]          END   web_search(Recent experimental approaches to error ) (3.44s)
  488.79s [s3:a4]          END   web_search(ethical challenges of CRISPR-Cas9 and ba) (2.76s)
  488.80s [s9:a1]          END   agent_turn(round-1) (2.67s)
  488.83s [s13:a0]         END   web_search(Molecular differences between CRISPR-Cas) (3.57s)
  489.26s [s9:a3]          END   agent_turn(round-1) (3.13s)
  489.32s [s3:a0]          END   web_search(Molecular differences between CRISPR-Cas) (4.06s)
  489.65s [s3:a1]          END   web_search(Comparison of CRISPR-Cas9 and base editi) (3.72s)
  490.42s [s9:a4]          END   agent_turn(round-1) (2.64s)
  490.86s [s8:a2]          END   agent_turn(round-1) (2.85s)
  494.34s [s2:orch]        END   synthesis (6.57s)
  496.42s [s0:orch]        END   finalize (14.90s)
  [session=0] done in 496.4s (arrived at 0.0s)
  540.01s [s8:a4]          START agent_turn(round-1) (pos #271)
  [FIFO] queue waiting 1.51s for capacity (next: s8:a0:agent_turn)
  541.52s [s8:a0]          START agent_turn(round-1) (pos #272)
  541.53s [s8:a3]          START agent_turn(round-1) (pos #273)
  541.53s [s4:a3]          START agent_turn(round-1) (pos #274)
  541.53s [s4:a2]          START agent_turn(round-1) (pos #275)
  541.53s [s4:a0]          START agent_turn(round-1) (pos #276)
  [FIFO] queue waiting 0.71s for capacity (next: s4:a1:agent_turn)
  542.24s [s4:a1]          START agent_turn(round-1) (pos #277)
  [FIFO] queue waiting 0.13s for capacity (next: s7:a3:agent_turn)
  542.36s [s7:a3]          START agent_turn(round-1) (pos #278)
  [FIFO] queue waiting 0.10s for capacity (next: s7:a2:agent_turn)
  542.41s [s8:a4]          END   agent_turn(round-1) (2.40s)
  542.46s [s7:a2]          START agent_turn(round-1) (pos #279)
  [FIFO] queue waiting 0.10s for capacity (next: s7:a4:agent_turn)
  542.57s [s7:a4]          START agent_turn(round-1) (pos #280)
  542.57s [s4:a4]          START agent_turn(round-1) (pos #281)
  [FIFO] queue waiting 1.45s for capacity (next: s12:a1:agent_turn)
  543.34s [s8:a3]          END   agent_turn(round-1) (1.81s)
  543.44s [s8:a0]          END   agent_turn(round-1) (1.92s)
  543.58s [s4:a2]          END   agent_turn(round-1) (2.06s)
  543.78s [s4:a0]          END   agent_turn(round-1) (2.25s)
  544.01s [s12:a1]         START agent_turn(round-1) (pos #282)
  [FIFO] queue waiting 1.00s for capacity (next: s7:a0:agent_turn)
  544.02s [s4:a1]          END   agent_turn(round-1) (1.78s)
  544.37s [s4:a3]          END   agent_turn(round-1) (2.85s)
  544.38s [s7:a2]          END   agent_turn(round-1) (1.91s)
  544.64s [s7:a3]          END   agent_turn(round-1) (2.28s)
  544.83s [s4:a4]          END   agent_turn(round-1) (2.26s)
  545.02s [s7:a0]          START agent_turn(round-1) (pos #283)
  [FIFO] queue waiting 0.10s for capacity (next: s12:a2:agent_turn)
  545.12s [s12:a2]         START agent_turn(round-1) (pos #284)
  [FIFO] queue waiting 0.14s for capacity (next: s12:a4:agent_turn)
  545.26s [s12:a4]         START agent_turn(round-1) (pos #285)
  545.26s [s12:a0]         START agent_turn(round-1) (pos #286)
  545.26s [s12:a3]         START agent_turn(round-1) (pos #287)
  545.26s [s10:a3]         START agent_turn(round-1) (pos #288)
  545.26s [s10:a2]         START agent_turn(round-1) (pos #289)
  [FIFO] queue waiting 0.10s for capacity (next: s10:a0:agent_turn)
  545.35s [s7:a4]          END   agent_turn(round-1) (2.78s)
  545.36s [s10:a0]         START agent_turn(round-1) (pos #290)
  [FIFO] queue waiting 0.36s for capacity (next: s10:a1:agent_turn)
  545.72s [s10:a1]         START agent_turn(round-1) (pos #291)
  [FIFO] queue waiting 0.10s for capacity (next: s11:a0:web_search)
  545.82s [s11:a0]         START web_search(Base editing mechanism) (pos #292)
  [FIFO] queue waiting 0.10s for capacity (next: s10:a4:agent_turn)
  545.93s [s10:a4]         START agent_turn(round-1) (pos #293)
  [FIFO] queue waiting 0.10s for capacity (next: s11:a4:web_search)
  546.03s [s12:a1]         END   agent_turn(round-1) (2.01s)
  546.03s [s11:a4]         START web_search(current clinical trial statuses for base) (pos #294)
  [FIFO] queue waiting 0.10s for capacity (next: s5:a1:agent_turn)
  546.13s [s5:a1]          START agent_turn(round-1) (pos #295)
  546.13s [s11:a2]         START agent_turn(round-1) (pos #296)
  [FIFO] queue waiting 0.16s for capacity (next: s7:a1:agent_turn)
  546.29s [s7:a1]          START agent_turn(round-1) (pos #297)
  [FIFO] queue waiting 1.48s for capacity (next: s11:a3:agent_turn)
  546.47s [s10:a3]         END   agent_turn(round-1) (1.22s)
  546.60s [s7:a0]          END   agent_turn(round-1) (1.58s)
  546.78s [s10:a0]         END   agent_turn(round-1) (1.42s)
  546.94s [s12:a0]         END   agent_turn(round-1) (1.68s)
  547.06s [s12:a3]         END   agent_turn(round-1) (1.80s)
  547.26s [s10:a1]         END   agent_turn(round-1) (1.54s)
  547.26s [s12:a2]         END   agent_turn(round-1) (2.15s)
  547.47s [s10:a2]         END   agent_turn(round-1) (2.21s)
  547.77s [s11:a3]         START agent_turn(round-1) (pos #298)
  547.77s [s14:a4]         START agent_turn(round-1) (pos #299)
  [FIFO] queue waiting 0.24s for capacity (next: s5:a0:agent_turn)
  548.00s [s10:a4]         END   agent_turn(round-1) (2.07s)
  548.01s [s5:a0]          START agent_turn(round-1) (pos #300)
  [FIFO] queue waiting 52.00s for capacity (next: s5:a4:agent_turn)
  548.05s [s11:a0]         END   web_search(Base editing mechanism) (2.22s)
  548.07s [s11:a4]         END   web_search(current clinical trial statuses for base) (2.04s)
  548.20s [s12:a4]         END   agent_turn(round-1) (2.94s)
  548.22s [s11:a2]         END   agent_turn(round-1) (2.09s)
  548.36s [s7:a1]          END   agent_turn(round-1) (2.07s)
  548.84s [s5:a1]          END   agent_turn(round-1) (2.71s)
  549.88s [s14:a4]         END   agent_turn(round-1) (2.11s)
  550.08s [s11:a3]         END   agent_turn(round-1) (2.31s)
  550.41s [s5:a0]          END   agent_turn(round-1) (2.40s)
  600.02s [s5:a4]          START agent_turn(round-1) (pos #301)
  [FIFO] queue waiting 1.51s for capacity (next: s5:a3:agent_turn)
  601.53s [s5:a3]          START agent_turn(round-1) (pos #302)
  601.53s [s14:a3]         START agent_turn(round-1) (pos #303)
  601.53s [s14:a0]         START agent_turn(round-1) (pos #304)
  601.53s [s14:a1]         START agent_turn(round-1) (pos #305)
  601.53s [s1:a4]          START summarize(len=209) (pos #306)
  [FIFO] queue waiting 0.71s for capacity (next: s14:a2:agent_turn)
  601.76s [s5:a4]          END   agent_turn(round-1) (1.75s)
  602.24s [s14:a2]         START agent_turn(round-1) (pos #307)
  [FIFO] queue waiting 0.13s for capacity (next: s6:a0:agent_turn)
  602.31s [s1:a4]          END   summarize(len=209) (0.78s)
  602.36s [s6:a0]          START agent_turn(round-1) (pos #308)
  [FIFO] queue waiting 0.10s for capacity (next: s13:a3:summarize)
  602.47s [s13:a3]         START summarize(len=684) (pos #309)
  [FIFO] queue waiting 0.10s for capacity (next: s13:a2:agent_turn)
  602.57s [s13:a2]         START agent_turn(round-1) (pos #310)
  602.57s [s11:a1]         START agent_turn(round-1) (pos #311)
  [FIFO] queue waiting 1.45s for capacity (next: s5:a2:agent_turn)
  603.63s [s14:a3]         END   agent_turn(round-1) (2.10s)
  603.71s [s13:a3]         END   summarize(len=684) (1.24s)
  603.74s [s14:a0]         END   agent_turn(round-1) (2.22s)
  604.02s [s5:a2]          START agent_turn(round-1) (pos #312)
  [FIFO] queue waiting 1.00s for capacity (next: s6:a4:agent_turn)
  604.23s [s14:a2]         END   agent_turn(round-1) (2.00s)
  604.32s [s6:a0]          END   agent_turn(round-1) (1.95s)
  604.33s [s5:a3]          END   agent_turn(round-1) (2.81s)
  604.37s [s14:a1]         END   agent_turn(round-1) (2.84s)
  604.76s [s13:a2]         END   agent_turn(round-1) (2.19s)
  605.02s [s6:a4]          START agent_turn(round-1) (pos #313)
  [FIFO] queue waiting 0.10s for capacity (next: s13:a4:agent_turn)
  605.12s [s13:a4]         START agent_turn(round-1) (pos #314)
  [FIFO] queue waiting 0.14s for capacity (next: s3:a2:agent_turn)
  605.26s [s3:a2]          START agent_turn(round-1) (pos #315)
  605.26s [s13:a1]         START agent_turn(round-1) (pos #316)
  605.26s [s3:a3]          START agent_turn(round-1) (pos #317)
  605.26s [s6:a1]          START agent_turn(round-1) (pos #318)
  605.26s [s6:a2]          START web_search(Advances in quantum error correction in ) (pos #319)
  [FIFO] queue waiting 0.10s for capacity (next: s6:a3:agent_turn)
  605.36s [s6:a3]          START agent_turn(round-1) (pos #320)
  [FIFO] queue waiting 0.36s for capacity (next: s3:a4:web_search)
  605.54s [s11:a1]         END   agent_turn(round-1) (2.98s)
  605.72s [s3:a4]          START web_search(delivery challenges of CRISPR-Cas9 and b) (pos #321)
  [FIFO] queue waiting 0.10s for capacity (next: s13:a0:agent_turn)
  605.83s [s13:a0]         START agent_turn(round-1) (pos #322)
  [FIFO] queue waiting 0.10s for capacity (next: s3:a0:agent_turn)
  605.93s [s3:a0]          START agent_turn(round-1) (pos #323)
  [FIFO] queue waiting 0.10s for capacity (next: s3:a1:agent_turn)
  606.03s [s3:a1]          START agent_turn(round-1) (pos #324)
  [FIFO] queue waiting 0.10s for capacity (next: s9:orch:synthesis)
  606.13s [s9:orch]        START synthesis (pos #325)
  606.13s [s2:r0]          START review_citations (pos #326)
  [FIFO] queue waiting 0.16s for capacity (next: s2:r1:review_style)
  606.29s [s2:r1]          START review_style (pos #327)
  [FIFO] queue waiting 1.48s for capacity (next: s2:r2:review_facts)
  606.57s [s5:a2]          END   agent_turn(round-1) (2.55s)
  606.96s [s6:a4]          END   agent_turn(round-1) (1.94s)
  607.10s [s6:a1]          END   agent_turn(round-1) (1.84s)
  607.10s [s6:a3]          END   agent_turn(round-1) (1.74s)
  607.11s [s6:a2]          END   web_search(Advances in quantum error correction in ) (1.85s)
  607.13s [s3:a3]          END   agent_turn(round-1) (1.87s)
  607.32s [s3:a2]          END   agent_turn(round-1) (2.07s)
  607.61s [s13:a4]         END   agent_turn(round-1) (2.49s)
  607.77s [s13:a1]         END   agent_turn(round-1) (2.51s)
  607.77s [s2:r2]          START review_facts (pos #328)
  607.77s [s8:orch]        START synthesis (pos #329)
  [FIFO] queue waiting 0.24s for capacity (next: s4:orch:synthesis)
  608.01s [s4:orch]        START synthesis (pos #330)
  [FIFO] queue waiting 52.00s for capacity (next: s10:orch:synthesis)
  608.07s [s3:a4]          END   web_search(delivery challenges of CRISPR-Cas9 and b) (2.35s)
  608.31s [s3:a1]          END   agent_turn(round-1) (2.28s)
  609.21s [s3:a0]          END   agent_turn(round-1) (3.28s)
  609.22s [s13:a0]         END   agent_turn(round-1) (3.40s)
  610.83s [s2:r1]          END   review_style (4.54s)
  612.54s [s4:orch]        END   synthesis (4.53s)
  613.51s [s2:r0]          END   review_citations (7.38s)
  613.62s [s8:orch]        END   synthesis (5.84s)
  613.76s [s9:orch]        END   synthesis (7.62s)
  613.90s [s2:r2]          END   review_facts (6.13s)
  660.02s [s10:orch]       START synthesis (pos #331)
  [FIFO] queue waiting 1.51s for capacity (next: s11:a0:agent_turn)
  661.53s [s11:a0]         START agent_turn(round-1) (pos #332)
  661.53s [s11:a4]         START web_search(regulatory considerations for base editi) (pos #333)
  661.53s [s12:orch]       START synthesis (pos #334)
  661.53s [s7:orch]        START synthesis (pos #335)
  661.53s [s1:a4]          START agent_turn(round-2) (pos #336)
  [FIFO] queue waiting 0.71s for capacity (next: s13:a3:summarize)
  662.24s [s13:a3]         START summarize(len=394) (pos #337)
  [FIFO] queue waiting 0.13s for capacity (next: s14:orch:synthesis)
  662.37s [s14:orch]       START synthesis (pos #338)
  [FIFO] queue waiting 0.10s for capacity (next: s5:orch:synthesis)
  662.47s [s5:orch]        START synthesis (pos #339)
  [FIFO] queue waiting 0.10s for capacity (next: s6:a2:agent_turn)
  662.57s [s6:a2]          START agent_turn(round-1) (pos #340)
  662.57s [s3:a4]          START agent_turn(round-1) (pos #341)
  [FIFO] queue waiting 1.45s for capacity (next: s4:r0:review_citations)
  662.80s [s13:a3]         END   summarize(len=394) (0.56s)
  663.02s [s1:a4]          END   agent_turn(round-2) (1.50s)
  663.83s [s11:a0]         END   agent_turn(round-1) (2.31s)
  664.02s [s4:r0]          START review_citations (pos #342)
  [FIFO] queue waiting 1.00s for capacity (next: s4:r1:review_style)
  664.16s [s10:orch]       END   synthesis (4.14s)
  664.63s [s6:a2]          END   agent_turn(round-1) (2.06s)
  665.02s [s4:r1]          START review_style (pos #343)
  [FIFO] queue waiting 0.10s for capacity (next: s4:r2:review_facts)
  665.12s [s4:r2]          START review_facts (pos #344)
  [FIFO] queue waiting 0.14s for capacity (next: s8:r0:review_citations)
  665.21s [s3:a4]          END   agent_turn(round-1) (2.64s)
  665.26s [s8:r0]          START review_citations (pos #345)
  665.26s [s8:r1]          START review_style (pos #346)
  665.26s [s8:r2]          START review_facts (pos #347)
  665.26s [s9:r0]          START review_citations (pos #348)
  665.26s [s9:r1]          START review_style (pos #349)
  [FIFO] queue waiting 0.10s for capacity (next: s9:r2:review_facts)
  665.36s [s9:r2]          START review_facts (pos #350)
  [FIFO] queue waiting 0.36s for capacity (next: s2:orch:finalize)
  665.73s [s2:orch]        START finalize (pos #351)
  [FIFO] queue waiting 0.10s for capacity (next: s13:a3:agent_turn)
  665.83s [s13:a3]         START agent_turn(round-2) (pos #352)
  [FIFO] queue waiting 0.10s for capacity (next: s1:orch:synthesis)
  665.87s [s11:a4]         END   web_search(regulatory considerations for base editi) (4.34s)
  665.93s [s1:orch]        START synthesis (pos #353)
  [FIFO] queue waiting 0.10s for capacity (next: s10:r0:review_citations)
  666.03s [s10:r0]         START review_citations (pos #354)
  [FIFO] queue waiting 0.10s for capacity (next: s10:r1:review_style)
  666.13s [s10:r1]         START review_style (pos #355)
  666.13s [s10:r2]         START review_facts (pos #356)
  [FIFO] queue waiting 0.16s for capacity (next: s6:orch:synthesis)
  666.29s [s6:orch]        START synthesis (pos #357)
  [FIFO] queue waiting 1.48s for capacity (next: s3:orch:synthesis)
  667.30s [s13:a3]         END   agent_turn(round-2) (1.48s)
  667.77s [s3:orch]        START synthesis (pos #358)
  667.77s [s11:a4]         START agent_turn(round-1) (pos #359)
  [FIFO] queue waiting 0.24s for capacity (next: s13:orch:synthesis)
  668.01s [s13:orch]       START synthesis (pos #360)
  668.43s [s7:orch]        END   synthesis (6.91s)
  [FIFO] queue waiting 51.58s for capacity (next: s7:r0:review_citations)
  668.77s [s5:orch]        END   synthesis (6.31s)
  669.14s [s14:orch]       END   synthesis (6.77s)
  669.97s [s12:orch]       END   synthesis (8.44s)
  670.11s [s4:r1]          END   review_style (5.09s)
  670.58s [s10:r1]         END   review_style (4.44s)
  670.61s [s11:a4]         END   agent_turn(round-1) (2.84s)
  670.74s [s9:r1]          END   review_style (5.48s)
  670.90s [s4:r0]          END   review_citations (6.88s)
  670.98s [s8:r1]          END   review_style (5.72s)
  671.72s [s9:r2]          END   review_facts (6.36s)
  672.02s [s8:r2]          END   review_facts (6.76s)
  672.03s [s1:orch]        END   synthesis (6.11s)
  673.77s [s6:orch]        END   synthesis (7.48s)
  673.77s [s3:orch]        END   synthesis (6.00s)
  673.97s [s10:r0]         END   review_citations (7.94s)
  674.24s [s13:orch]       END   synthesis (6.23s)
  674.30s [s4:r2]          END   review_facts (9.18s)
  675.27s [s2:orch]        END   finalize (9.55s)
  [session=2] done in 667.3s (arrived at 8.0s)
  675.69s [s10:r2]         END   review_facts (9.56s)
  676.64s [s9:r0]          END   review_citations (11.38s)
  677.77s [s8:r0]          END   review_citations (12.51s)
  720.02s [s7:r0]          START review_citations (pos #361)
  [FIFO] queue waiting 1.51s for capacity (next: s7:r1:review_style)
  721.53s [s7:r1]          START review_style (pos #362)
  721.53s [s7:r2]          START review_facts (pos #363)
  721.53s [s5:r0]          START review_citations (pos #364)
  721.53s [s5:r1]          START review_style (pos #365)
  721.53s [s5:r2]          START review_facts (pos #366)
  [FIFO] queue waiting 0.71s for capacity (next: s14:r0:review_citations)
  722.24s [s14:r0]         START review_citations (pos #367)
  [FIFO] queue waiting 0.13s for capacity (next: s14:r1:review_style)
  722.37s [s14:r1]         START review_style (pos #368)
  [FIFO] queue waiting 0.10s for capacity (next: s14:r2:review_facts)
  722.47s [s14:r2]         START review_facts (pos #369)
  [FIFO] queue waiting 0.10s for capacity (next: s12:r0:review_citations)
  722.57s [s12:r0]         START review_citations (pos #370)
  722.57s [s12:r1]         START review_style (pos #371)
  [FIFO] queue waiting 1.45s for capacity (next: s12:r2:review_facts)
  724.02s [s12:r2]         START review_facts (pos #372)
  [FIFO] queue waiting 1.00s for capacity (next: s11:orch:synthesis)
  725.02s [s11:orch]       START synthesis (pos #373)
  [FIFO] queue waiting 0.10s for capacity (next: s1:r0:review_citations)
  725.12s [s1:r0]          START review_citations (pos #374)
  [FIFO] queue waiting 0.14s for capacity (next: s1:r1:review_style)
  725.26s [s1:r1]          START review_style (pos #375)
  725.26s [s1:r2]          START review_facts (pos #376)
  725.26s [s6:r0]          START review_citations (pos #377)
  725.26s [s6:r1]          START review_style (pos #378)
  725.26s [s6:r2]          START review_facts (pos #379)
  [FIFO] queue waiting 0.10s for capacity (next: s3:r0:review_citations)
  725.36s [s3:r0]          START review_citations (pos #380)
  [FIFO] queue waiting 0.36s for capacity (next: s3:r1:review_style)
  725.73s [s3:r1]          START review_style (pos #381)
  [FIFO] queue waiting 0.10s for capacity (next: s3:r2:review_facts)
  725.83s [s3:r2]          START review_facts (pos #382)
  [FIFO] queue waiting 0.10s for capacity (next: s13:r0:review_citations)
  725.93s [s13:r0]         START review_citations (pos #383)
  [FIFO] queue waiting 0.10s for capacity (next: s13:r1:review_style)
  726.03s [s13:r1]         START review_style (pos #384)
  [FIFO] queue waiting 0.10s for capacity (next: s13:r2:review_facts)
  726.13s [s13:r2]         START review_facts (pos #385)
  726.13s [s4:orch]        START finalize (pos #386)
  [FIFO] queue waiting 0.16s for capacity (next: s10:orch:finalize)
  726.30s [s10:orch]       START finalize (pos #387)
  [FIFO] queue waiting 1.48s for capacity (next: s9:orch:finalize)
  727.23s [s5:r1]          END   review_style (5.70s)
  727.26s [s7:r2]          END   review_facts (5.73s)
  727.78s [s9:orch]        START finalize (pos #388)
  727.78s [s8:orch]        START finalize (pos #389)
  727.85s [s7:r1]          END   review_style (6.32s)
  728.28s [s7:r0]          END   review_citations (8.26s)
  728.28s [s7:orch]        START finalize (pos #390)
  728.47s [s5:r0]          END   review_citations (6.94s)
  728.94s [s14:r2]         END   review_facts (6.47s)
  729.38s [s5:r2]          END   review_facts (7.85s)
  [FIFO] queue waiting 50.63s for capacity (next: s5:orch:finalize)
  729.69s [s12:r1]         END   review_style (7.12s)
  730.20s [s14:r1]         END   review_style (7.84s)
  730.45s [s1:r1]          END   review_style (5.19s)
  730.60s [s6:r1]          END   review_style (5.33s)
  730.89s [s11:orch]       END   synthesis (5.87s)
  731.65s [s3:r1]          END   review_style (5.92s)
  732.18s [s12:r0]         END   review_citations (9.61s)
  732.40s [s6:r0]          END   review_citations (7.14s)
  732.44s [s4:orch]        END   finalize (6.30s)
  [session=4] done in 716.4s (arrived at 16.0s)
  732.46s [s12:r2]         END   review_facts (8.45s)
  732.66s [s10:orch]       END   finalize (6.36s)
  [session=10] done in 692.7s (arrived at 40.0s)
  732.94s [s1:r0]          END   review_citations (7.81s)
  733.14s [s6:r2]          END   review_facts (7.87s)
  733.36s [s14:r0]         END   review_citations (11.13s)
  733.79s [s13:r2]         END   review_facts (7.65s)
  734.29s [s13:r1]         END   review_style (8.25s)
  734.98s [s1:r2]          END   review_facts (9.72s)
  737.38s [s3:r2]          END   review_facts (11.55s)
  738.12s [s9:orch]        END   finalize (10.34s)
  [session=9] done in 702.1s (arrived at 36.0s)
  738.50s [s3:r0]          END   review_citations (13.13s)
  739.67s [s7:orch]        END   finalize (11.38s)
  [session=7] done in 711.7s (arrived at 28.0s)
  739.72s [s13:r0]         END   review_citations (13.79s)
  745.57s [s8:orch]        END   finalize (17.79s)
  [session=8] done in 713.6s (arrived at 32.0s)
  780.02s [s5:orch]        START finalize (pos #391)
  [FIFO] queue waiting 1.51s for capacity (next: s11:r0:review_citations)
  781.53s [s11:r0]         START review_citations (pos #392)
  781.53s [s11:r1]         START review_style (pos #393)
  781.53s [s11:r2]         START review_facts (pos #394)
  781.53s [s12:orch]       START finalize (pos #395)
  781.53s [s6:orch]        START finalize (pos #396)
  [FIFO] queue waiting 0.71s for capacity (next: s14:orch:finalize)
  782.24s [s14:orch]       START finalize (pos #397)
  [FIFO] queue waiting 0.12s for capacity (next: s1:orch:finalize)
  782.37s [s1:orch]        START finalize (pos #398)
  [FIFO] queue waiting 0.10s for capacity (next: s3:orch:finalize)
  782.47s [s3:orch]        START finalize (pos #399)
  [FIFO] queue waiting 0.10s for capacity (next: s13:orch:finalize)
  782.57s [s13:orch]       START finalize (pos #400)
  789.19s [s11:r1]         END   review_style (7.66s)
  789.93s [s11:r2]         END   review_facts (8.40s)
  790.31s [s5:orch]        END   finalize (10.29s)
  [session=5] done in 770.3s (arrived at 20.0s)
  790.64s [s14:orch]       END   finalize (8.40s)
  [session=14] done in 734.6s (arrived at 56.0s)
  791.05s [s3:orch]        END   finalize (8.58s)
  [session=3] done in 779.1s (arrived at 12.0s)
  792.26s [s6:orch]        END   finalize (10.73s)
  [session=6] done in 768.3s (arrived at 24.0s)
  792.57s [s12:orch]       END   finalize (11.04s)
  [session=12] done in 744.6s (arrived at 48.0s)
  793.47s [s11:r0]         END   review_citations (11.94s)
  793.47s [s11:orch]       START finalize (pos #401)
  797.37s [s13:orch]       END   finalize (14.80s)
  [session=13] done in 745.4s (arrived at 52.0s)
  797.45s [s1:orch]        END   finalize (15.08s)
  [session=1] done in 793.4s (arrived at 4.0s)
  800.96s [s11:orch]       END   finalize (7.50s)
  [session=11] done in 757.0s (arrived at 44.0s)

======================================================================
 SUMMARY  (15 ok / 0 failed)
======================================================================
  Session durations:
    count  = 15
    mean   = 719.52s
    median = 734.64s
    p95    = 793.45s
    p99    = 793.45s
    min    = 496.42s
    max    = 793.45s
    stdev  = 70.98s

  Cost:
  Total LLM calls:      401
  Total input tokens:   226,751
  Total output tokens:  154,152
  Total cost:           $0.0843 / $16.67
======================================================================


======================================================================
 TRACE SUMMARY
======================================================================
 Total wall time: 800.97s
 Total LLM calls: 401

 Per agent:
   s0:a0            4 calls, 9.29s LLM
   s0:a1            4 calls, 8.64s LLM
   s0:a2            4 calls, 9.25s LLM
   s0:a3            4 calls, 8.63s LLM
   s0:a4            4 calls, 9.83s LLM
   s0:orch          3 calls, 24.72s LLM
   s0:r0            1 calls, 11.01s LLM
   s0:r1            1 calls, 4.52s LLM
   s0:r2            1 calls, 11.38s LLM
   s10:a0           4 calls, 7.76s LLM
   s10:a1           4 calls, 7.91s LLM
   s10:a2           4 calls, 8.25s LLM
   s10:a3           4 calls, 6.77s LLM
   s10:a4           4 calls, 8.47s LLM
   s10:orch         3 calls, 12.13s LLM
   s10:r0           1 calls, 7.94s LLM
   s10:r1           1 calls, 4.44s LLM
   s10:r2           1 calls, 9.56s LLM
   s11:a0           5 calls, 10.98s LLM
   s11:a1           4 calls, 13.24s LLM
   s11:a2           4 calls, 8.61s LLM
   s11:a3           4 calls, 9.16s LLM
   s11:a4           6 calls, 15.33s LLM
   s11:orch         3 calls, 14.93s LLM
   s11:r0           1 calls, 11.94s LLM
   s11:r1           1 calls, 7.66s LLM
   s11:r2           1 calls, 8.40s LLM
   s12:a0           4 calls, 8.52s LLM
   s12:a1           4 calls, 8.93s LLM
   s12:a2           4 calls, 8.50s LLM
   s12:a3           4 calls, 9.68s LLM
   s12:a4           4 calls, 8.72s LLM
   s12:orch         3 calls, 20.58s LLM
   s12:r0           1 calls, 9.61s LLM
   s12:r1           1 calls, 7.12s LLM
   s12:r2           1 calls, 8.45s LLM
   s13:a0           4 calls, 12.00s LLM
   s13:a1           4 calls, 9.60s LLM
   s13:a2           4 calls, 8.84s LLM
   s13:a3           6 calls, 9.77s LLM
   s13:a4           4 calls, 9.16s LLM
   s13:orch         3 calls, 22.81s LLM
   s13:r0           1 calls, 13.79s LLM
   s13:r1           1 calls, 8.25s LLM
   s13:r2           1 calls, 7.65s LLM
   s14:a0           4 calls, 8.81s LLM
   s14:a1           4 calls, 12.29s LLM
   s14:a2           4 calls, 11.17s LLM
   s14:a3           4 calls, 9.88s LLM
   s14:a4           4 calls, 8.29s LLM
   s14:orch         3 calls, 16.67s LLM
   s14:r0           1 calls, 11.13s LLM
   s14:r1           1 calls, 7.84s LLM
   s14:r2           1 calls, 6.47s LLM
   s1:a0            4 calls, 9.17s LLM
   s1:a1            4 calls, 10.11s LLM
   s1:a2            4 calls, 8.45s LLM
   s1:a3            4 calls, 17.25s LLM
   s1:a4            9 calls, 11.47s LLM
   s1:orch          3 calls, 22.43s LLM
   s1:r0            1 calls, 7.81s LLM
   s1:r1            1 calls, 5.19s LLM
   s1:r2            1 calls, 9.72s LLM
   s2:a0            4 calls, 10.06s LLM
   s2:a1            4 calls, 10.61s LLM
   s2:a2            4 calls, 10.47s LLM
   s2:a3            4 calls, 7.67s LLM
   s2:a4            4 calls, 7.42s LLM
   s2:orch          3 calls, 17.44s LLM
   s2:r0            1 calls, 7.38s LLM
   s2:r1            1 calls, 4.54s LLM
   s2:r2            1 calls, 6.13s LLM
   s3:a0            4 calls, 11.89s LLM
   s3:a1            4 calls, 10.74s LLM
   s3:a2            4 calls, 7.57s LLM
   s3:a3            4 calls, 8.70s LLM
   s3:a4            5 calls, 12.78s LLM
   s3:orch          3 calls, 17.86s LLM
   s3:r0            1 calls, 13.13s LLM
   s3:r1            1 calls, 5.92s LLM
   s3:r2            1 calls, 11.55s LLM
   s4:a0            4 calls, 7.88s LLM
   s4:a1            4 calls, 7.60s LLM
   s4:a2            4 calls, 7.95s LLM
   s4:a3            4 calls, 8.28s LLM
   s4:a4            4 calls, 9.76s LLM
   s4:orch          3 calls, 12.34s LLM
   s4:r0            1 calls, 6.88s LLM
   s4:r1            1 calls, 5.09s LLM
   s4:r2            1 calls, 9.18s LLM
   s5:a0            4 calls, 9.78s LLM
   s5:a1            4 calls, 9.32s LLM
   s5:a2            4 calls, 17.89s LLM
   s5:a3            4 calls, 11.32s LLM
   s5:a4            4 calls, 9.24s LLM
   s5:orch          3 calls, 18.96s LLM
   s5:r0            1 calls, 6.94s LLM
   s5:r1            1 calls, 5.70s LLM
   s5:r2            1 calls, 7.85s LLM
   s6:a0            4 calls, 8.37s LLM
   s6:a1            4 calls, 9.50s LLM
   s6:a2            5 calls, 11.23s LLM
   s6:a3            4 calls, 10.55s LLM
   s6:a4            4 calls, 8.10s LLM
   s6:orch          3 calls, 20.82s LLM
   s6:r0            1 calls, 7.14s LLM
   s6:r1            1 calls, 5.33s LLM
   s6:r2            1 calls, 7.87s LLM
   s7:a0            4 calls, 8.60s LLM
   s7:a1            4 calls, 12.95s LLM
   s7:a2            4 calls, 7.94s LLM
   s7:a3            4 calls, 9.06s LLM
   s7:a4            4 calls, 8.48s LLM
   s7:orch          3 calls, 19.95s LLM
   s7:r0            1 calls, 8.26s LLM
   s7:r1            1 calls, 6.32s LLM
   s7:r2            1 calls, 5.73s LLM
   s8:a0            4 calls, 11.51s LLM
   s8:a1            4 calls, 7.58s LLM
   s8:a2            4 calls, 9.37s LLM
   s8:a3            4 calls, 7.94s LLM
   s8:a4            4 calls, 8.36s LLM
   s8:orch          3 calls, 25.12s LLM
   s8:r0            1 calls, 12.51s LLM
   s8:r1            1 calls, 5.72s LLM
   s8:r2            1 calls, 6.76s LLM
   s9:a0            3 calls, 5.59s LLM
   s9:a1            4 calls, 9.94s LLM
   s9:a2            4 calls, 9.03s LLM
   s9:a3            4 calls, 9.46s LLM
   s9:a4            4 calls, 9.96s LLM
   s9:orch          3 calls, 19.21s LLM
   s9:r0            1 calls, 11.38s LLM
   s9:r1            1 calls, 5.48s LLM
   s9:r2            1 calls, 6.36s LLM

 Per call type:
   agent_turn       152 calls, 244.77s total
   breakdown        15 calls, 25.78s total
   finalize         15 calls, 163.05s total
   review_citations 15 calls, 146.84s total
   review_facts     15 calls, 123.06s total
   review_style     15 calls, 89.12s total
   summarize        7 calls, 5.65s total
   synthesis        15 calls, 97.13s total
   web_search       152 calls, 472.76s total

 Queue stats:
   Queued calls: 401/401

 Total LLM time (sum): 1368.16s
 Wall time:            800.97s
 Parallelism ratio:    1.7x

======================================================================
 TIMELINE
======================================================================
   0.0s |#                                                           |   1.5s  s0:orch:breakdown
   1.5s |#                                                           |   2.4s  s0:a0:agent_turn(round-0)
   1.5s |#                                                           |   2.5s  s0:a1:agent_turn(round-0)
   1.5s |#                                                           |   2.5s  s0:a2:agent_turn(round-0)
   1.5s |#                                                           |   2.4s  s0:a3:agent_turn(round-0)
   1.5s |#                                                           |   2.2s  s0:a4:agent_turn(round-0)
   2.2s |#                                                           |   5.7s  s0:a4:web_search(ethical legal safety)
   2.4s |#                                                           |   5.7s  s0:a0:web_search(Roles of large langu)
   2.4s |#                                                           |   5.3s  s0:a3:web_search(How do large languag)
   2.5s |#                                                           |   5.1s  s0:a1:web_search(How do Large Languag)
   2.5s |#                                                           |   5.0s  s0:a2:web_search(advantages of using )
   4.0s |#                                                           |   5.2s  s1:orch:breakdown
   5.0s |#                                                           |   8.6s  s0:a2:web_search(limitations of using)
   5.1s |#                                                           |   8.1s  s0:a1:web_search(Applications of GPT )
   5.2s |#                                                           |   5.9s  s1:a0:agent_turn(round-0)
   5.2s |#                                                           |   6.3s  s1:a1:agent_turn(round-0)
   5.2s |#                                                           |   6.0s  s1:a2:agent_turn(round-0)
   5.2s |#                                                           |   6.1s  s1:a3:agent_turn(round-0)
   5.2s |#                                                           |   6.0s  s1:a4:agent_turn(round-0)
   5.3s |#                                                           |   7.8s  s0:a3:web_search(Use of LLMs in drug )
   5.7s |#                                                           |   8.4s  s0:a4:web_search(challenges and risks)
   5.7s |#                                                           |   7.8s  s0:a0:web_search(Applications of larg)
   5.9s |#                                                           |   9.4s  s1:a0:web_search(application of large)
   6.0s |#                                                           |   8.9s  s1:a4:web_search(Impact of large lang)
   6.0s |#                                                           |   8.8s  s1:a2:web_search(ways large language )
   6.1s |#                                                           |   9.1s  s1:a3:web_search(limitations and chal)
   6.3s |#                                                           |   8.9s  s1:a1:web_search(How do large languag)
   7.8s |#                                                           |  10.8s  s0:a0:agent_turn(round-1)
   7.8s |#                                                           |  10.1s  s0:a3:agent_turn(round-1)
   8.0s |#                                                           |   9.3s  s2:orch:breakdown
  60.0s |    #                                                       |  62.0s  s0:a1:agent_turn(round-1)
  61.5s |    #                                                       |  64.5s  s0:a4:agent_turn(round-1)
  61.5s |    #                                                       |  63.7s  s0:a2:agent_turn(round-1)
  61.5s |    #                                                       |  64.0s  s1:a2:web_search(applications of larg)
  61.5s |    #                                                       |  65.7s  s1:a1:web_search(Impact of large lang)
  61.5s |    #                                                       |  64.0s  s1:a4:agent_turn(round-1)
  62.2s |    #                                                       |  72.8s  s1:a3:web_search(current research on )
  62.4s |    #                                                       |  63.3s  s2:a0:agent_turn(round-0)
  62.5s |    #                                                       |  63.3s  s2:a1:agent_turn(round-0)
  62.6s |    #                                                       |  64.0s  s2:a2:agent_turn(round-0)
  62.6s |    #                                                       |  63.4s  s2:a3:agent_turn(round-0)
  64.0s |    #                                                       |  64.8s  s2:a4:agent_turn(round-0)
  65.0s |    #                                                       |  67.8s  s1:a0:web_search(common uses of large)
  65.1s |    #                                                       |  68.4s  s3:orch:breakdown
  65.2s |    #                                                       |  66.8s  s4:orch:breakdown
  65.2s |    #                                                       |  67.6s  s5:orch:breakdown
  65.2s |    #                                                       |  67.9s  s6:orch:breakdown
  65.2s |    #                                                       |  66.9s  s7:orch:breakdown
  65.2s |    #                                                       |  66.7s  s8:orch:breakdown
  65.4s |    #                                                       |  66.6s  s9:orch:breakdown
  65.7s |    #                                                       |  67.3s  s10:orch:breakdown
  65.8s |    #                                                       |  67.4s  s11:orch:breakdown
  65.9s |    #                                                       |  67.0s  s12:orch:breakdown
  66.0s |    #                                                       |  67.8s  s13:orch:breakdown
  66.1s |    #                                                       |  67.6s  s14:orch:breakdown
  66.1s |    #                                                       |  71.3s  s2:a1:web_search(Current status of ex)
  66.3s |    #                                                       |  69.6s  s2:a0:web_search(Recent technological)
  67.8s |     #                                                      |  70.2s  s2:a3:web_search(Roles of internation)
  67.8s |     #                                                      |  68.7s  s1:a4:summarize(len=264)
  68.0s |     #                                                      |  70.4s  s1:a2:agent_turn(round-1)
 120.0s |        #                                                   | 124.3s  s2:a2:web_search(scientific and engin)
 121.5s |         #                                                  | 129.8s  s0:orch:synthesis
 121.5s |         #                                                  | 124.3s  s2:a4:web_search(projected timelines )
 121.5s |         #                                                  | 123.8s  s1:a1:agent_turn(round-1)
 121.5s |         #                                                  | 122.1s  s9:a0:agent_turn(round-0)
 121.5s |         #                                                  | 122.5s  s9:a1:agent_turn(round-0)
 122.2s |         #                                                  | 122.9s  s9:a2:agent_turn(round-0)
 122.4s |         #                                                  | 123.3s  s9:a3:agent_turn(round-0)
 122.5s |         #                                                  | 123.3s  s9:a4:agent_turn(round-0)
 122.6s |         #                                                  | 123.3s  s8:a0:agent_turn(round-0)
 122.6s |         #                                                  | 123.4s  s8:a1:agent_turn(round-0)
 124.0s |         #                                                  | 125.4s  s8:a2:agent_turn(round-0)
 125.0s |         #                                                  | 125.6s  s8:a3:agent_turn(round-0)
 125.1s |         #                                                  | 126.0s  s8:a4:agent_turn(round-0)
 125.3s |         #                                                  | 125.9s  s4:a0:agent_turn(round-0)
 125.3s |         #                                                  | 126.2s  s4:a1:agent_turn(round-0)
 125.3s |         #                                                  | 126.1s  s4:a2:agent_turn(round-0)
 125.3s |         #                                                  | 126.5s  s4:a3:agent_turn(round-0)
 125.3s |         #                                                  | 126.3s  s4:a4:agent_turn(round-0)
 125.4s |         #                                                  | 126.3s  s7:a0:agent_turn(round-0)
 125.7s |         #                                                  | 127.4s  s7:a1:agent_turn(round-0)
 125.8s |         #                                                  | 126.7s  s7:a2:agent_turn(round-0)
 125.9s |         #                                                  | 126.7s  s7:a3:agent_turn(round-0)
 126.0s |         #                                                  | 126.7s  s7:a4:agent_turn(round-0)
 126.1s |         #                                                  | 127.1s  s12:a0:agent_turn(round-0)
 126.1s |         #                                                  | 127.7s  s12:a1:agent_turn(round-0)
 126.3s |         #                                                  | 127.1s  s12:a2:agent_turn(round-0)
 127.8s |         #                                                  | 128.6s  s12:a3:agent_turn(round-0)
 127.8s |         #                                                  | 128.6s  s12:a4:agent_turn(round-0)
 128.0s |         #                                                  | 128.8s  s10:a0:agent_turn(round-0)
 180.0s |             #                                              | 180.7s  s10:a1:agent_turn(round-0)
 181.5s |             #                                              | 182.5s  s10:a2:agent_turn(round-0)
 181.5s |             #                                              | 182.3s  s10:a3:agent_turn(round-0)
 181.5s |             #                                              | 182.4s  s10:a4:agent_turn(round-0)
 181.5s |             #                                              | 182.3s  s11:a0:agent_turn(round-0)
 181.5s |             #                                              | 182.5s  s11:a1:agent_turn(round-0)
 182.2s |             #                                              | 183.5s  s11:a2:agent_turn(round-0)
 182.4s |             #                                              | 183.2s  s11:a3:agent_turn(round-0)
 182.5s |             #                                              | 183.5s  s11:a4:agent_turn(round-0)
 182.6s |             #                                              | 183.3s  s5:a0:agent_turn(round-0)
 182.6s |             #                                              | 183.3s  s5:a1:agent_turn(round-0)
 184.0s |             #                                              | 185.1s  s5:a2:agent_turn(round-0)
 185.0s |             #                                              | 185.9s  s5:a3:agent_turn(round-0)
 185.1s |             #                                              | 186.0s  s5:a4:agent_turn(round-0)
 185.3s |             #                                              | 186.2s  s14:a0:agent_turn(round-0)
 185.3s |             #                                              | 186.1s  s14:a1:agent_turn(round-0)
 185.3s |             #                                              | 186.2s  s14:a2:agent_turn(round-0)
 185.3s |             #                                              | 186.1s  s14:a3:agent_turn(round-0)
 185.3s |             #                                              | 186.0s  s14:a4:agent_turn(round-0)
 185.4s |             #                                              | 187.6s  s1:a0:agent_turn(round-1)
 185.7s |             #                                              | 187.2s  s13:a0:agent_turn(round-0)
 185.8s |             #                                              | 186.8s  s13:a1:agent_turn(round-0)
 185.9s |             #                                              | 186.7s  s13:a2:agent_turn(round-0)
 186.0s |             #                                              | 187.2s  s13:a3:agent_turn(round-0)
 186.1s |             #                                              | 187.0s  s13:a4:agent_turn(round-0)
 186.1s |             #                                              | 187.2s  s6:a0:agent_turn(round-0)
 186.3s |             #                                              | 187.9s  s6:a1:agent_turn(round-0)
 187.8s |              #                                             | 189.1s  s6:a2:agent_turn(round-0)
 187.8s |              #                                             | 189.3s  s6:a3:agent_turn(round-0)
 188.0s |              #                                             | 188.8s  s6:a4:agent_turn(round-0)
 240.0s |                 #                                          | 240.7s  s3:a0:agent_turn(round-0)
 241.5s |                  #                                         | 242.6s  s3:a1:agent_turn(round-0)
 241.5s |                  #                                         | 242.6s  s3:a2:agent_turn(round-0)
 241.5s |                  #                                         | 242.9s  s3:a3:agent_turn(round-0)
 241.5s |                  #                                         | 242.6s  s3:a4:agent_turn(round-0)
 241.5s |                  #                                         | 242.1s  s1:a4:summarize(len=221)
 242.2s |                  #                                         | 245.4s  s2:a0:web_search(Latest containment m)
 242.4s |                  #                                         | 245.0s  s2:a3:web_search(Impact of government)
 242.5s |                  #                                         | 245.3s  s2:a1:web_search(Recent advancements )
 242.6s |                  #                                         | 245.4s  s1:a3:agent_turn(round-1)
 242.6s |                  #                                         | 245.4s  s9:a0:web_search(Roles of large langu)
 244.0s |                  #                                         | 247.1s  s9:a1:web_search(Large language model)
 245.0s |                  #                                         | 247.1s  s9:a2:web_search(limitations and chal)
 245.1s |                  #                                         | 247.5s  s9:a3:web_search(Comparison of large )
 245.3s |                  #                                         | 247.6s  s9:a4:web_search(future advancements )
 245.3s |                  #                                         | 247.6s  s8:a0:web_search(types of ecosystems )
 245.3s |                  #                                         | 247.6s  s8:a1:web_search(Impact of deep-sea m)
 245.3s |                  #                                         | 247.1s  s2:a4:web_search(potential commercial)
 245.3s |                  #                                         | 247.8s  s2:a2:web_search(current status and c)
 245.4s |                  #                                         | 247.8s  s8:a2:web_search(long-term effects of)
 245.7s |                  #                                         | 247.9s  s8:a3:web_search(Impact of deep-sea m)
 245.8s |                  #                                         | 248.2s  s4:a0:web_search(potential effects of)
 245.9s |                  #                                         | 247.9s  s8:a4:web_search(measures or technolo)
 246.0s |                  #                                         | 248.5s  s4:a2:web_search(risks of pollution a)
 246.1s |                  #                                         | 248.0s  s4:a1:web_search(impact of deep-sea m)
 246.1s |                  #                                         | 249.7s  s4:a4:web_search(long-term ecological)
 246.3s |                  #                                         | 248.4s  s7:a0:web_search(latest technological)
 247.8s |                  #                                         | 249.5s  s4:a3:web_search(impact of deep-sea m)
 247.8s |                  #                                         | 250.3s  s7:a4:web_search(Projected timelines )
 248.0s |                  #                                         | 250.8s  s7:a2:web_search(scientific and engin)
 300.0s |                      #                                     | 303.7s  s7:a3:web_search(current internationa)
 301.5s |                      #                                     | 304.9s  s12:a0:web_search(recent breakthroughs)
 301.5s |                      #                                     | 304.7s  s12:a2:web_search(new techniques to en)
 301.5s |                      #                                     | 307.1s  s7:a1:web_search(current status of nu)
 301.5s |                      #                                     | 304.2s  s12:a1:web_search(Recent developments )
 301.5s |                      #                                     | 306.1s  s12:a3:web_search(novel quantum error )
 302.2s |                      #                                     | 305.0s  s12:a4:web_search(challenges in integr)
 302.4s |                      #                                     | 304.9s  s10:a0:web_search(Potential effects of)
 302.5s |                      #                                     | 313.5s  s0:r0:review_citations
 302.6s |                      #                                     | 307.1s  s0:r1:review_style
 302.6s |                      #                                     | 313.9s  s0:r2:review_facts
 304.0s |                      #                                     | 306.7s  s10:a1:web_search(impact of deep-sea m)
 305.0s |                      #                                     | 307.2s  s10:a3:web_search(impact of deep-sea m)
 305.1s |                      #                                     | 308.2s  s11:a0:web_search(Mechanistic differen)
 305.3s |                      #                                     | 308.4s  s10:a4:web_search(long-term ecological)
 305.3s |                      #                                     | 307.8s  s10:a2:web_search(risks of deep-sea mi)
 305.3s |                      #                                     | 310.7s  s11:a1:web_search(Comparison of effici)
 305.3s |                      #                                     | 308.6s  s11:a3:web_search(Types of genetic mut)
 305.3s |                      #                                     | 308.6s  s5:a1:web_search(Comparison of magnet)
 305.4s |                      #                                     | 309.2s  s5:a0:web_search(latest technological)
 305.7s |                      #                                     | 307.9s  s11:a2:web_search(Off-target effects o)
 305.8s |                      #                                     | 308.6s  s11:a4:web_search(current clinical tri)
 305.9s |                      #                                     | 317.0s  s5:a2:web_search(Main technical and s)
 306.0s |                      #                                     | 309.7s  s5:a3:web_search(current timelines an)
 306.1s |                      #                                     | 309.6s  s5:a4:web_search(impact of internatio)
 306.1s |                      #                                     | 308.5s  s14:a4:web_search(practical applicatio)
 306.3s |                      #                                     | 309.7s  s14:a3:web_search(machine learning and)
 307.8s |                       #                                    | 313.2s  s14:a1:web_search(Recent developments )
 307.8s |                       #                                    | 312.7s  s14:a2:web_search(recent advancements )
 308.0s |                       #                                    | 310.7s  s14:a0:web_search(Recent developments )
 360.0s |                          #                                 | 363.2s  s13:a2:web_search(Safety and off-targe)
 361.5s |                           #                                | 364.9s  s13:a1:web_search(Efficiency and accur)
 361.5s |                           #                                | 365.6s  s13:a4:web_search(regulatory considera)
 361.5s |                           #                                | 365.1s  s13:a0:web_search(Mechanisms of action)
 361.5s |                           #                                | 364.5s  s13:a3:web_search(CRISPR-Cas9 vs base )
 361.5s |                           #                                | 364.4s  s6:a0:web_search(Recent developments )
 362.2s |                           #                                | 365.4s  s6:a1:web_search(fault-tolerance thre)
 362.4s |                           #                                | 364.5s  s6:a4:web_search(challenges in scalin)
 362.5s |                           #                                | 364.9s  s6:a2:web_search(Advances in quantum )
 362.6s |                           #                                | 366.4s  s6:a3:web_search(Recent theoretical a)
 362.6s |                           #                                | 366.4s  s3:a0:web_search(Mechanisms of action)
 364.0s |                           #                                | 364.9s  s1:a4:summarize(len=201)
 365.0s |                           #                                | 368.7s  s3:a1:web_search(Efficiency and accur)
 365.1s |                           #                                | 369.0s  s3:a4:web_search(regulatory challenge)
 365.3s |                           #                                | 367.3s  s3:a2:web_search(Off-target effects a)
 365.3s |                           #                                | 368.5s  s3:a3:web_search(Base editing vs CRIS)
 365.3s |                           #                                | 367.0s  s2:a3:agent_turn(round-1)
 365.3s |                           #                                | 367.1s  s2:a1:agent_turn(round-1)
 365.3s |                           #                                | 367.9s  s2:a0:agent_turn(round-1)
 365.4s |                           #                                | 367.4s  s9:a0:agent_turn(round-1)
 365.7s |                           #                                | 367.8s  s2:a4:agent_turn(round-1)
 365.8s |                           #                                | 369.7s  s9:a2:web_search(large language model)
 365.9s |                           #                                | 369.0s  s9:a1:web_search(How do large languag)
 366.0s |                           #                                | 369.1s  s9:a3:web_search(Efficiency and accur)
 366.1s |                           #                                | 368.5s  s8:a1:web_search(Environmental effect)
 366.1s |                           #                                | 372.6s  s8:a0:web_search(marine species impac)
 366.3s |                           #                                | 370.4s  s9:a4:web_search(application of large)
 367.8s |                           #                                | 370.0s  s2:a2:agent_turn(round-1)
 367.8s |                           #                                | 370.5s  s8:a2:web_search(impact of deep-sea m)
 368.0s |                           #                                | 371.1s  s8:a4:web_search(environmental mitiga)
 420.0s |                               #                            | 423.3s  s8:a3:web_search(Deep-sea mining and )
 421.5s |                               #                            | 424.5s  s4:a1:web_search(deep-sea mining envi)
 421.5s |                               #                            | 424.1s  s4:a0:web_search(deep-sea mining envi)
 421.5s |                               #                            | 425.5s  s7:a0:web_search(breakthroughs in nuc)
 421.5s |                               #                            | 424.0s  s4:a2:web_search(deep-sea mining envi)
 421.5s |                               #                            | 424.0s  s4:a3:web_search(effects of deep-sea )
 422.2s |                               #                            | 425.2s  s4:a4:web_search(impact of deep-sea m)
 422.4s |                               #                            | 424.9s  s7:a4:web_search(Potential economic i)
 422.5s |                               #                            | 424.8s  s7:a2:web_search(main challenges of f)
 422.6s |                               #                            | 424.8s  s7:a3:web_search(impact of internatio)
 422.6s |                               #                            | 425.2s  s12:a1:web_search(Advances in quantum )
 424.0s |                               #                            | 426.5s  s12:a2:web_search(recent advancements )
 425.0s |                               #                            | 428.1s  s10:a0:web_search(Environmental impact)
 425.1s |                               #                            | 427.6s  s12:a0:web_search(latest research in q)
 425.3s |                               #                            | 427.5s  s12:a4:web_search(current state and ch)
 425.3s |                               #                            | 427.7s  s12:a3:web_search(comparison of quantu)
 425.3s |                               #                            | 428.3s  s10:a1:web_search(effects of deep-sea )
 425.3s |                               #                            | 428.9s  s7:a1:web_search(latest achievements )
 425.3s |                               #                            | 427.8s  s10:a3:web_search(how deep-sea mining )
 425.4s |                               #                            | 427.9s  s10:a2:web_search(environmental impact)
 425.7s |                               #                            | 428.8s  s11:a2:web_search(Safety concerns and )
 425.8s |                               #                            | 428.3s  s11:a0:web_search(CRISPR-Cas9 mechanis)
 425.9s |                               #                            | 428.3s  s10:a4:web_search(impact of deep-sea m)
 426.0s |                               #                            | 429.1s  s14:a4:web_search(how quantum error co)
 426.1s |                               #                            | 428.4s  s11:a4:web_search(regulatory considera)
 426.1s |                               #                            | 428.6s  s5:a1:web_search(Progress and feasibi)
 426.3s |                               #                            | 428.9s  s11:a3:web_search(Genetic mutation det)
 427.8s |                                #                           | 430.6s  s5:a0:web_search(experimental results)
 427.8s |                                #                           | 430.9s  s5:a4:web_search(how funding influenc)
 428.0s |                                #                           | 432.0s  s5:a3:web_search(latest developments )
 480.0s |                                   #                        | 483.5s  s14:a3:web_search(integration of machi)
 481.5s |                                    #                       | 484.5s  s14:a0:web_search(Underlying principle)
 481.5s |                                    #                       | 485.4s  s11:a1:web_search(Recent advances in C)
 481.5s |                                    #                       | 484.8s  s14:a2:web_search(how new quantum erro)
 481.5s |                                    #                       | 484.6s  s14:a1:web_search(Challenges in implem)
 481.5s |                                    #                       | 496.4s  s0:orch:finalize
 482.2s |                                    #                       | 485.4s  s5:a2:web_search(Current research and)
 482.4s |                                    #                       | 485.1s  s13:a2:web_search(Safety and off-targe)
 482.5s |                                    #                       | 484.9s  s6:a0:web_search(Improvements in quan)
 482.6s |                                    #                       | 484.9s  s13:a3:agent_turn(round-1)
 482.6s |                                    #                       | 485.8s  s6:a4:web_search(current state and ch)
 484.0s |                                    #                       | 484.7s  s1:a4:summarize(len=202)
 485.0s |                                    #                       | 488.5s  s6:a2:web_search(Advances in quantum )
 485.1s |                                    #                       | 487.8s  s13:a1:web_search(Efficiency and accur)
 485.3s |                                    #                       | 488.8s  s13:a0:web_search(Molecular difference)
 485.3s |                                    #                       | 488.2s  s6:a1:web_search(comparison of fault-)
 485.3s |                                    #                       | 487.0s  s13:a4:web_search(ethical consideratio)
 485.3s |                                    #                       | 489.3s  s3:a0:web_search(Molecular difference)
 485.3s |                                    #                       | 488.7s  s6:a3:web_search(Recent experimental )
 485.4s |                                    #                       | 487.7s  s3:a2:web_search(Off-target effects a)
 485.7s |                                    #                       | 487.9s  s3:a3:web_search(Advantages of base e)
 485.8s |                                    #                       | 487.8s  s8:a1:agent_turn(round-1)
 485.9s |                                    #                       | 489.6s  s3:a1:web_search(Comparison of CRISPR)
 486.0s |                                    #                       | 488.8s  s3:a4:web_search(ethical challenges o)
 486.1s |                                    #                       | 488.8s  s9:a1:agent_turn(round-1)
 486.1s |                                    #                       | 489.3s  s9:a3:agent_turn(round-1)
 486.3s |                                    #                       | 488.6s  s9:a2:agent_turn(round-1)
 487.8s |                                    #                       | 494.3s  s2:orch:synthesis
 487.8s |                                    #                       | 490.4s  s9:a4:agent_turn(round-1)
 488.0s |                                    #                       | 490.9s  s8:a2:agent_turn(round-1)
 540.0s |                                        #                   | 542.4s  s8:a4:agent_turn(round-1)
 541.5s |                                        #                   | 543.4s  s8:a0:agent_turn(round-1)
 541.5s |                                        #                   | 543.3s  s8:a3:agent_turn(round-1)
 541.5s |                                        #                   | 544.4s  s4:a3:agent_turn(round-1)
 541.5s |                                        #                   | 543.6s  s4:a2:agent_turn(round-1)
 541.5s |                                        #                   | 543.8s  s4:a0:agent_turn(round-1)
 542.2s |                                        #                   | 544.0s  s4:a1:agent_turn(round-1)
 542.4s |                                        #                   | 544.6s  s7:a3:agent_turn(round-1)
 542.5s |                                        #                   | 544.4s  s7:a2:agent_turn(round-1)
 542.6s |                                        #                   | 545.4s  s7:a4:agent_turn(round-1)
 542.6s |                                        #                   | 544.8s  s4:a4:agent_turn(round-1)
 544.0s |                                        #                   | 546.0s  s12:a1:agent_turn(round-1)
 545.0s |                                        #                   | 546.6s  s7:a0:agent_turn(round-1)
 545.1s |                                        #                   | 547.3s  s12:a2:agent_turn(round-1)
 545.3s |                                        #                   | 548.2s  s12:a4:agent_turn(round-1)
 545.3s |                                        #                   | 546.9s  s12:a0:agent_turn(round-1)
 545.3s |                                        #                   | 547.1s  s12:a3:agent_turn(round-1)
 545.3s |                                        #                   | 546.5s  s10:a3:agent_turn(round-1)
 545.3s |                                        #                   | 547.5s  s10:a2:agent_turn(round-1)
 545.4s |                                        #                   | 546.8s  s10:a0:agent_turn(round-1)
 545.7s |                                        #                   | 547.3s  s10:a1:agent_turn(round-1)
 545.8s |                                        #                   | 548.0s  s11:a0:web_search(Base editing mechani)
 545.9s |                                        #                   | 548.0s  s10:a4:agent_turn(round-1)
 546.0s |                                        #                   | 548.1s  s11:a4:web_search(current clinical tri)
 546.1s |                                        #                   | 548.8s  s5:a1:agent_turn(round-1)
 546.1s |                                        #                   | 548.2s  s11:a2:agent_turn(round-1)
 546.3s |                                        #                   | 548.4s  s7:a1:agent_turn(round-1)
 547.8s |                                         #                  | 550.1s  s11:a3:agent_turn(round-1)
 547.8s |                                         #                  | 549.9s  s14:a4:agent_turn(round-1)
 548.0s |                                         #                  | 550.4s  s5:a0:agent_turn(round-1)
 600.0s |                                            #               | 601.8s  s5:a4:agent_turn(round-1)
 601.5s |                                             #              | 604.3s  s5:a3:agent_turn(round-1)
 601.5s |                                             #              | 603.6s  s14:a3:agent_turn(round-1)
 601.5s |                                             #              | 603.7s  s14:a0:agent_turn(round-1)
 601.5s |                                             #              | 604.4s  s14:a1:agent_turn(round-1)
 601.5s |                                             #              | 602.3s  s1:a4:summarize(len=209)
 602.2s |                                             #              | 604.2s  s14:a2:agent_turn(round-1)
 602.4s |                                             #              | 604.3s  s6:a0:agent_turn(round-1)
 602.5s |                                             #              | 603.7s  s13:a3:summarize(len=684)
 602.6s |                                             #              | 604.8s  s13:a2:agent_turn(round-1)
 602.6s |                                             #              | 605.5s  s11:a1:agent_turn(round-1)
 604.0s |                                             #              | 606.6s  s5:a2:agent_turn(round-1)
 605.0s |                                             #              | 607.0s  s6:a4:agent_turn(round-1)
 605.1s |                                             #              | 607.6s  s13:a4:agent_turn(round-1)
 605.3s |                                             #              | 607.3s  s3:a2:agent_turn(round-1)
 605.3s |                                             #              | 607.8s  s13:a1:agent_turn(round-1)
 605.3s |                                             #              | 607.1s  s3:a3:agent_turn(round-1)
 605.3s |                                             #              | 607.1s  s6:a1:agent_turn(round-1)
 605.3s |                                             #              | 607.1s  s6:a2:web_search(Advances in quantum )
 605.4s |                                             #              | 607.1s  s6:a3:agent_turn(round-1)
 605.7s |                                             #              | 608.1s  s3:a4:web_search(delivery challenges )
 605.8s |                                             #              | 609.2s  s13:a0:agent_turn(round-1)
 605.9s |                                             #              | 609.2s  s3:a0:agent_turn(round-1)
 606.0s |                                             #              | 608.3s  s3:a1:agent_turn(round-1)
 606.1s |                                             #              | 613.8s  s9:orch:synthesis
 606.1s |                                             #              | 613.5s  s2:r0:review_citations
 606.3s |                                             #              | 610.8s  s2:r1:review_style
 607.8s |                                             #              | 613.9s  s2:r2:review_facts
 607.8s |                                             #              | 613.6s  s8:orch:synthesis
 608.0s |                                             #              | 612.5s  s4:orch:synthesis
 660.0s |                                                 #          | 664.2s  s10:orch:synthesis
 661.5s |                                                 #          | 663.8s  s11:a0:agent_turn(round-1)
 661.5s |                                                 #          | 665.9s  s11:a4:web_search(regulatory considera)
 661.5s |                                                 #          | 670.0s  s12:orch:synthesis
 661.5s |                                                 #          | 668.4s  s7:orch:synthesis
 661.5s |                                                 #          | 663.0s  s1:a4:agent_turn(round-2)
 662.2s |                                                 #          | 662.8s  s13:a3:summarize(len=394)
 662.4s |                                                 #          | 669.1s  s14:orch:synthesis
 662.5s |                                                 #          | 668.8s  s5:orch:synthesis
 662.6s |                                                 #          | 664.6s  s6:a2:agent_turn(round-1)
 662.6s |                                                 #          | 665.2s  s3:a4:agent_turn(round-1)
 664.0s |                                                 #          | 670.9s  s4:r0:review_citations
 665.0s |                                                 #          | 670.1s  s4:r1:review_style
 665.1s |                                                 #          | 674.3s  s4:r2:review_facts
 665.3s |                                                 #          | 677.8s  s8:r0:review_citations
 665.3s |                                                 #          | 671.0s  s8:r1:review_style
 665.3s |                                                 #          | 672.0s  s8:r2:review_facts
 665.3s |                                                 #          | 676.6s  s9:r0:review_citations
 665.3s |                                                 #          | 670.7s  s9:r1:review_style
 665.4s |                                                 #          | 671.7s  s9:r2:review_facts
 665.7s |                                                 #          | 675.3s  s2:orch:finalize
 665.8s |                                                 #          | 667.3s  s13:a3:agent_turn(round-2)
 665.9s |                                                 #          | 672.0s  s1:orch:synthesis
 666.0s |                                                 #          | 674.0s  s10:r0:review_citations
 666.1s |                                                 #          | 670.6s  s10:r1:review_style
 666.1s |                                                 #          | 675.7s  s10:r2:review_facts
 666.3s |                                                 #          | 673.8s  s6:orch:synthesis
 667.8s |                                                  #         | 673.8s  s3:orch:synthesis
 667.8s |                                                  #         | 670.6s  s11:a4:agent_turn(round-1)
 668.0s |                                                  #         | 674.2s  s13:orch:synthesis
 720.0s |                                                     #      | 728.3s  s7:r0:review_citations
 721.5s |                                                      #     | 727.8s  s7:r1:review_style
 721.5s |                                                      #     | 727.3s  s7:r2:review_facts
 721.5s |                                                      #     | 728.5s  s5:r0:review_citations
 721.5s |                                                      #     | 727.2s  s5:r1:review_style
 721.5s |                                                      #     | 729.4s  s5:r2:review_facts
 722.2s |                                                      #     | 733.4s  s14:r0:review_citations
 722.4s |                                                      #     | 730.2s  s14:r1:review_style
 722.5s |                                                      #     | 728.9s  s14:r2:review_facts
 722.6s |                                                      #     | 732.2s  s12:r0:review_citations
 722.6s |                                                      #     | 729.7s  s12:r1:review_style
 724.0s |                                                      #     | 732.5s  s12:r2:review_facts
 725.0s |                                                      #     | 730.9s  s11:orch:synthesis
 725.1s |                                                      #     | 732.9s  s1:r0:review_citations
 725.3s |                                                      #     | 730.4s  s1:r1:review_style
 725.3s |                                                      #     | 735.0s  s1:r2:review_facts
 725.3s |                                                      #     | 732.4s  s6:r0:review_citations
 725.3s |                                                      #     | 730.6s  s6:r1:review_style
 725.3s |                                                      #     | 733.1s  s6:r2:review_facts
 725.4s |                                                      #     | 738.5s  s3:r0:review_citations
 725.7s |                                                      #     | 731.6s  s3:r1:review_style
 725.8s |                                                      #     | 737.4s  s3:r2:review_facts
 725.9s |                                                      #     | 739.7s  s13:r0:review_citations
 726.0s |                                                      #     | 734.3s  s13:r1:review_style
 726.1s |                                                      #     | 733.8s  s13:r2:review_facts
 726.1s |                                                      #     | 732.4s  s4:orch:finalize
 726.3s |                                                      #     | 732.7s  s10:orch:finalize
 727.8s |                                                      #     | 738.1s  s9:orch:finalize
 727.8s |                                                      #     | 745.6s  s8:orch:finalize
 728.3s |                                                      #     | 739.7s  s7:orch:finalize
 780.0s |                                                          # | 790.3s  s5:orch:finalize
 781.5s |                                                          # | 793.5s  s11:r0:review_citations
 781.5s |                                                          # | 789.2s  s11:r1:review_style
 781.5s |                                                          # | 789.9s  s11:r2:review_facts
 781.5s |                                                          # | 792.6s  s12:orch:finalize
 781.5s |                                                          # | 792.3s  s6:orch:finalize
 782.2s |                                                          # | 790.6s  s14:orch:finalize
 782.4s |                                                          # | 797.4s  s1:orch:finalize
 782.5s |                                                          # | 791.1s  s3:orch:finalize
 782.6s |                                                          # | 797.4s  s13:orch:finalize
 793.5s |                                                           #| 801.0s  s11:orch:finalize
        0<60>801.0s
======================================================================


--- Cooldown: sleeping 30s between scheduler runs ---


######################################################################
 SCHEDULER: ADAPTIVE_SJF
######################################################################
 Launching 15 sessions with continuous arrivals
 Arrival times: 0.0s, 4.0s, 8.0s, 12.0s, 16.0s, 20.0s, 24.0s, 28.0s, 32.0s, 36.0s, 40.0s, 44.0s, 48.0s, 52.0s, 56.0s
    0.00s [s0:orch]        START breakdown (pos #1)
    1.32s [s0:orch]        END   breakdown (1.32s)
    1.32s [s0:a0]          START agent_turn(round-0) (pos #2)
    1.32s [s0:a1]          START agent_turn(round-0) (pos #3)
    1.32s [s0:a2]          START agent_turn(round-0) (pos #4)
    1.32s [s0:a3]          START agent_turn(round-0) (pos #5)
    1.33s [s0:a4]          START agent_turn(round-0) (pos #6)
    2.07s [s0:a0]          END   agent_turn(round-0) (0.74s)
    2.07s [s0:a0]          START web_search(Roles and applications of large language) (pos #7)
    2.10s [s0:a3]          END   agent_turn(round-0) (0.78s)
    2.10s [s0:a3]          START web_search(limitations and challenges of implementi) (pos #8)
    2.12s [s0:a1]          END   agent_turn(round-0) (0.80s)
    2.12s [s0:a1]          START web_search(How large language models facilitate the) (pos #9)
    2.16s [s0:a4]          END   agent_turn(round-0) (0.84s)
    2.16s [s0:a4]          START web_search(Comparison of large language models and ) (pos #10)
    2.22s [s0:a2]          END   agent_turn(round-0) (0.90s)
    2.22s [s0:a2]          START web_search(how large language models assist in pred) (pos #11)
    4.00s [s1:orch]        START breakdown (pos #12)
    4.16s [s0:a1]          END   web_search(How large language models facilitate the) (2.04s)
    4.16s [s0:a1]          START web_search(Applications of large language models in) (pos #13)
    4.36s [s0:a2]          END   web_search(how large language models assist in pred) (2.13s)
    4.36s [s0:a2]          START web_search(applications of large language models in) (pos #14)
    4.40s [s0:a0]          END   web_search(Roles and applications of large language) (2.33s)
    4.40s [s0:a0]          START web_search(How large language models assist in drug) (pos #15)
    4.42s [s0:a3]          END   web_search(limitations and challenges of implementi) (2.31s)
    4.42s [s0:a3]          START web_search(large language models in drug developmen) (pos #16)
    4.95s [s0:a4]          END   web_search(Comparison of large language models and ) (2.79s)
    4.95s [s0:a4]          START agent_turn(round-1) (pos #17)
    4.97s [s1:orch]        END   breakdown (0.97s)
    4.97s [s1:a0]          START agent_turn(round-0) (pos #18)
    4.97s [s1:a1]          START agent_turn(round-0) (pos #19)
    4.97s [s1:a2]          START agent_turn(round-0) (pos #20)
    4.97s [s1:a3]          START agent_turn(round-0) (pos #21)
    4.97s [s1:a4]          START agent_turn(round-0) (pos #22)
    5.65s [s1:a2]          END   agent_turn(round-0) (0.68s)
    5.65s [s1:a2]          START web_search(contribution of large language models to) (pos #23)
    5.77s [s1:a0]          END   agent_turn(round-0) (0.81s)
    5.77s [s1:a0]          START web_search(Primary functions of large language mode) (pos #24)
    5.96s [s1:a3]          END   agent_turn(round-0) (0.99s)
    5.96s [s1:a3]          START web_search(limitations and challenges of deploying ) (pos #25)
    6.05s [s1:a4]          END   agent_turn(round-0) (1.08s)
    6.05s [s1:a4]          START web_search(comparison of large language models and ) (pos #26)
    6.10s [s0:a2]          END   web_search(applications of large language models in) (1.74s)
    6.10s [s0:a2]          START agent_turn(round-1) (pos #27)
    6.44s [s1:a1]          END   agent_turn(round-0) (1.47s)
    6.44s [s1:a1]          START web_search(Role of large language models in predict) (pos #28)
    6.65s [s0:a4]          END   agent_turn(round-1) (1.70s)
    6.65s [s0:a4]          START summarize(len=468) (pos #29)
    6.65s [s0:a1]          END   web_search(Applications of large language models in) (2.49s)
    6.65s [s0:a1]          START agent_turn(round-1) (pos #30)
    6.91s [s0:a3]          END   web_search(large language models in drug developmen) (2.49s)
  [ASJF] queue waiting 53.09s for capacity (next: s0:a3:agent_turn, pred=1.70s)
    6.98s [s0:a0]          END   web_search(How large language models assist in drug) (2.59s)
    7.57s [s0:a4]          END   summarize(len=468) (0.92s)
    7.73s [s1:a3]          END   web_search(limitations and challenges of deploying ) (1.77s)
    7.85s [s1:a0]          END   web_search(Primary functions of large language mode) (2.07s)
    8.00s [s0:a2]          END   agent_turn(round-1) (1.90s)
    8.09s [s1:a2]          END   web_search(contribution of large language models to) (2.44s)
    8.46s [s1:a4]          END   web_search(comparison of large language models and ) (2.41s)
    8.64s [s0:a1]          END   agent_turn(round-1) (1.98s)
    8.72s [s1:a1]          END   web_search(Role of large language models in predict) (2.28s)
   60.00s [s0:a4]          START summarize(len=235) (pos #33)
  [ASJF] queue waiting 1.32s for capacity (next: s2:orch:breakdown, pred=1.22s)
   60.81s [s0:a4]          END   summarize(len=235) (0.81s)
   61.33s [s0:a4]          START summarize(len=280) (pos #52)
   61.33s [s2:orch]        START breakdown (pos #36)
   61.33s [s3:orch]        START breakdown (pos #40)
   61.33s [s4:orch]        START breakdown (pos #41)
   61.33s [s5:orch]        START breakdown (pos #42)
  [ASJF] queue waiting 0.74s for capacity (next: s6:orch:breakdown, pred=1.22s)
   62.07s [s6:orch]        START breakdown (pos #43)
  [ASJF] queue waiting 0.10s for capacity (next: s7:orch:breakdown, pred=1.22s)
   62.09s [s0:a4]          END   summarize(len=280) (0.77s)
   62.17s [s0:a4]          START agent_turn(round-2) (pos #53)
   62.17s [s7:orch]        START breakdown (pos #44)
   62.17s [s8:orch]        START breakdown (pos #45)
  [ASJF] queue waiting 0.10s for capacity (next: s9:orch:breakdown, pred=1.22s)
   62.27s [s9:orch]        START breakdown (pos #46)
  [ASJF] queue waiting 1.73s for capacity (next: s10:orch:breakdown, pred=1.22s)
   62.34s [s5:orch]        END   breakdown (1.01s)
   62.43s [s3:orch]        END   breakdown (1.10s)
   62.87s [s2:orch]        END   breakdown (1.55s)
   62.99s [s6:orch]        END   breakdown (0.92s)
   63.05s [s7:orch]        END   breakdown (0.87s)
   63.10s [s8:orch]        END   breakdown (0.93s)
   63.20s [s4:orch]        END   breakdown (1.88s)
   63.31s [s9:orch]        END   breakdown (1.04s)
   63.83s [s0:a4]          END   agent_turn(round-2) (1.66s)
   64.00s [s5:a0]          START agent_turn(round-0) (pos #54)
  [ASJF] queue waiting 0.16s for capacity (next: s5:a1:agent_turn, pred=1.08s)
   64.16s [s5:a1]          START agent_turn(round-0) (pos #55)
  [ASJF] queue waiting 0.19s for capacity (next: s5:a2:agent_turn, pred=1.08s)
   64.36s [s5:a2]          START agent_turn(round-0) (pos #56)
  [ASJF] queue waiting 0.10s for capacity (next: s5:a3:agent_turn, pred=1.08s)
   64.46s [s5:a3]          START agent_turn(round-0) (pos #57)
   64.46s [s5:a4]          START agent_turn(round-0) (pos #58)
  [ASJF] queue waiting 0.49s for capacity (next: s3:a0:agent_turn, pred=1.08s)
   64.64s [s5:a0]          END   agent_turn(round-0) (0.63s)
   64.84s [s5:a1]          END   agent_turn(round-0) (0.68s)
   64.95s [s3:a0]          START agent_turn(round-0) (pos #59)
  [ASJF] queue waiting 0.10s for capacity (next: s3:a1:agent_turn, pred=0.86s)
   65.03s [s5:a2]          END   agent_turn(round-0) (0.68s)
   65.05s [s3:a1]          START agent_turn(round-0) (pos #60)
   65.05s [s3:a2]          START agent_turn(round-0) (pos #61)
   65.05s [s3:a3]          START agent_turn(round-0) (pos #62)
   65.05s [s3:a4]          START agent_turn(round-0) (pos #63)
   65.05s [s2:a0]          START agent_turn(round-0) (pos #64)
  [ASJF] queue waiting 0.60s for capacity (next: s2:a1:agent_turn, pred=0.81s)
   65.12s [s5:a4]          END   agent_turn(round-0) (0.67s)
   65.17s [s5:a3]          END   agent_turn(round-0) (0.71s)
   65.65s [s2:a1]          START agent_turn(round-0) (pos #65)
  [ASJF] queue waiting 0.12s for capacity (next: s2:a2:agent_turn, pred=0.75s)
   65.75s [s2:a0]          END   agent_turn(round-0) (0.70s)
   65.75s [s3:a0]          END   agent_turn(round-0) (0.80s)
   65.77s [s2:a2]          START agent_turn(round-0) (pos #66)
  [ASJF] queue waiting 0.18s for capacity (next: s2:a3:agent_turn, pred=0.75s)
   65.79s [s3:a4]          END   agent_turn(round-0) (0.73s)
   65.82s [s3:a1]          END   agent_turn(round-0) (0.77s)
   65.85s [s3:a3]          END   agent_turn(round-0) (0.80s)
   65.96s [s2:a3]          START agent_turn(round-0) (pos #67)
  [ASJF] queue waiting 0.10s for capacity (next: s2:a4:agent_turn, pred=0.76s)
   66.06s [s2:a4]          START agent_turn(round-0) (pos #68)
  [ASJF] queue waiting 0.10s for capacity (next: s6:a0:agent_turn, pred=0.76s)
   66.16s [s6:a0]          START agent_turn(round-0) (pos #69)
  [ASJF] queue waiting 0.27s for capacity (next: s6:a1:agent_turn, pred=0.76s)
   66.28s [s3:a2]          END   agent_turn(round-0) (1.23s)
   66.44s [s6:a1]          START agent_turn(round-0) (pos #70)
  [ASJF] queue waiting 0.21s for capacity (next: s6:a2:agent_turn, pred=0.90s)
   66.48s [s2:a2]          END   agent_turn(round-0) (0.71s)
   66.50s [s2:a1]          END   agent_turn(round-0) (0.85s)
   66.65s [s6:a2]          START agent_turn(round-0) (pos #71)
  [ASJF] queue waiting 0.10s for capacity (next: s6:a3:agent_turn, pred=0.84s)
   66.75s [s6:a3]          START agent_turn(round-0) (pos #72)
  [ASJF] queue waiting 53.25s for capacity (next: s6:a4:agent_turn, pred=0.84s)
   66.77s [s2:a4]          END   agent_turn(round-0) (0.71s)
   66.80s [s2:a3]          END   agent_turn(round-0) (0.84s)
   66.82s [s6:a0]          END   agent_turn(round-0) (0.66s)
   67.26s [s6:a1]          END   agent_turn(round-0) (0.82s)
   67.34s [s6:a3]          END   agent_turn(round-0) (0.58s)
   67.43s [s6:a2]          END   agent_turn(round-0) (0.78s)
  120.00s [s6:a4]          START agent_turn(round-0) (pos #73)
  [ASJF] queue waiting 1.32s for capacity (next: s7:a0:agent_turn, pred=0.74s)
  121.33s [s7:a0]          START agent_turn(round-0) (pos #74)
  121.33s [s7:a1]          START agent_turn(round-0) (pos #75)
  121.33s [s7:a2]          START agent_turn(round-0) (pos #76)
  121.33s [s7:a3]          START agent_turn(round-0) (pos #77)
  121.33s [s7:a4]          START agent_turn(round-0) (pos #78)
  [ASJF] queue waiting 0.74s for capacity (next: s8:a0:agent_turn, pred=0.74s)
  121.36s [s6:a4]          END   agent_turn(round-0) (1.36s)
  122.00s [s7:a3]          END   agent_turn(round-0) (0.67s)
  122.07s [s8:a0]          START agent_turn(round-0) (pos #79)
  [ASJF] queue waiting 0.10s for capacity (next: s8:a1:agent_turn, pred=0.85s)
  122.09s [s7:a0]          END   agent_turn(round-0) (0.76s)
  122.17s [s8:a1]          START agent_turn(round-0) (pos #80)
  122.17s [s8:a2]          START agent_turn(round-0) (pos #81)
  122.17s [s8:a3]          START agent_turn(round-0) (pos #82)
  [ASJF] queue waiting 0.10s for capacity (next: s8:a4:agent_turn, pred=0.82s)
  122.27s [s8:a4]          START agent_turn(round-0) (pos #83)
  [ASJF] queue waiting 1.73s for capacity (next: s4:a0:agent_turn, pred=0.82s)
  122.31s [s7:a2]          END   agent_turn(round-0) (0.98s)
  122.80s [s7:a1]          END   agent_turn(round-0) (1.47s)
  122.86s [s8:a1]          END   agent_turn(round-0) (0.69s)
  122.87s [s8:a2]          END   agent_turn(round-0) (0.70s)
  122.93s [s7:a4]          END   agent_turn(round-0) (1.61s)
  122.94s [s8:a4]          END   agent_turn(round-0) (0.66s)
  122.95s [s8:a0]          END   agent_turn(round-0) (0.88s)
  123.07s [s8:a3]          END   agent_turn(round-0) (0.90s)
  124.00s [s4:a0]          START agent_turn(round-0) (pos #84)
  [ASJF] queue waiting 0.16s for capacity (next: s4:a1:agent_turn, pred=0.92s)
  124.16s [s4:a1]          START agent_turn(round-0) (pos #85)
  [ASJF] queue waiting 0.19s for capacity (next: s4:a2:agent_turn, pred=0.92s)
  124.36s [s4:a2]          START agent_turn(round-0) (pos #86)
  [ASJF] queue waiting 0.10s for capacity (next: s4:a3:agent_turn, pred=0.92s)
  124.46s [s4:a3]          START agent_turn(round-0) (pos #87)
  124.46s [s4:a4]          START agent_turn(round-0) (pos #88)
  [ASJF] queue waiting 0.49s for capacity (next: s9:a0:agent_turn, pred=0.92s)
  124.96s [s9:a0]          START agent_turn(round-0) (pos #89)
  [ASJF] queue waiting 0.10s for capacity (next: s9:a1:agent_turn, pred=0.92s)
  125.06s [s9:a1]          START agent_turn(round-0) (pos #90)
  125.06s [s9:a2]          START agent_turn(round-0) (pos #91)
  125.06s [s9:a3]          START agent_turn(round-0) (pos #92)
  125.06s [s9:a4]          START agent_turn(round-0) (pos #93)
  125.06s [s10:orch]       START breakdown (pos #47)
  [ASJF] queue waiting 0.59s for capacity (next: s11:orch:breakdown, pred=1.21s)
  125.28s [s4:a4]          END   agent_turn(round-0) (0.82s)
  125.34s [s4:a0]          END   agent_turn(round-0) (1.33s)
  125.65s [s11:orch]       START breakdown (pos #48)
  [ASJF] queue waiting 0.12s for capacity (next: s12:orch:breakdown, pred=1.21s)
  125.66s [s9:a0]          END   agent_turn(round-0) (0.71s)
  125.68s [s9:a1]          END   agent_turn(round-0) (0.63s)
  125.71s [s4:a1]          END   agent_turn(round-0) (1.55s)
  125.71s [s9:a3]          END   agent_turn(round-0) (0.65s)
  125.73s [s9:a2]          END   agent_turn(round-0) (0.67s)
  125.78s [s12:orch]       START breakdown (pos #49)
  [ASJF] queue waiting 0.19s for capacity (next: s13:orch:breakdown, pred=1.21s)
  125.96s [s13:orch]       START breakdown (pos #50)
  [ASJF] queue waiting 0.10s for capacity (next: s14:orch:breakdown, pred=1.21s)
  125.97s [s4:a3]          END   agent_turn(round-0) (1.51s)
  126.06s [s14:orch]       START breakdown (pos #51)
  [ASJF] queue waiting 0.10s for capacity (next: s0:a3:agent_turn, pred=1.83s)
  126.16s [s0:a3]          START agent_turn(round-1) (pos #31)
  [ASJF] queue waiting 0.27s for capacity (next: s0:a0:agent_turn, pred=1.83s)
  126.30s [s10:orch]       END   breakdown (1.25s)
  126.44s [s10:a0]         START agent_turn(round-0) (pos #132)
  [ASJF] queue waiting 0.21s for capacity (next: s10:a1:agent_turn, pred=1.05s)
  126.48s [s4:a2]          END   agent_turn(round-0) (2.12s)
  126.65s [s10:a1]         START agent_turn(round-0) (pos #133)
  [ASJF] queue waiting 0.10s for capacity (next: s10:a2:agent_turn, pred=1.37s)
  126.76s [s10:a2]         START agent_turn(round-0) (pos #134)
  [ASJF] queue waiting 53.25s for capacity (next: s10:a3:agent_turn, pred=1.37s)
  126.78s [s9:a4]          END   agent_turn(round-0) (1.73s)
  126.90s [s11:orch]       END   breakdown (1.25s)
  127.01s [s14:orch]       END   breakdown (0.95s)
  127.05s [s13:orch]       END   breakdown (1.09s)
  127.13s [s12:orch]       END   breakdown (1.36s)
  127.21s [s10:a0]         END   agent_turn(round-0) (0.77s)
  127.52s [s10:a1]         END   agent_turn(round-0) (0.87s)
  128.35s [s10:a2]         END   agent_turn(round-0) (1.60s)
  129.57s [s0:a3]          END   agent_turn(round-1) (3.40s)
  180.01s [s10:a3]         START agent_turn(round-0) (pos #135)
  [ASJF] queue waiting 1.32s for capacity (next: s10:a4:agent_turn, pred=1.28s)
  180.87s [s10:a3]         END   agent_turn(round-0) (0.87s)
  181.33s [s10:a4]         START agent_turn(round-0) (pos #136)
  181.33s [s11:a0]         START agent_turn(round-0) (pos #139)
  181.33s [s11:a1]         START agent_turn(round-0) (pos #140)
  181.33s [s11:a2]         START agent_turn(round-0) (pos #141)
  181.33s [s11:a3]         START agent_turn(round-0) (pos #142)
  [ASJF] queue waiting 0.74s for capacity (next: s11:a4:agent_turn, pred=1.16s)
  182.07s [s11:a4]         START agent_turn(round-0) (pos #143)
  [ASJF] queue waiting 0.10s for capacity (next: s14:a0:agent_turn, pred=1.16s)
  182.10s [s11:a3]         END   agent_turn(round-0) (0.78s)
  182.15s [s11:a0]         END   agent_turn(round-0) (0.82s)
  182.17s [s14:a0]         START agent_turn(round-0) (pos #144)
  182.17s [s14:a1]         START agent_turn(round-0) (pos #145)
  182.17s [s14:a2]         START agent_turn(round-0) (pos #146)
  [ASJF] queue waiting 0.10s for capacity (next: s14:a3:agent_turn, pred=0.97s)
  182.18s [s11:a1]         END   agent_turn(round-0) (0.86s)
  182.18s [s11:a2]         END   agent_turn(round-0) (0.86s)
  182.28s [s14:a3]         START agent_turn(round-0) (pos #147)
  [ASJF] queue waiting 1.73s for capacity (next: s14:a4:agent_turn, pred=0.91s)
  182.35s [s10:a4]         END   agent_turn(round-0) (1.03s)
  182.93s [s14:a2]         END   agent_turn(round-0) (0.76s)
  182.94s [s14:a0]         END   agent_turn(round-0) (0.76s)
  183.02s [s14:a1]         END   agent_turn(round-0) (0.84s)
  183.17s [s14:a3]         END   agent_turn(round-0) (0.89s)
  183.22s [s11:a4]         END   agent_turn(round-0) (1.15s)
  184.01s [s14:a4]         START agent_turn(round-0) (pos #148)
  [ASJF] queue waiting 0.16s for capacity (next: s13:a0:agent_turn, pred=0.95s)
  184.16s [s13:a0]         START agent_turn(round-0) (pos #149)
  [ASJF] queue waiting 0.19s for capacity (next: s13:a1:agent_turn, pred=0.95s)
  184.36s [s13:a1]         START agent_turn(round-0) (pos #150)
  [ASJF] queue waiting 0.10s for capacity (next: s13:a2:agent_turn, pred=0.95s)
  184.46s [s13:a2]         START agent_turn(round-0) (pos #151)
  184.46s [s13:a3]         START agent_turn(round-0) (pos #152)
  [ASJF] queue waiting 0.49s for capacity (next: s13:a4:agent_turn, pred=0.95s)
  184.90s [s13:a0]         END   agent_turn(round-0) (0.74s)
  184.96s [s13:a4]         START agent_turn(round-0) (pos #153)
  [ASJF] queue waiting 0.10s for capacity (next: s12:a0:agent_turn, pred=0.88s)
  185.06s [s12:a0]         START agent_turn(round-0) (pos #154)
  185.06s [s12:a1]         START agent_turn(round-0) (pos #155)
  185.06s [s12:a2]         START agent_turn(round-0) (pos #156)
  185.06s [s12:a3]         START agent_turn(round-0) (pos #157)
  185.06s [s12:a4]         START agent_turn(round-0) (pos #158)
  [ASJF] queue waiting 0.59s for capacity (next: s1:a3:web_search, pred=2.30s)
  185.36s [s13:a3]         END   agent_turn(round-0) (0.90s)
  185.44s [s13:a1]         END   agent_turn(round-0) (1.08s)
  185.65s [s1:a3]          START web_search(large language models in drug discovery) (pos #34)
  [ASJF] queue waiting 0.12s for capacity (next: s1:a0:web_search, pred=2.30s)
  185.68s [s14:a4]         END   agent_turn(round-0) (1.67s)
  185.72s [s13:a4]         END   agent_turn(round-0) (0.77s)
  185.73s [s12:a3]         END   agent_turn(round-0) (0.67s)
  185.75s [s12:a2]         END   agent_turn(round-0) (0.70s)
  185.78s [s1:a0]          START web_search(How large language models assist in iden) (pos #35)
  [ASJF] queue waiting 0.18s for capacity (next: s1:a2:web_search, pred=2.30s)
  185.79s [s12:a4]         END   agent_turn(round-0) (0.73s)
  185.79s [s12:a0]         END   agent_turn(round-0) (0.73s)
  185.89s [s12:a1]         END   agent_turn(round-0) (0.83s)
  185.96s [s1:a2]          START web_search(how large language models aid in drug di) (pos #37)
  [ASJF] queue waiting 0.10s for capacity (next: s1:a4:web_search, pred=2.30s)
  185.97s [s13:a2]         END   agent_turn(round-0) (1.51s)
  186.06s [s1:a4]          START web_search(efficiency accuracy and cost of large la) (pos #38)
  [ASJF] queue waiting 0.10s for capacity (next: s1:a1:web_search, pred=2.30s)
  186.17s [s1:a1]          START web_search(Applications of large language models in) (pos #39)
  [ASJF] queue waiting 0.27s for capacity (next: s5:a0:web_search, pred=2.30s)
  186.44s [s5:a0]          START web_search(Recent technological advancements in nuc) (pos #94)
  [ASJF] queue waiting 0.21s for capacity (next: s5:a1:web_search, pred=2.30s)
  186.66s [s5:a1]          START web_search(Current status of nuclear fusion project) (pos #95)
  [ASJF] queue waiting 0.10s for capacity (next: s5:a2:web_search, pred=2.30s)
  186.76s [s5:a2]          START web_search(primary scientific and engineering chall) (pos #96)
  [ASJF] queue waiting 53.25s for capacity (next: s5:a4:web_search, pred=2.30s)
  187.79s [s1:a1]          END   web_search(Applications of large language models in) (1.63s)
  188.08s [s1:a0]          END   web_search(How large language models assist in iden) (2.31s)
  188.18s [s1:a2]          END   web_search(how large language models aid in drug di) (2.22s)
  188.48s [s1:a3]          END   web_search(large language models in drug discovery) (2.82s)
  189.57s [s1:a4]          END   web_search(efficiency accuracy and cost of large la) (3.51s)
  189.58s [s5:a0]          END   web_search(Recent technological advancements in nuc) (3.14s)
  189.80s [s5:a2]          END   web_search(primary scientific and engineering chall) (3.05s)
  190.23s [s5:a1]          END   web_search(Current status of nuclear fusion project) (3.58s)
  240.01s [s0:a0]          START agent_turn(round-1) (pos #32)
  [ASJF] queue waiting 1.32s for capacity (next: s1:a1:agent_turn, pred=2.30s)
  241.33s [s1:a1]          START agent_turn(round-1) (pos #184)
  241.33s [s1:a0]          START agent_turn(round-1) (pos #185)
  241.33s [s1:a2]          START agent_turn(round-1) (pos #186)
  241.33s [s1:a3]          START agent_turn(round-1) (pos #187)
  241.33s [s1:a4]          START agent_turn(round-1) (pos #188)
  [ASJF] queue waiting 0.74s for capacity (next: s5:a4:web_search, pred=3.10s)
  242.07s [s5:a4]          START web_search(Environmental implications of nuclear fu) (pos #97)
  [ASJF] queue waiting 0.10s for capacity (next: s5:a3:web_search, pred=3.10s)
  242.18s [s5:a3]          START web_search(Impact of international collaborations o) (pos #98)
  242.18s [s2:a0]          START web_search(main scientific challenges in nuclear fu) (pos #99)
  242.18s [s3:a0]          START web_search(Differences between CRISPR-Cas9 and base) (pos #100)
  [ASJF] queue waiting 0.10s for capacity (next: s3:a4:web_search, pred=3.10s)
  242.28s [s3:a4]          START web_search(Limitations and future prospects of clin) (pos #101)
  [ASJF] queue waiting 1.73s for capacity (next: s3:a1:web_search, pred=3.10s)
  242.72s [s1:a0]          END   agent_turn(round-1) (1.39s)
  242.74s [s0:a0]          END   agent_turn(round-1) (2.73s)
  243.73s [s1:a2]          END   agent_turn(round-1) (2.40s)
  244.01s [s0:orch]        START synthesis (pos #192)
  [ASJF] queue waiting 0.16s for capacity (next: s3:a1:web_search, pred=3.10s)
  244.17s [s3:a1]          START web_search(Comparison of efficiencies and accuracie) (pos #102)
  [ASJF] queue waiting 0.19s for capacity (next: s3:a3:web_search, pred=3.10s)
  244.36s [s3:a3]          START web_search(Types of genetic mutations or diseases b) (pos #103)
  [ASJF] queue waiting 0.10s for capacity (next: s3:a2:web_search, pred=3.10s)
  244.47s [s3:a2]          START web_search(Off-target effects and safety concerns o) (pos #104)
  244.47s [s2:a2]          START web_search(current status of commercial nuclear fus) (pos #105)
  [ASJF] queue waiting 0.49s for capacity (next: s2:a1:web_search, pred=3.10s)
  244.58s [s5:a3]          END   web_search(Impact of international collaborations o) (2.41s)
  244.60s [s1:a3]          END   agent_turn(round-1) (3.27s)
  244.72s [s3:a4]          END   web_search(Limitations and future prospects of clin) (2.44s)
  244.83s [s1:a1]          END   agent_turn(round-1) (3.50s)
  244.96s [s2:a1]          START web_search(Leading experimental facilities for fusi) (pos #106)
  [ASJF] queue waiting 0.10s for capacity (next: s2:a4:web_search, pred=2.76s)
  245.06s [s2:a4]          START web_search(global efforts and collaborations in nuc) (pos #107)
  245.06s [s2:a3]          START web_search(Recent breakthroughs in plasma control i) (pos #108)
  245.06s [s6:a0]          START web_search(Recent developments in quantum error cor) (pos #109)
  245.06s [s6:a1]          START web_search(Recent advances in techniques for improv) (pos #110)
  245.06s [s6:a3]          START web_search(Machine learning and optimization algori) (pos #111)
  [ASJF] queue waiting 0.59s for capacity (next: s6:a2:web_search, pred=2.76s)
  245.28s [s2:a0]          END   web_search(main scientific challenges in nuclear fu) (3.10s)
  245.57s [s5:a4]          END   web_search(Environmental implications of nuclear fu) (3.50s)
  245.66s [s6:a2]          START web_search(role of hardware-specific error models i) (pos #112)
  [ASJF] queue waiting 0.12s for capacity (next: s6:a4:web_search, pred=3.05s)
  245.78s [s6:a4]          START web_search(Challenges in implementing scalable quan) (pos #113)
  [ASJF] queue waiting 0.18s for capacity (next: s7:a3:web_search, pred=3.05s)
  245.79s [s3:a0]          END   web_search(Differences between CRISPR-Cas9 and base) (3.61s)
  245.96s [s1:a4]          END   agent_turn(round-1) (4.63s)
  245.96s [s1:orch]        START synthesis (pos #198)
  [ASJF] queue waiting 0.10s for capacity (next: s7:a3:web_search, pred=3.22s)
  246.07s [s7:a3]          START web_search(Materials required for nuclear fusion re) (pos #114)
  [ASJF] queue waiting 0.10s for capacity (next: s7:a0:web_search, pred=3.22s)
  246.17s [s7:a0]          START web_search(Main scientific principles of nuclear fu) (pos #115)
  [ASJF] queue waiting 0.27s for capacity (next: s7:a2:web_search, pred=3.22s)
  246.44s [s7:a2]          START web_search(current status of nuclear fusion experim) (pos #116)
  [ASJF] queue waiting 0.21s for capacity (next: s7:a1:web_search, pred=3.22s)
  246.66s [s7:a1]          START web_search(Leading experimental nuclear fusion devi) (pos #117)
  [ASJF] queue waiting 0.10s for capacity (next: s8:a1:web_search, pred=3.22s)
  246.74s [s3:a3]          END   web_search(Types of genetic mutations or diseases b) (2.38s)
  246.76s [s8:a1]          START web_search(impact of deep-sea mining on sediment co) (pos #118)
  [ASJF] queue waiting 53.25s for capacity (next: s8:a2:web_search, pred=2.97s)
  247.18s [s2:a1]          END   web_search(Leading experimental facilities for fusi) (2.22s)
  247.41s [s3:a2]          END   web_search(Off-target effects and safety concerns o) (2.94s)
  247.65s [s3:a1]          END   web_search(Comparison of efficiencies and accuracie) (3.49s)
  247.99s [s6:a1]          END   web_search(Recent advances in techniques for improv) (2.93s)
  248.09s [s6:a0]          END   web_search(Recent developments in quantum error cor) (3.03s)
  248.16s [s2:a3]          END   web_search(Recent breakthroughs in plasma control i) (3.10s)
  248.29s [s6:a3]          END   web_search(Machine learning and optimization algori) (3.22s)
  248.38s [s6:a2]          END   web_search(role of hardware-specific error models i) (2.72s)
  248.42s [s2:a4]          END   web_search(global efforts and collaborations in nuc) (3.36s)
  248.67s [s6:a4]          END   web_search(Challenges in implementing scalable quan) (2.89s)
  248.82s [s7:a3]          END   web_search(Materials required for nuclear fusion re) (2.76s)
  248.94s [s7:a0]          END   web_search(Main scientific principles of nuclear fu) (2.77s)
  249.28s [s8:a1]          END   web_search(impact of deep-sea mining on sediment co) (2.52s)
  250.08s [s7:a1]          END   web_search(Leading experimental nuclear fusion devi) (3.43s)
  250.29s [s7:a2]          END   web_search(current status of nuclear fusion experim) (3.85s)
  250.31s [s0:orch]        END   synthesis (6.31s)
  253.19s [s2:a2]          END   web_search(current status of commercial nuclear fus) (8.72s)
  253.40s [s1:orch]        END   synthesis (7.44s)
  300.01s [s0:r0]          START review_citations (pos #215)
  [ASJF] queue waiting 1.32s for capacity (next: s0:r1:review_style, pred=0.00s)
  301.33s [s0:r1]          START review_style (pos #216)
  301.33s [s0:r2]          START review_facts (pos #217)
  301.33s [s1:r0]          START review_citations (pos #219)
  301.33s [s1:r1]          START review_style (pos #220)
  301.33s [s1:r2]          START review_facts (pos #221)
  [ASJF] queue waiting 0.74s for capacity (next: s6:a3:agent_turn, pred=3.38s)
  302.07s [s6:a3]          START agent_turn(round-1) (pos #206)
  [ASJF] queue waiting 0.10s for capacity (next: s8:a2:web_search, pred=4.88s)
  302.18s [s8:a2]          START web_search(long-term ecological consequences of hab) (pos #119)
  302.18s [s7:a4]          START web_search(Environmental implications of large-scal) (pos #120)
  302.18s [s8:a4]          START web_search(Strategies and policies for mitigating e) (pos #121)
  [ASJF] queue waiting 0.10s for capacity (next: s8:a0:web_search, pred=4.88s)
  302.28s [s8:a0]          START web_search(Potential effects of deep-sea mining on ) (pos #122)
  [ASJF] queue waiting 1.73s for capacity (next: s8:a3:web_search, pred=4.88s)
  304.01s [s8:a3]          START web_search(impact of deep-sea mining on ocean carbo) (pos #123)
  [ASJF] queue waiting 0.16s for capacity (next: s4:a4:web_search, pred=4.88s)
  304.17s [s4:a4]          START web_search(Mitigation strategies for environmental ) (pos #124)
  [ASJF] queue waiting 0.19s for capacity (next: s4:a0:web_search, pred=4.88s)
  304.29s [s7:a4]          END   web_search(Environmental implications of large-scal) (2.11s)
  304.30s [s8:a2]          END   web_search(long-term ecological consequences of hab) (2.13s)
  304.35s [s6:a3]          END   agent_turn(round-1) (2.28s)
  304.36s [s4:a0]          START web_search(Potential effects of deep-sea mining on ) (pos #125)
  [ASJF] queue waiting 0.10s for capacity (next: s9:a0:web_search, pred=3.47s)
  304.47s [s9:a0]          START web_search(Roles of large language models in drug t) (pos #126)
  304.47s [s9:a1]          START web_search(How do large language models assist in t) (pos #127)
  [ASJF] queue waiting 0.49s for capacity (next: s4:a1:web_search, pred=3.47s)
  304.71s [s8:a0]          END   web_search(Potential effects of deep-sea mining on ) (2.43s)
  304.89s [s8:a4]          END   web_search(Strategies and policies for mitigating e) (2.71s)
  304.96s [s4:a1]          START web_search(impact of deep-sea mining on sediment di) (pos #128)
  [ASJF] queue waiting 0.10s for capacity (next: s9:a3:web_search, pred=3.02s)
  305.06s [s9:a3]          START web_search(limitations and challenges of using larg) (pos #129)
  305.06s [s9:a2]          START web_search(How do large language models improve pre) (pos #130)
  305.06s [s4:a3]          START web_search(impact of deep-sea mining on ecological ) (pos #131)
  305.06s [s4:a2]          START web_search(long-term impacts of deep-sea mining on ) (pos #137)
  305.06s [s9:a4]          START web_search(integration of large language models wit) (pos #138)
  [ASJF] queue waiting 0.59s for capacity (next: s10:a0:web_search, pred=3.02s)
  305.66s [s10:a0]         START web_search(Types of ecosystems affected by deep-sea) (pos #159)
  [ASJF] queue waiting 0.12s for capacity (next: s10:a1:web_search, pred=3.02s)
  305.78s [s10:a1]         START web_search(Impact of deep-sea mining on chemical co) (pos #160)
  [ASJF] queue waiting 0.18s for capacity (next: s10:a2:web_search, pred=3.02s)
  305.96s [s10:a2]         START web_search(long-term impacts of deep-sea mining on ) (pos #161)
  [ASJF] queue waiting 0.10s for capacity (next: s10:a3:web_search, pred=3.02s)
  306.04s [s9:a0]          END   web_search(Roles of large language models in drug t) (1.58s)
  306.07s [s10:a3]         START web_search(Impact of deep-sea mining on seabed stru) (pos #162)
  [ASJF] queue waiting 0.10s for capacity (next: s11:a3:web_search, pred=2.59s)
  306.14s [s4:a4]          END   web_search(Mitigation strategies for environmental ) (1.98s)
  306.17s [s11:a3]         START web_search(delivery methods for CRISPR-Cas9 and bas) (pos #163)
  [ASJF] queue waiting 0.27s for capacity (next: s11:a0:web_search, pred=2.41s)
  306.39s [s8:a3]          END   web_search(impact of deep-sea mining on ocean carbo) (2.38s)
  306.43s [s9:a1]          END   web_search(How do large language models assist in t) (1.97s)
  306.44s [s11:a0]         START web_search(Mechanisms of action of CRISPR-Cas9 and ) (pos #164)
  [ASJF] queue waiting 0.22s for capacity (next: s11:a1:web_search, pred=2.27s)
  306.45s [s4:a0]          END   web_search(Potential effects of deep-sea mining on ) (2.08s)
  306.66s [s11:a1]         START web_search(Efficiency and accuracy rates of CRISPR-) (pos #165)
  [ASJF] queue waiting 0.10s for capacity (next: s11:a2:web_search, pred=2.21s)
  306.76s [s11:a2]         START web_search(main types and frequencies of off-target) (pos #166)
  [ASJF] queue waiting 53.25s for capacity (next: s10:a4:web_search, pred=2.21s)
  307.06s [s9:a3]          END   web_search(limitations and challenges of using larg) (2.00s)
  307.10s [s4:a1]          END   web_search(impact of deep-sea mining on sediment di) (2.14s)
  307.16s [s0:r1]          END   review_style (5.83s)
  307.31s [s10:a0]         END   web_search(Types of ecosystems affected by deep-sea) (1.65s)
  307.78s [s9:a4]          END   web_search(integration of large language models wit) (2.72s)
  307.78s [s1:r1]          END   review_style (6.45s)
  308.22s [s9:a2]          END   web_search(How do large language models improve pre) (3.15s)
  308.22s [s4:a2]          END   web_search(long-term impacts of deep-sea mining on ) (3.15s)
  308.48s [s10:a1]         END   web_search(Impact of deep-sea mining on chemical co) (2.70s)
  308.82s [s10:a3]         END   web_search(Impact of deep-sea mining on seabed stru) (2.75s)
  308.92s [s4:a3]          END   web_search(impact of deep-sea mining on ecological ) (3.86s)
  309.68s [s11:a0]         END   web_search(Mechanisms of action of CRISPR-Cas9 and ) (3.23s)
  310.03s [s11:a3]         END   web_search(delivery methods for CRISPR-Cas9 and bas) (3.86s)
  310.10s [s10:a2]         END   web_search(long-term impacts of deep-sea mining on ) (4.14s)
  310.69s [s11:a2]         END   web_search(main types and frequencies of off-target) (3.93s)
  310.74s [s11:a1]         END   web_search(Efficiency and accuracy rates of CRISPR-) (4.08s)
  311.60s [s0:r0]          END   review_citations (11.59s)
  313.70s [s1:r2]          END   review_facts (12.37s)
  314.67s [s1:r0]          END   review_citations (13.34s)
  315.90s [s0:r2]          END   review_facts (14.57s)
  360.01s [s1:orch]        START finalize (pos #245)
  [ASJF] queue waiting 1.32s for capacity (next: s0:orch:finalize, pred=0.00s)
  361.33s [s0:orch]        START finalize (pos #246)
  361.33s [s8:a4]          START agent_turn(round-1) (pos #225)
  361.33s [s9:a1]          START agent_turn(round-1) (pos #229)
  361.33s [s11:a1]         START agent_turn(round-1) (pos #244)
  361.33s [s10:a4]         START web_search(mitigation strategies for deep-sea minin) (pos #167)
  [ASJF] queue waiting 0.74s for capacity (next: s14:a2:web_search, pred=3.80s)
  362.08s [s14:a2]         START web_search(Challenges in scaling quantum error corr) (pos #168)
  [ASJF] queue waiting 0.10s for capacity (next: s14:a0:web_search, pred=3.80s)
  362.18s [s14:a0]         START web_search(Recent theoretical developments in quant) (pos #169)
  362.18s [s14:a1]         START web_search(Recent advancements in experimental quan) (pos #170)
  362.18s [s14:a3]         START web_search(Impact of new error models on the design) (pos #171)
  [ASJF] queue waiting 0.10s for capacity (next: s11:a4:web_search, pred=3.80s)
  362.28s [s11:a4]         START web_search(Current clinical trials or studies demon) (pos #172)
  [ASJF] queue waiting 1.73s for capacity (next: s13:a0:web_search, pred=3.80s)
  362.74s [s11:a1]         END   agent_turn(round-1) (1.40s)
  363.16s [s9:a1]          END   agent_turn(round-1) (1.83s)
  363.86s [s8:a4]          END   agent_turn(round-1) (2.53s)
  363.97s [s10:a4]         END   web_search(mitigation strategies for deep-sea minin) (2.63s)
  364.01s [s8:a4]          START summarize(len=339) (pos #247)
  [ASJF] queue waiting 0.16s for capacity (next: s13:a0:web_search, pred=3.45s)
  364.07s [s14:a1]         END   web_search(Recent advancements in experimental quan) (1.89s)
  364.17s [s13:a0]         START web_search(Molecular mechanisms of CRISPR-Cas9) (pos #173)
  [ASJF] queue waiting 0.19s for capacity (next: s13:a3:web_search, pred=2.98s)
  364.27s [s14:a3]         END   web_search(Impact of new error models on the design) (2.09s)
  364.36s [s13:a3]         START web_search(which types of genetic diseases or disor) (pos #174)
  [ASJF] queue waiting 0.10s for capacity (next: s13:a1:web_search, pred=2.71s)
  364.41s [s8:a4]          END   summarize(len=339) (0.40s)
  364.47s [s8:a4]          START summarize(len=327) (pos #251)
  364.47s [s13:a1]         START web_search(Comparison of efficacy and precision of ) (pos #175)
  [ASJF] queue waiting 0.49s for capacity (next: s14:a4:web_search, pred=2.71s)
  364.54s [s11:a4]         END   web_search(Current clinical trials or studies demon) (2.25s)
  364.57s [s14:a0]         END   web_search(Recent theoretical developments in quant) (2.39s)
  364.92s [s8:a4]          END   summarize(len=327) (0.45s)
  364.96s [s8:a4]          START summarize(len=297) (pos #254)
  [ASJF] queue waiting 0.10s for capacity (next: s14:a0:agent_turn, pred=2.39s)
  365.06s [s14:a0]         START agent_turn(round-1) (pos #253)
  365.06s [s14:a4]         START web_search(role of machine learning and artificial ) (pos #176)
  365.06s [s13:a4]         START web_search(regulatory considerations of CRISPR-Cas9) (pos #177)
  365.06s [s12:a3]         START web_search(recent advances in quantum error correct) (pos #178)
  365.06s [s12:a2]         START web_search(Challenges of implementing advanced quan) (pos #179)
  [ASJF] queue waiting 0.59s for capacity (next: s12:a4:web_search, pred=2.52s)
  365.15s [s14:a2]         END   web_search(Challenges in scaling quantum error corr) (3.07s)
  365.56s [s8:a4]          END   summarize(len=297) (0.60s)
  365.66s [s8:a4]          START summarize(len=273) (pos #256)
  [ASJF] queue waiting 0.12s for capacity (next: s12:a4:web_search, pred=2.69s)
  365.78s [s12:a4]         START web_search(theoretical breakthroughs in quantum err) (pos #180)
  [ASJF] queue waiting 0.18s for capacity (next: s12:a0:web_search, pred=2.69s)
  365.97s [s12:a0]         START web_search(recent methods for detecting and diagnos) (pos #181)
  [ASJF] queue waiting 0.10s for capacity (next: s12:a1:web_search, pred=2.69s)
  365.98s [s14:a0]         END   agent_turn(round-1) (0.92s)
  366.07s [s14:a0]         START summarize(len=566) (pos #257)
  [ASJF] queue waiting 0.10s for capacity (next: s12:a1:web_search, pred=2.69s)
  366.17s [s12:a1]         START web_search(quantum error correction codes improveme) (pos #182)
  [ASJF] queue waiting 0.27s for capacity (next: s13:a2:web_search, pred=2.69s)
  366.29s [s8:a4]          END   summarize(len=273) (0.64s)
  366.31s [s13:a0]         END   web_search(Molecular mechanisms of CRISPR-Cas9) (2.14s)
  366.44s [s8:a4]          START summarize(len=276) (pos #258)
  [ASJF] queue waiting 0.22s for capacity (next: s13:a2:web_search, pred=2.52s)
  366.66s [s13:a2]         START web_search(Safety profiles of CRISPR-Cas9 in clinic) (pos #183)
  [ASJF] queue waiting 0.10s for capacity (next: s5:a0:web_search, pred=2.52s)
  366.71s [s14:a0]         END   summarize(len=566) (0.64s)
  366.73s [s13:a3]         END   web_search(which types of genetic diseases or disor) (2.36s)
  366.76s [s14:a0]         START agent_turn(round-2) (pos #260)
  [ASJF] queue waiting 53.25s for capacity (next: s5:a0:web_search, pred=2.47s)
  366.88s [s8:a4]          END   summarize(len=276) (0.43s)
  366.95s [s13:a1]         END   web_search(Comparison of efficacy and precision of ) (2.48s)
  367.13s [s14:a4]         END   web_search(role of machine learning and artificial ) (2.06s)
  367.48s [s13:a4]         END   web_search(regulatory considerations of CRISPR-Cas9) (2.41s)
  367.53s [s12:a2]         END   web_search(Challenges of implementing advanced quan) (2.47s)
  367.61s [s12:a3]         END   web_search(recent advances in quantum error correct) (2.55s)
  367.67s [s1:orch]        END   finalize (7.66s)
  [session=1] done in 363.7s (arrived at 4.0s)
  368.12s [s14:a0]         END   agent_turn(round-2) (1.36s)
  368.30s [s12:a4]         END   web_search(theoretical breakthroughs in quantum err) (2.52s)
  368.98s [s12:a1]         END   web_search(quantum error correction codes improveme) (2.80s)
  368.98s [s12:a0]         END   web_search(recent methods for detecting and diagnos) (3.01s)
  369.49s [s13:a2]         END   web_search(Safety profiles of CRISPR-Cas9 in clinic) (2.83s)
  371.79s [s0:orch]        END   finalize (10.46s)
  [session=0] done in 371.8s (arrived at 0.0s)
  420.01s [s8:a4]          START agent_turn(round-2) (pos #262)
  [ASJF] queue waiting 1.32s for capacity (next: s12:a3:agent_turn, pred=1.95s)
  421.33s [s12:a3]         START agent_turn(round-1) (pos #267)
  421.33s [s5:a0]          START web_search(Breakthroughs in nuclear fusion technolo) (pos #189)
  421.33s [s5:a2]          START web_search(current state of nuclear fusion technolo) (pos #190)
  421.33s [s5:a1]          START web_search(Major nuclear fusion projects and their ) (pos #191)
  421.33s [s5:a3]          START web_search(Funding trends in nuclear fusion researc) (pos #193)
  [ASJF] queue waiting 0.74s for capacity (next: s3:a4:web_search, pred=2.74s)
  422.08s [s3:a4]          START web_search(Limitations and future prospects of clin) (pos #194)
  [ASJF] queue waiting 0.10s for capacity (next: s2:a0:web_search, pred=2.74s)
  422.18s [s2:a0]          START web_search(main technological challenges in nuclear) (pos #195)
  422.18s [s5:a4]          START web_search(Economic implications of nuclear fusion ) (pos #196)
  422.18s [s3:a0]          START web_search(CRISPR-Cas9 mechanism) (pos #197)
  [ASJF] queue waiting 0.10s for capacity (next: s3:a3:web_search, pred=2.74s)
  422.28s [s3:a3]          START web_search(Applications of TALENs in genetic diseas) (pos #199)
  [ASJF] queue waiting 1.73s for capacity (next: s2:a1:web_search, pred=2.74s)
  422.86s [s5:a0]          END   web_search(Breakthroughs in nuclear fusion technolo) (1.53s)
  422.94s [s8:a4]          END   agent_turn(round-2) (2.93s)
  423.01s [s12:a3]         END   agent_turn(round-1) (1.67s)
  423.08s [s5:a2]          END   web_search(current state of nuclear fusion technolo) (1.75s)
  423.83s [s5:a3]          END   web_search(Funding trends in nuclear fusion researc) (2.49s)
  424.01s [s5:a0]          START agent_turn(round-1) (pos #272)
  [ASJF] queue waiting 0.16s for capacity (next: s5:a2:agent_turn, pred=1.87s)
  424.02s [s5:a1]          END   web_search(Major nuclear fusion projects and their ) (2.68s)
  424.17s [s5:a2]          START agent_turn(round-1) (pos #273)
  [ASJF] queue waiting 0.19s for capacity (next: s5:a3:agent_turn, pred=1.87s)
  424.20s [s2:a0]          END   web_search(main technological challenges in nuclear) (2.02s)
  424.37s [s5:a3]          START agent_turn(round-1) (pos #274)
  [ASJF] queue waiting 0.10s for capacity (next: s5:a1:agent_turn, pred=1.87s)
  424.47s [s5:a1]          START agent_turn(round-1) (pos #275)
  424.47s [s2:a0]          START agent_turn(round-1) (pos #276)
  [ASJF] queue waiting 0.49s for capacity (next: s2:a1:web_search, pred=2.28s)
  424.55s [s3:a3]          END   web_search(Applications of TALENs in genetic diseas) (2.27s)
  424.76s [s3:a0]          END   web_search(CRISPR-Cas9 mechanism) (2.58s)
  424.96s [s2:a1]          START web_search(Leading fusion reactor designs for plasm) (pos #200)
  [ASJF] queue waiting 0.10s for capacity (next: s3:a2:web_search, pred=2.37s)
  425.06s [s3:a2]          START web_search(Off-target effects and safety concerns o) (pos #201)
  425.06s [s3:a1]          START web_search(CRISPR-Cas9 vs base editing in gene ther) (pos #202)
  425.06s [s6:a1]          START web_search(Impact of new quantum error correction m) (pos #203)
  425.06s [s6:a0]          START web_search(Recent developments in quantum error cor) (pos #204)
  425.06s [s2:a3]          START web_search(Advancements in materials for fusion rea) (pos #205)
  [ASJF] queue waiting 0.59s for capacity (next: s6:a2:web_search, pred=2.37s)
  425.27s [s5:a4]          END   web_search(Economic implications of nuclear fusion ) (3.09s)
  425.57s [s3:a4]          END   web_search(Limitations and future prospects of clin) (3.49s)
  425.66s [s5:a4]          START agent_turn(round-1) (pos #279)
  [ASJF] queue waiting 0.12s for capacity (next: s3:a4:agent_turn, pred=1.87s)
  425.78s [s3:a4]          START agent_turn(round-1) (pos #280)
  [ASJF] queue waiting 0.18s for capacity (next: s6:a2:web_search, pred=2.85s)
  425.97s [s6:a2]          START web_search(importance of error models in quantum er) (pos #207)
  [ASJF] queue waiting 0.10s for capacity (next: s2:a4:web_search, pred=2.85s)
  426.07s [s2:a4]          START web_search(international collaborations on nuclear ) (pos #208)
  [ASJF] queue waiting 0.10s for capacity (next: s6:a4:web_search, pred=2.85s)
  426.17s [s6:a4]          START web_search(Practical issues in quantum error correc) (pos #209)
  [ASJF] queue waiting 0.27s for capacity (next: s7:a3:web_search, pred=2.85s)
  426.44s [s7:a3]          START web_search(Engineering advancements for commercial ) (pos #210)
  [ASJF] queue waiting 0.22s for capacity (next: s7:a0:web_search, pred=2.85s)
  426.46s [s2:a0]          END   agent_turn(round-1) (1.99s)
  426.46s [s5:a0]          END   agent_turn(round-1) (2.45s)
  426.49s [s5:a3]          END   agent_turn(round-1) (2.12s)
  426.57s [s5:a2]          END   agent_turn(round-1) (2.40s)
  426.64s [s5:a1]          END   agent_turn(round-1) (2.18s)
  426.66s [s7:a0]          START web_search(Technological challenges in nuclear fusi) (pos #211)
  [ASJF] queue waiting 0.10s for capacity (next: s8:a1:web_search, pred=2.85s)
  426.76s [s8:a1]          START web_search(environmental effects of deep-sea mining) (pos #212)
  [ASJF] queue waiting 53.25s for capacity (next: s7:a1:web_search, pred=2.85s)
  427.35s [s6:a1]          END   web_search(Impact of new quantum error correction m) (2.28s)
  427.52s [s2:a1]          END   web_search(Leading fusion reactor designs for plasm) (2.56s)
  427.53s [s2:a3]          END   web_search(Advancements in materials for fusion rea) (2.47s)
  427.69s [s3:a2]          END   web_search(Off-target effects and safety concerns o) (2.62s)
  427.82s [s3:a4]          END   agent_turn(round-1) (2.03s)
  428.13s [s3:a1]          END   web_search(CRISPR-Cas9 vs base editing in gene ther) (3.07s)
  428.13s [s6:a2]          END   web_search(importance of error models in quantum er) (2.17s)
  428.16s [s6:a0]          END   web_search(Recent developments in quantum error cor) (3.10s)
  428.24s [s5:a4]          END   agent_turn(round-1) (2.58s)
  428.38s [s2:a4]          END   web_search(international collaborations on nuclear ) (2.32s)
  428.49s [s6:a4]          END   web_search(Practical issues in quantum error correc) (2.32s)
  428.64s [s7:a3]          END   web_search(Engineering advancements for commercial ) (2.20s)
  429.01s [s8:a1]          END   web_search(environmental effects of deep-sea mining) (2.24s)
  429.31s [s7:a0]          END   web_search(Technological challenges in nuclear fusi) (2.65s)
  480.01s [s6:a1]          START agent_turn(round-1) (pos #281)
  [ASJF] queue waiting 1.32s for capacity (next: s2:a1:agent_turn, pred=2.27s)
  481.33s [s2:a1]          START agent_turn(round-1) (pos #282)
  481.33s [s3:a2]          START agent_turn(round-1) (pos #284)
  481.33s [s3:a1]          START agent_turn(round-1) (pos #285)
  481.33s [s6:a2]          START agent_turn(round-1) (pos #286)
  481.33s [s6:a0]          START agent_turn(round-1) (pos #287)
  [ASJF] queue waiting 0.74s for capacity (next: s2:a4:agent_turn, pred=2.27s)
  481.89s [s6:a1]          END   agent_turn(round-1) (1.87s)
  482.08s [s2:a4]          START agent_turn(round-1) (pos #289)
  [ASJF] queue waiting 0.10s for capacity (next: s6:a4:agent_turn, pred=2.15s)
  482.18s [s6:a4]          START agent_turn(round-1) (pos #290)
  482.18s [s7:a3]          START agent_turn(round-1) (pos #291)
  482.18s [s8:a1]          START agent_turn(round-1) (pos #292)
  [ASJF] queue waiting 0.10s for capacity (next: s7:a0:agent_turn, pred=2.15s)
  482.28s [s7:a0]          START agent_turn(round-1) (pos #293)
  [ASJF] queue waiting 1.73s for capacity (next: s7:a1:web_search, pred=2.45s)
  483.01s [s6:a2]          END   agent_turn(round-1) (1.68s)
  483.10s [s3:a1]          END   agent_turn(round-1) (1.77s)
  483.94s [s3:a2]          END   agent_turn(round-1) (2.60s)
  484.01s [s7:a1]          START web_search(Current status of nuclear fusion researc) (pos #213)
  [ASJF] queue waiting 0.16s for capacity (next: s7:a2:web_search, pred=2.45s)
  484.04s [s6:a0]          END   agent_turn(round-1) (2.70s)
  484.17s [s7:a2]          START web_search(recent advances in nuclear fusion techno) (pos #214)
  [ASJF] queue waiting 0.19s for capacity (next: s2:a2:web_search, pred=2.45s)
  484.33s [s2:a1]          END   agent_turn(round-1) (3.00s)
  484.37s [s2:a2]          START web_search(latest advancements, challenges, and tim) (pos #218)
  [ASJF] queue waiting 0.10s for capacity (next: s7:a4:web_search, pred=2.45s)
  484.47s [s7:a4]          START web_search(Economic implications of large-scale nuc) (pos #222)
  484.47s [s8:a2]          START web_search(impact of deep-sea mining on marine ecos) (pos #223)
  [ASJF] queue waiting 0.49s for capacity (next: s8:a0:web_search, pred=2.45s)
  484.86s [s8:a1]          END   agent_turn(round-1) (2.68s)
  484.96s [s8:a0]          START web_search(Environmental impact of deep-sea mining) (pos #224)
  [ASJF] queue waiting 0.10s for capacity (next: s9:a0:web_search, pred=2.45s)
  485.06s [s9:a0]          START web_search(Applications of large language models in) (pos #226)
  485.06s [s4:a4]          START web_search(Environmental mitigation techniques for ) (pos #227)
  485.06s [s8:a3]          START web_search(scientific studies on deep-sea mining ef) (pos #228)
  485.06s [s4:a0]          START web_search(Environmental impacts of deep-sea mining) (pos #230)
  485.06s [s9:a3]          START web_search(large language models in drug discovery ) (pos #231)
  [ASJF] queue waiting 0.59s for capacity (next: s4:a1:web_search, pred=2.45s)
  485.47s [s7:a3]          END   agent_turn(round-1) (3.29s)
  485.48s [s6:a4]          END   agent_turn(round-1) (3.30s)
  485.48s [s2:a4]          END   agent_turn(round-1) (3.40s)
  485.66s [s4:a1]          START web_search(effects of deep-sea mining on surroundin) (pos #232)
  [ASJF] queue waiting 0.12s for capacity (next: s10:a0:web_search, pred=2.45s)
  485.78s [s10:a0]         START web_search(Marine species most affected by deep-sea) (pos #233)
  [ASJF] queue waiting 0.18s for capacity (next: s9:a4:web_search, pred=2.45s)
  485.97s [s9:a4]          START web_search(role of large language models in drug di) (pos #234)
  [ASJF] queue waiting 0.10s for capacity (next: s9:a2:web_search, pred=2.45s)
  486.01s [s7:a0]          END   agent_turn(round-1) (3.73s)
  486.07s [s9:a2]          START web_search(Applications of large language models in) (pos #235)
  [ASJF] queue waiting 0.10s for capacity (next: s4:a2:web_search, pred=2.45s)
  486.17s [s4:a2]          START web_search(effects of deep-sea mining on mineral cy) (pos #236)
  [ASJF] queue waiting 0.27s for capacity (next: s10:a1:web_search, pred=2.45s)
  486.45s [s10:a1]         START web_search(Effect of deep-sea mining on nutrient cy) (pos #237)
  [ASJF] queue waiting 0.22s for capacity (next: s10:a3:web_search, pred=2.45s)
  486.52s [s8:a2]          END   web_search(impact of deep-sea mining on marine ecos) (2.05s)
  486.66s [s10:a3]         START web_search(Deep-sea mining environmental effects) (pos #238)
  [ASJF] queue waiting 0.10s for capacity (next: s4:a3:web_search, pred=2.33s)
  486.72s [s7:a1]          END   web_search(Current status of nuclear fusion researc) (2.71s)
  486.76s [s4:a3]          START web_search(ecological disruption caused by deep-sea) (pos #239)
  [ASJF] queue waiting 53.25s for capacity (next: s11:a0:web_search, pred=2.45s)
  487.01s [s7:a4]          END   web_search(Economic implications of large-scale nuc) (2.54s)
  487.10s [s9:a3]          END   web_search(large language models in drug discovery ) (2.04s)
  487.23s [s7:a2]          END   web_search(recent advances in nuclear fusion techno) (3.06s)
  487.40s [s8:a3]          END   web_search(scientific studies on deep-sea mining ef) (2.34s)
  487.42s [s9:a0]          END   web_search(Applications of large language models in) (2.35s)
  487.62s [s2:a2]          END   web_search(latest advancements, challenges, and tim) (3.25s)
  487.74s [s4:a0]          END   web_search(Environmental impacts of deep-sea mining) (2.67s)
  488.03s [s8:a0]          END   web_search(Environmental impact of deep-sea mining) (3.07s)
  488.03s [s9:a2]          END   web_search(Applications of large language models in) (1.96s)
  488.12s [s4:a1]          END   web_search(effects of deep-sea mining on surroundin) (2.46s)
  488.18s [s4:a4]          END   web_search(Environmental mitigation techniques for ) (3.11s)
  488.28s [s9:a4]          END   web_search(role of large language models in drug di) (2.31s)
  488.65s [s4:a2]          END   web_search(effects of deep-sea mining on mineral cy) (2.47s)
  488.71s [s10:a0]         END   web_search(Marine species most affected by deep-sea) (2.93s)
  488.95s [s4:a3]          END   web_search(ecological disruption caused by deep-sea) (2.19s)
  489.31s [s10:a3]         END   web_search(Deep-sea mining environmental effects) (2.65s)
  489.42s [s10:a1]         END   web_search(Effect of deep-sea mining on nutrient cy) (2.98s)
  540.02s [s11:a0]         START web_search(Differences between CRISPR-Cas9 and base) (pos #240)
  [ASJF] queue waiting 1.32s for capacity (next: s11:a3:web_search, pred=2.68s)
  541.34s [s11:a3]         START web_search(cellular context influence on CRISPR and) (pos #241)
  541.34s [s10:a2]         START web_search(environmental effects of deep-sea mining) (pos #242)
  541.34s [s11:a2]         START web_search(off-target effects in CRISPR-Cas9 gene e) (pos #243)
  541.34s [s10:a4]         START web_search(regulatory measures for deep-sea mining) (pos #248)
  541.34s [s14:a1]         START web_search(Overview of quantum error correction in ) (pos #249)
  [ASJF] queue waiting 0.74s for capacity (next: s14:a3:web_search, pred=2.68s)
  542.08s [s14:a3]         START web_search(Performance changes in quantum error-cor) (pos #250)
  [ASJF] queue waiting 0.10s for capacity (next: s11:a4:web_search, pred=2.68s)
  542.18s [s11:a4]         START web_search(Current clinical trials or studies demon) (pos #252)
  542.18s [s14:a2]         START web_search(Limitations of quantum error correction ) (pos #255)
  542.18s [s13:a0]         START web_search(Operational differences between CRISPR-C) (pos #259)
  [ASJF] queue waiting 0.10s for capacity (next: s13:a3:web_search, pred=2.68s)
  542.28s [s13:a3]         START web_search(therapeutic potential of gene therapy fo) (pos #261)
  [ASJF] queue waiting 1.73s for capacity (next: s13:a1:web_search, pred=2.68s)
  542.66s [s11:a0]         END   web_search(Differences between CRISPR-Cas9 and base) (2.64s)
  543.56s [s10:a2]         END   web_search(environmental effects of deep-sea mining) (2.23s)
  543.56s [s11:a2]         END   web_search(off-target effects in CRISPR-Cas9 gene e) (2.23s)
  543.95s [s11:a3]         END   web_search(cellular context influence on CRISPR and) (2.62s)
  544.01s [s13:a1]         START web_search(Therapeutic applications and accuracy of) (pos #263)
  [ASJF] queue waiting 0.16s for capacity (next: s14:a4:web_search, pred=2.50s)
  544.14s [s10:a4]         END   web_search(regulatory measures for deep-sea mining) (2.81s)
  544.17s [s14:a4]         START web_search(applications of AI in quantum computing ) (pos #264)
  [ASJF] queue waiting 0.19s for capacity (next: s13:a4:web_search, pred=2.59s)
  544.35s [s13:a3]         END   web_search(therapeutic potential of gene therapy fo) (2.06s)
  544.37s [s13:a4]         START web_search(ethical considerations of CRISPR-Cas9 an) (pos #265)
  [ASJF] queue waiting 0.10s for capacity (next: s12:a2:web_search, pred=2.43s)
  544.47s [s12:a2]         START web_search(Limitations and challenges in quantum er) (pos #266)
  544.47s [s12:a4]         START web_search(recent advances in quantum error correct) (pos #268)
  [ASJF] queue waiting 0.49s for capacity (next: s12:a1:web_search, pred=2.43s)
  544.55s [s14:a2]         END   web_search(Limitations of quantum error correction ) (2.37s)
  544.56s [s14:a1]         END   web_search(Overview of quantum error correction in ) (3.22s)
  544.96s [s12:a1]         START web_search(advantages of new quantum error correcti) (pos #269)
  [ASJF] queue waiting 0.10s for capacity (next: s12:a0:web_search, pred=2.65s)
  545.07s [s12:a0]         START web_search(latest techniques for quantum error dete) (pos #270)
  545.07s [s13:a2]         START web_search(Safety profiles of base editing in clini) (pos #271)
  545.07s [s3:a3]          START web_search(Advantages of ZFNs for specific genetic ) (pos #277)
  545.07s [s3:a0]          START web_search(Base editing mechanism) (pos #278)
  545.07s [s2:a3]          START web_search(Recent developments in fusion reactor co) (pos #283)
  [ASJF] queue waiting 0.59s for capacity (next: s7:a4:web_search, pred=2.65s)
  545.53s [s14:a3]         END   web_search(Performance changes in quantum error-cor) (3.45s)
  545.66s [s7:a4]          START web_search(Safety implications of large-scale nucle) (pos #297)
  [ASJF] queue waiting 0.12s for capacity (next: s10:a2:web_search, pred=2.89s)
  545.74s [s14:a4]         END   web_search(applications of AI in quantum computing ) (1.56s)
  545.78s [s10:a2]         START web_search(deep-sea mining and ocean health) (pos #315)
  [ASJF] queue waiting 0.18s for capacity (next: s13:a3:web_search, pred=2.49s)
  545.91s [s11:a4]         END   web_search(Current clinical trials or studies demon) (3.72s)
  545.97s [s13:a3]         START web_search(applications of personalized medicine in) (pos #319)
  [ASJF] queue waiting 0.10s for capacity (next: s8:a2:agent_turn, pred=3.27s)
  546.07s [s8:a2]          START agent_turn(round-1) (pos #295)
  [ASJF] queue waiting 0.10s for capacity (next: s7:a1:agent_turn, pred=3.27s)
  546.17s [s7:a1]          START agent_turn(round-1) (pos #296)
  [ASJF] queue waiting 0.27s for capacity (next: s9:a3:agent_turn, pred=3.27s)
  546.45s [s9:a3]          START agent_turn(round-1) (pos #298)
  [ASJF] queue waiting 0.22s for capacity (next: s7:a2:agent_turn, pred=3.27s)
  546.65s [s12:a2]         END   web_search(Limitations and challenges in quantum er) (2.18s)
  546.66s [s7:a2]          START agent_turn(round-1) (pos #299)
  [ASJF] queue waiting 0.10s for capacity (next: s8:a3:agent_turn, pred=3.27s)
  546.73s [s13:a0]         END   web_search(Operational differences between CRISPR-C) (4.55s)
  546.77s [s8:a3]          START agent_turn(round-1) (pos #300)
  [ASJF] queue waiting 53.25s for capacity (next: s9:a0:agent_turn, pred=3.27s)
  546.88s [s12:a4]         END   web_search(recent advances in quantum error correct) (2.41s)
  546.94s [s13:a4]         END   web_search(ethical considerations of CRISPR-Cas9 an) (2.58s)
  546.95s [s12:a1]         END   web_search(advantages of new quantum error correcti) (1.98s)
  547.42s [s13:a2]         END   web_search(Safety profiles of base editing in clini) (2.35s)
  547.48s [s3:a0]          END   web_search(Base editing mechanism) (2.42s)
  547.60s [s3:a3]          END   web_search(Advantages of ZFNs for specific genetic ) (2.54s)
  547.63s [s8:a2]          END   agent_turn(round-1) (1.56s)
  547.83s [s2:a3]          END   web_search(Recent developments in fusion reactor co) (2.77s)
  548.13s [s13:a1]         END   web_search(Therapeutic applications and accuracy of) (4.11s)
  548.13s [s12:a0]         END   web_search(latest techniques for quantum error dete) (3.07s)
  548.46s [s13:a3]         END   web_search(applications of personalized medicine in) (2.49s)
  548.51s [s10:a2]         END   web_search(deep-sea mining and ocean health) (2.73s)
  548.71s [s7:a4]          END   web_search(Safety implications of large-scale nucle) (3.05s)
  549.38s [s7:a2]          END   agent_turn(round-1) (2.72s)
  549.50s [s7:a1]          END   agent_turn(round-1) (3.33s)
  549.51s [s8:a3]          END   agent_turn(round-1) (2.74s)
  550.55s [s9:a3]          END   agent_turn(round-1) (4.11s)
  600.02s [s9:a0]          START agent_turn(round-1) (pos #301)
  [ASJF] queue waiting 1.32s for capacity (next: s2:a2:agent_turn, pred=3.24s)
  601.34s [s2:a2]          START agent_turn(round-1) (pos #302)
  601.34s [s4:a0]          START agent_turn(round-1) (pos #303)
  601.34s [s8:a0]          START agent_turn(round-1) (pos #304)
  601.34s [s9:a2]          START agent_turn(round-1) (pos #305)
  601.34s [s4:a1]          START agent_turn(round-1) (pos #306)
  [ASJF] queue waiting 0.74s for capacity (next: s4:a4:agent_turn, pred=3.24s)
  602.05s [s9:a0]          END   agent_turn(round-1) (2.03s)
  602.08s [s4:a4]          START agent_turn(round-1) (pos #307)
  [ASJF] queue waiting 0.10s for capacity (next: s9:a4:agent_turn, pred=2.88s)
  602.18s [s9:a4]          START agent_turn(round-1) (pos #308)
  602.18s [s4:a2]          START agent_turn(round-1) (pos #309)
  602.18s [s10:a0]         START agent_turn(round-1) (pos #310)
  [ASJF] queue waiting 0.10s for capacity (next: s4:a3:agent_turn, pred=2.88s)
  602.29s [s4:a3]          START agent_turn(round-1) (pos #311)
  [ASJF] queue waiting 1.73s for capacity (next: s10:a3:agent_turn, pred=2.88s)
  602.62s [s4:a0]          END   agent_turn(round-1) (1.28s)
  603.02s [s4:a1]          END   agent_turn(round-1) (1.68s)
  603.18s [s2:a2]          END   agent_turn(round-1) (1.84s)
  603.71s [s9:a2]          END   agent_turn(round-1) (2.38s)
  603.88s [s10:a0]         END   agent_turn(round-1) (1.69s)
  604.02s [s10:a3]         START agent_turn(round-1) (pos #312)
  [ASJF] queue waiting 0.16s for capacity (next: s10:a1:agent_turn, pred=2.02s)
  604.05s [s8:a0]          END   agent_turn(round-1) (2.71s)
  604.11s [s4:a4]          END   agent_turn(round-1) (2.03s)
  604.18s [s10:a1]         START agent_turn(round-1) (pos #313)
  [ASJF] queue waiting 0.19s for capacity (next: s11:a0:agent_turn, pred=2.17s)
  604.24s [s4:a2]          END   agent_turn(round-1) (2.06s)
  604.33s [s4:a3]          END   agent_turn(round-1) (2.05s)
  604.37s [s11:a0]         START agent_turn(round-1) (pos #314)
  [ASJF] queue waiting 0.10s for capacity (next: s11:a2:agent_turn, pred=2.11s)
  604.47s [s11:a2]         START agent_turn(round-1) (pos #316)
  604.47s [s11:a3]         START agent_turn(round-1) (pos #317)
  [ASJF] queue waiting 0.49s for capacity (next: s10:a4:agent_turn, pred=2.11s)
  604.64s [s9:a4]          END   agent_turn(round-1) (2.46s)
  604.96s [s10:a4]         START agent_turn(round-1) (pos #318)
  [ASJF] queue waiting 0.10s for capacity (next: s14:a2:agent_turn, pred=2.21s)
  605.07s [s14:a2]         START agent_turn(round-1) (pos #320)
  605.07s [s14:a1]         START agent_turn(round-1) (pos #321)
  605.07s [s14:a3]         START agent_turn(round-1) (pos #322)
  605.07s [s14:a4]         START agent_turn(round-1) (pos #323)
  605.07s [s11:a4]         START agent_turn(round-1) (pos #324)
  [ASJF] queue waiting 0.59s for capacity (next: s12:a2:agent_turn, pred=2.21s)
  605.66s [s12:a2]         START agent_turn(round-1) (pos #325)
  [ASJF] queue waiting 0.12s for capacity (next: s13:a0:agent_turn, pred=2.21s)
  605.78s [s13:a0]         START agent_turn(round-1) (pos #326)
  [ASJF] queue waiting 0.19s for capacity (next: s12:a4:agent_turn, pred=2.21s)
  605.91s [s10:a1]         END   agent_turn(round-1) (1.73s)
  605.97s [s12:a4]         START agent_turn(round-1) (pos #327)
  [ASJF] queue waiting 0.10s for capacity (next: s13:a4:agent_turn, pred=2.07s)
  605.98s [s10:a3]         END   agent_turn(round-1) (1.96s)
  606.07s [s13:a4]         START agent_turn(round-1) (pos #328)
  [ASJF] queue waiting 0.10s for capacity (next: s12:a1:agent_turn, pred=2.04s)
  606.17s [s12:a1]         START agent_turn(round-1) (pos #329)
  [ASJF] queue waiting 0.27s for capacity (next: s13:a2:agent_turn, pred=2.04s)
  606.45s [s13:a2]         START agent_turn(round-1) (pos #330)
  [ASJF] queue waiting 0.22s for capacity (next: s3:a0:agent_turn, pred=2.04s)
  606.67s [s3:a0]          START agent_turn(round-1) (pos #331)
  [ASJF] queue waiting 0.10s for capacity (next: s3:a3:agent_turn, pred=2.04s)
  606.77s [s3:a3]          START agent_turn(round-1) (pos #332)
  [ASJF] queue waiting 53.25s for capacity (next: s2:a3:agent_turn, pred=2.04s)
  606.79s [s11:a0]         END   agent_turn(round-1) (2.42s)
  607.13s [s11:a3]         END   agent_turn(round-1) (2.65s)
  607.13s [s14:a4]         END   agent_turn(round-1) (2.06s)
  607.25s [s11:a2]         END   agent_turn(round-1) (2.78s)
  607.44s [s14:a1]         END   agent_turn(round-1) (2.37s)
  607.51s [s14:a3]         END   agent_turn(round-1) (2.44s)
  607.87s [s14:a2]         END   agent_turn(round-1) (2.80s)
  607.90s [s12:a2]         END   agent_turn(round-1) (2.23s)
  607.95s [s11:a4]         END   agent_turn(round-1) (2.88s)
  607.97s [s12:a1]         END   agent_turn(round-1) (1.79s)
  608.46s [s12:a4]         END   agent_turn(round-1) (2.49s)
  608.46s [s10:a4]         END   agent_turn(round-1) (3.49s)
  609.03s [s13:a4]         END   agent_turn(round-1) (2.96s)
  609.18s [s13:a2]         END   agent_turn(round-1) (2.73s)
  609.55s [s3:a0]          END   agent_turn(round-1) (2.88s)
  609.77s [s13:a0]         END   agent_turn(round-1) (3.98s)
  610.08s [s3:a3]          END   agent_turn(round-1) (3.31s)
  660.02s [s2:a3]          START agent_turn(round-1) (pos #333)
  [ASJF] queue waiting 1.32s for capacity (next: s13:a1:agent_turn, pred=3.20s)
  661.34s [s13:a1]         START agent_turn(round-1) (pos #334)
  661.34s [s12:a0]         START agent_turn(round-1) (pos #335)
  661.34s [s13:a3]         START agent_turn(round-1) (pos #336)
  661.34s [s10:a2]         START agent_turn(round-1) (pos #337)
  661.34s [s7:a4]          START agent_turn(round-1) (pos #338)
  [ASJF] queue waiting 0.74s for capacity (next: s5:orch:synthesis, pred=6.65s)
  662.08s [s5:orch]        START synthesis (pos #288)
  [ASJF] queue waiting 0.10s for capacity (next: s6:orch:synthesis, pred=6.65s)
  662.18s [s6:orch]        START synthesis (pos #294)
  662.18s [s8:orch]        START synthesis (pos #339)
  662.18s [s4:orch]        START synthesis (pos #340)
  [ASJF] queue waiting 0.10s for capacity (next: s9:orch:synthesis, pred=6.65s)
  662.29s [s9:orch]        START synthesis (pos #341)
  [ASJF] queue waiting 1.73s for capacity (next: s14:orch:synthesis, pred=6.65s)
  662.54s [s2:a3]          END   agent_turn(round-1) (2.52s)
  663.76s [s13:a1]         END   agent_turn(round-1) (2.43s)
  663.79s [s10:a2]         END   agent_turn(round-1) (2.45s)
  663.87s [s7:a4]          END   agent_turn(round-1) (2.53s)
  663.87s [s12:a0]         END   agent_turn(round-1) (2.53s)
  663.91s [s13:a3]         END   agent_turn(round-1) (2.57s)
  664.02s [s14:orch]       START synthesis (pos #342)
  [ASJF] queue waiting 0.16s for capacity (next: s11:orch:synthesis, pred=6.65s)
  664.18s [s11:orch]       START synthesis (pos #343)
  [ASJF] queue waiting 0.19s for capacity (next: s3:orch:synthesis, pred=6.65s)
  664.37s [s3:orch]        START synthesis (pos #344)
  [ASJF] queue waiting 0.10s for capacity (next: s2:orch:synthesis, pred=6.65s)
  664.47s [s2:orch]        START synthesis (pos #345)
  664.47s [s10:orch]       START synthesis (pos #346)
  [ASJF] queue waiting 0.49s for capacity (next: s7:orch:synthesis, pred=6.65s)
  664.97s [s7:orch]        START synthesis (pos #347)
  [ASJF] queue waiting 0.10s for capacity (next: s12:orch:synthesis, pred=6.65s)
  665.07s [s12:orch]       START synthesis (pos #348)
  665.07s [s13:orch]       START synthesis (pos #349)
  666.94s [s4:orch]        END   synthesis (4.76s)
  666.95s [s4:r1]          START review_style (pos #351)
  666.95s [s4:r0]          START review_citations (pos #350)
  666.95s [s4:r2]          START review_facts (pos #352)
  667.54s [s8:orch]        END   synthesis (5.36s)
  667.54s [s8:r1]          START review_style (pos #354)
  667.54s [s8:r0]          START review_citations (pos #353)
  667.54s [s8:r2]          START review_facts (pos #355)
  667.57s [s9:orch]        END   synthesis (5.28s)
  667.57s [s9:r1]          START review_style (pos #357)
  667.57s [s9:r0]          START review_citations (pos #356)
  667.57s [s9:r2]          START review_facts (pos #358)
  668.88s [s6:orch]        END   synthesis (6.69s)
  668.88s [s6:r1]          START review_style (pos #360)
  668.88s [s6:r0]          START review_citations (pos #359)
  [ASJF] queue waiting 51.14s for capacity (next: s6:r2:review_facts, pred=13.02s)
  668.97s [s10:orch]       END   synthesis (4.50s)
  669.14s [s5:orch]        END   synthesis (7.06s)
  669.34s [s14:orch]       END   synthesis (5.33s)
  669.40s [s3:orch]        END   synthesis (5.03s)
  669.72s [s11:orch]       END   synthesis (5.54s)
  671.43s [s2:orch]        END   synthesis (6.96s)
  672.44s [s13:orch]       END   synthesis (7.37s)
  672.57s [s4:r1]          END   review_style (5.62s)
  672.81s [s7:orch]        END   synthesis (7.85s)
  672.95s [s12:orch]       END   synthesis (7.88s)
  673.10s [s8:r1]          END   review_style (5.56s)
  673.97s [s9:r1]          END   review_style (6.40s)
  674.18s [s4:r0]          END   review_citations (7.24s)
  674.51s [s6:r1]          END   review_style (5.63s)
  675.12s [s4:r2]          END   review_facts (8.17s)
  675.13s [s6:r0]          END   review_citations (6.25s)
  676.96s [s8:r2]          END   review_facts (9.42s)
  677.33s [s8:r0]          END   review_citations (9.78s)
  678.25s [s9:r2]          END   review_facts (10.68s)
  678.75s [s9:r0]          END   review_citations (11.18s)
  720.02s [s10:r1]         START review_style (pos #363)
  [ASJF] queue waiting 1.32s for capacity (next: s5:r1:review_style, pred=5.87s)
  721.34s [s5:r1]          START review_style (pos #366)
  721.34s [s14:r1]         START review_style (pos #369)
  721.34s [s3:r1]          START review_style (pos #372)
  721.34s [s11:r1]         START review_style (pos #375)
  721.34s [s2:r1]          START review_style (pos #378)
  [ASJF] queue waiting 0.74s for capacity (next: s13:r1:review_style, pred=5.87s)
  722.08s [s13:r1]         START review_style (pos #381)
  [ASJF] queue waiting 0.10s for capacity (next: s7:r1:review_style, pred=5.87s)
  722.18s [s7:r1]          START review_style (pos #384)
  722.18s [s12:r1]         START review_style (pos #387)
  722.18s [s4:orch]        START finalize (pos #389)
  [ASJF] queue waiting 0.10s for capacity (next: s8:orch:finalize, pred=8.50s)
  722.29s [s8:orch]        START finalize (pos #390)
  [ASJF] queue waiting 1.73s for capacity (next: s9:orch:finalize, pred=8.50s)
  724.02s [s9:orch]        START finalize (pos #391)
  [ASJF] queue waiting 0.16s for capacity (next: s10:r0:review_citations, pred=9.98s)
  724.18s [s10:r0]         START review_citations (pos #362)
  [ASJF] queue waiting 0.19s for capacity (next: s5:r0:review_citations, pred=9.98s)
  724.37s [s5:r0]          START review_citations (pos #365)
  [ASJF] queue waiting 0.10s for capacity (next: s14:r0:review_citations, pred=9.98s)
  724.47s [s14:r0]         START review_citations (pos #368)
  724.47s [s3:r0]          START review_citations (pos #371)
  [ASJF] queue waiting 0.49s for capacity (next: s11:r0:review_citations, pred=9.98s)
  724.75s [s10:r1]         END   review_style (4.73s)
  724.97s [s11:r0]         START review_citations (pos #374)
  [ASJF] queue waiting 0.10s for capacity (next: s2:r0:review_citations, pred=9.98s)
  725.07s [s2:r0]          START review_citations (pos #377)
  725.07s [s13:r0]         START review_citations (pos #380)
  [ASJF] queue waiting 1.88s for capacity (next: s7:r0:review_citations, pred=9.98s)
  725.27s [s7:r1]          END   review_style (3.09s)
  725.94s [s11:r1]         END   review_style (4.61s)
  726.42s [s14:r1]         END   review_style (5.08s)
  726.47s [s2:r1]          END   review_style (5.13s)
  726.95s [s7:r0]          START review_citations (pos #383)
  726.95s [s12:r0]         START review_citations (pos #386)
  726.95s [s6:r2]          START review_facts (pos #361)
  [ASJF] queue waiting 0.60s for capacity (next: s10:r2:review_facts, pred=10.85s)
  727.54s [s10:r2]         START review_facts (pos #364)
  727.54s [s5:r2]          START review_facts (pos #367)
  727.54s [s14:r2]         START review_facts (pos #370)
  [ASJF] queue waiting 0.10s for capacity (next: s3:r2:review_facts, pred=10.85s)
  727.65s [s3:r2]          START review_facts (pos #373)
  727.65s [s11:r2]         START review_facts (pos #376)
  727.65s [s2:r2]          START review_facts (pos #379)
  [ASJF] queue waiting 1.23s for capacity (next: s13:r2:review_facts, pred=10.85s)
  728.47s [s5:r1]          END   review_style (7.13s)
  728.88s [s13:r2]         START review_facts (pos #382)
  728.88s [s7:r2]          START review_facts (pos #385)
  [ASJF] queue waiting 51.14s for capacity (next: s12:r2:review_facts, pred=10.85s)
  729.24s [s12:r1]         END   review_style (7.06s)
  731.09s [s3:r0]          END   review_citations (6.62s)
  732.43s [s9:orch]        END   finalize (8.41s)
  [session=9] done in 696.4s (arrived at 36.0s)
  732.67s [s5:r0]          END   review_citations (8.30s)
  733.11s [s13:r1]         END   review_style (11.03s)
  733.20s [s7:r0]          END   review_citations (6.26s)
  733.57s [s10:r0]         END   review_citations (9.39s)
  733.61s [s3:r1]          END   review_style (12.27s)
  734.05s [s14:r0]         END   review_citations (9.57s)
  734.05s [s2:r0]          END   review_citations (8.98s)
  734.93s [s14:r2]         END   review_facts (7.39s)
  735.04s [s13:r0]         END   review_citations (9.97s)
  735.38s [s6:r2]          END   review_facts (8.44s)
  735.39s [s11:r0]         END   review_citations (10.42s)
  735.47s [s8:orch]        END   finalize (13.18s)
  [session=8] done in 703.5s (arrived at 32.0s)
  735.78s [s3:r2]          END   review_facts (8.14s)
  735.98s [s4:orch]        END   finalize (13.80s)
  [session=4] done in 720.0s (arrived at 16.0s)
  736.35s [s11:r2]         END   review_facts (8.71s)
  736.45s [s12:r0]         END   review_citations (9.51s)
  736.75s [s5:r2]          END   review_facts (9.21s)
  737.18s [s13:r2]         END   review_facts (8.30s)
  737.64s [s10:r2]         END   review_facts (10.10s)
  738.71s [s2:r2]          END   review_facts (11.06s)
  738.79s [s7:r2]          END   review_facts (9.91s)
  780.02s [s12:r2]         START review_facts (pos #388)
  [ASJF] queue waiting 1.32s for capacity (next: s14:orch:finalize, pred=11.06s)
  781.34s [s14:orch]       START finalize (pos #392)
  781.34s [s6:orch]        START finalize (pos #393)
  781.34s [s3:orch]        START finalize (pos #394)
  781.34s [s11:orch]       START finalize (pos #395)
  781.34s [s5:orch]        START finalize (pos #396)
  [ASJF] queue waiting 0.74s for capacity (next: s13:orch:finalize, pred=11.06s)
  782.08s [s13:orch]       START finalize (pos #397)
  [ASJF] queue waiting 0.10s for capacity (next: s10:orch:finalize, pred=11.06s)
  782.19s [s10:orch]       START finalize (pos #398)
  782.19s [s2:orch]        START finalize (pos #399)
  782.19s [s7:orch]        START finalize (pos #400)
  788.14s [s6:orch]        END   finalize (6.80s)
  [session=6] done in 764.1s (arrived at 24.0s)
  788.81s [s14:orch]       END   finalize (7.47s)
  [session=14] done in 732.8s (arrived at 56.0s)
  788.97s [s13:orch]       END   finalize (6.89s)
  [session=13] done in 737.0s (arrived at 52.0s)
  789.30s [s10:orch]       END   finalize (7.11s)
  [session=10] done in 749.3s (arrived at 40.0s)
  791.09s [s11:orch]       END   finalize (9.75s)
  [session=11] done in 747.1s (arrived at 44.0s)
  792.78s [s2:orch]        END   finalize (10.60s)
  [session=2] done in 784.8s (arrived at 8.0s)
  793.86s [s5:orch]        END   finalize (12.52s)
  [session=5] done in 773.9s (arrived at 20.0s)
  801.18s [s12:r2]         END   review_facts (21.16s)
  801.18s [s12:orch]       START finalize (pos #401)
  803.23s [s7:orch]        END   finalize (21.04s)
  [session=7] done in 775.2s (arrived at 28.0s)
  803.82s [s3:orch]        END   finalize (22.48s)
  [session=3] done in 791.8s (arrived at 12.0s)
  815.86s [s12:orch]       END   finalize (14.68s)
  [session=12] done in 767.9s (arrived at 48.0s)

======================================================================
 SUMMARY  (15 ok / 0 failed)
======================================================================
  Session durations:
    count  = 15
    mean   = 698.61s
    median = 747.09s
    p95    = 791.82s
    p99    = 791.82s
    min    = 363.67s
    max    = 791.82s
    stdev  = 137.26s

  Cost:
  Total LLM calls:      401
  Total input tokens:   228,801
  Total output tokens:  156,219
  Total cost:           $0.0854 / $16.67
======================================================================


======================================================================
 TRACE SUMMARY
======================================================================
 Total wall time: 815.86s
 Total LLM calls: 401

 Per agent:
   s0:a0            4 calls, 8.39s LLM
   s0:a1            4 calls, 7.31s LLM
   s0:a2            4 calls, 6.68s LLM
   s0:a3            4 calls, 8.99s LLM
   s0:a4            7 calls, 9.48s LLM
   s0:orch          3 calls, 18.09s LLM
   s0:r0            1 calls, 11.59s LLM
   s0:r1            1 calls, 5.83s LLM
   s0:r2            1 calls, 14.57s LLM
   s10:a0           4 calls, 7.04s LLM
   s10:a1           4 calls, 8.28s LLM
   s10:a2           5 calls, 13.13s LLM
   s10:a3           4 calls, 8.23s LLM
   s10:a4           4 calls, 9.96s LLM
   s10:orch         3 calls, 12.85s LLM
   s10:r0           1 calls, 9.39s LLM
   s10:r1           1 calls, 4.73s LLM
   s10:r2           1 calls, 10.10s LLM
   s11:a0           4 calls, 9.12s LLM
   s11:a1           3 calls, 6.34s LLM
   s11:a2           4 calls, 9.79s LLM
   s11:a3           4 calls, 9.91s LLM
   s11:a4           4 calls, 10.00s LLM
   s11:orch         3 calls, 16.55s LLM
   s11:r0           1 calls, 10.42s LLM
   s11:r1           1 calls, 4.61s LLM
   s11:r2           1 calls, 8.71s LLM
   s12:a0           4 calls, 9.34s LLM
   s12:a1           4 calls, 7.41s LLM
   s12:a2           4 calls, 7.57s LLM
   s12:a3           3 calls, 4.89s LLM
   s12:a4           4 calls, 8.15s LLM
   s12:orch         3 calls, 23.91s LLM
   s12:r0           1 calls, 9.51s LLM
   s12:r1           1 calls, 7.06s LLM
   s12:r2           1 calls, 21.16s LLM
   s13:a0           4 calls, 11.41s LLM
   s13:a1           4 calls, 10.10s LLM
   s13:a2           4 calls, 9.42s LLM
   s13:a3           5 calls, 10.38s LLM
   s13:a4           4 calls, 8.71s LLM
   s13:orch         3 calls, 15.35s LLM
   s13:r0           1 calls, 9.97s LLM
   s13:r1           1 calls, 11.03s LLM
   s13:r2           1 calls, 8.30s LLM
   s14:a0           5 calls, 6.07s LLM
   s14:a1           4 calls, 8.33s LLM
   s14:a2           4 calls, 9.01s LLM
   s14:a3           4 calls, 8.88s LLM
   s14:a4           4 calls, 7.36s LLM
   s14:orch         3 calls, 13.75s LLM
   s14:r0           1 calls, 9.57s LLM
   s14:r1           1 calls, 5.08s LLM
   s14:r2           1 calls, 7.39s LLM
   s1:a0            4 calls, 6.58s LLM
   s1:a1            4 calls, 8.88s LLM
   s1:a2            4 calls, 7.74s LLM
   s1:a3            4 calls, 8.86s LLM
   s1:a4            4 calls, 11.63s LLM
   s1:orch          3 calls, 16.06s LLM
   s1:r0            1 calls, 13.34s LLM
   s1:r1            1 calls, 6.45s LLM
   s1:r2            1 calls, 12.37s LLM
   s2:a0            4 calls, 7.81s LLM
   s2:a1            4 calls, 8.63s LLM
   s2:a2            4 calls, 14.52s LLM
   s2:a3            5 calls, 11.70s LLM
   s2:a4            4 calls, 9.79s LLM
   s2:orch          3 calls, 19.11s LLM
   s2:r0            1 calls, 8.98s LLM
   s2:r1            1 calls, 5.13s LLM
   s2:r2            1 calls, 11.06s LLM
   s3:a0            5 calls, 12.29s LLM
   s3:a1            4 calls, 9.09s LLM
   s3:a2            4 calls, 9.39s LLM
   s3:a3            5 calls, 11.30s LLM
   s3:a4            4 calls, 8.70s LLM
   s3:orch          3 calls, 28.61s LLM
   s3:r0            1 calls, 6.62s LLM
   s3:r1            1 calls, 12.27s LLM
   s3:r2            1 calls, 8.14s LLM
   s4:a0            4 calls, 7.37s LLM
   s4:a1            4 calls, 7.84s LLM
   s4:a2            4 calls, 9.81s LLM
   s4:a3            4 calls, 9.60s LLM
   s4:a4            4 calls, 7.94s LLM
   s4:orch          3 calls, 20.43s LLM
   s4:r0            1 calls, 7.24s LLM
   s4:r1            1 calls, 5.62s LLM
   s4:r2            1 calls, 8.17s LLM
   s5:a0            4 calls, 7.75s LLM
   s5:a1            4 calls, 9.11s LLM
   s5:a2            4 calls, 7.87s LLM
   s5:a3            4 calls, 7.73s LLM
   s5:a4            4 calls, 9.84s LLM
   s5:orch          3 calls, 20.58s LLM
   s5:r0            1 calls, 8.30s LLM
   s5:r1            1 calls, 7.13s LLM
   s5:r2            1 calls, 9.21s LLM
   s6:a0            4 calls, 9.48s LLM
   s6:a1            4 calls, 7.91s LLM
   s6:a2            4 calls, 7.34s LLM
   s6:a3            3 calls, 6.08s LLM
   s6:a4            4 calls, 9.87s LLM
   s6:orch          3 calls, 14.41s LLM
   s6:r0            1 calls, 6.25s LLM
   s6:r1            1 calls, 5.63s LLM
   s6:r2            1 calls, 8.44s LLM
   s7:a0            4 calls, 9.91s LLM
   s7:a1            4 calls, 10.94s LLM
   s7:a2            4 calls, 10.61s LLM
   s7:a3            4 calls, 8.92s LLM
   s7:a4            5 calls, 11.83s LLM
   s7:orch          3 calls, 29.76s LLM
   s7:r0            1 calls, 6.26s LLM
   s7:r1            1 calls, 3.09s LLM
   s7:r2            1 calls, 9.91s LLM
   s8:a0            4 calls, 9.09s LLM
   s8:a1            4 calls, 8.13s LLM
   s8:a2            4 calls, 6.43s LLM
   s8:a3            4 calls, 8.35s LLM
   s8:a4            9 calls, 11.36s LLM
   s8:orch          3 calls, 19.47s LLM
   s8:r0            1 calls, 9.78s LLM
   s8:r1            1 calls, 5.56s LLM
   s8:r2            1 calls, 9.42s LLM
   s9:a0            4 calls, 6.67s LLM
   s9:a1            3 calls, 4.42s LLM
   s9:a2            4 calls, 8.16s LLM
   s9:a3            4 calls, 8.80s LLM
   s9:a4            4 calls, 9.22s LLM
   s9:orch          3 calls, 14.73s LLM
   s9:r0            1 calls, 11.18s LLM
   s9:r1            1 calls, 6.40s LLM
   s9:r2            1 calls, 10.68s LLM

 Per call type:
   agent_turn       153 calls, 259.89s total
   breakdown        15 calls, 17.48s total
   finalize         15 calls, 172.85s total
   review_citations 15 calls, 138.40s total
   review_facts     15 calls, 157.60s total
   review_style     15 calls, 95.61s total
   summarize        9 calls, 5.67s total
   synthesis        15 calls, 93.34s total
   web_search       149 calls, 399.42s total

 Queue stats:
   Queued calls: 401/401

 Total LLM time (sum): 1340.25s
 Wall time:            815.86s
 Parallelism ratio:    1.6x

======================================================================
 TIMELINE
======================================================================
   0.0s |#                                                           |   1.3s  s0:orch:breakdown
   1.3s |#                                                           |   2.1s  s0:a0:agent_turn(round-0)
   1.3s |#                                                           |   2.1s  s0:a1:agent_turn(round-0)
   1.3s |#                                                           |   2.2s  s0:a2:agent_turn(round-0)
   1.3s |#                                                           |   2.1s  s0:a3:agent_turn(round-0)
   1.3s |#                                                           |   2.2s  s0:a4:agent_turn(round-0)
   2.1s |#                                                           |   4.4s  s0:a0:web_search(Roles and applicatio)
   2.1s |#                                                           |   4.4s  s0:a3:web_search(limitations and chal)
   2.1s |#                                                           |   4.2s  s0:a1:web_search(How large language m)
   2.2s |#                                                           |   5.0s  s0:a4:web_search(Comparison of large )
   2.2s |#                                                           |   4.4s  s0:a2:web_search(how large language m)
   4.0s |#                                                           |   5.0s  s1:orch:breakdown
   4.2s |#                                                           |   6.7s  s0:a1:web_search(Applications of larg)
   4.4s |#                                                           |   6.1s  s0:a2:web_search(applications of larg)
   4.4s |#                                                           |   7.0s  s0:a0:web_search(How large language m)
   4.4s |#                                                           |   6.9s  s0:a3:web_search(large language model)
   5.0s |#                                                           |   6.7s  s0:a4:agent_turn(round-1)
   5.0s |#                                                           |   5.8s  s1:a0:agent_turn(round-0)
   5.0s |#                                                           |   6.4s  s1:a1:agent_turn(round-0)
   5.0s |#                                                           |   5.6s  s1:a2:agent_turn(round-0)
   5.0s |#                                                           |   6.0s  s1:a3:agent_turn(round-0)
   5.0s |#                                                           |   6.1s  s1:a4:agent_turn(round-0)
   5.6s |#                                                           |   8.1s  s1:a2:web_search(contribution of larg)
   5.8s |#                                                           |   7.8s  s1:a0:web_search(Primary functions of)
   6.0s |#                                                           |   7.7s  s1:a3:web_search(limitations and chal)
   6.1s |#                                                           |   8.5s  s1:a4:web_search(comparison of large )
   6.1s |#                                                           |   8.0s  s0:a2:agent_turn(round-1)
   6.4s |#                                                           |   8.7s  s1:a1:web_search(Role of large langua)
   6.7s |#                                                           |   7.6s  s0:a4:summarize(len=468)
   6.7s |#                                                           |   8.6s  s0:a1:agent_turn(round-1)
  60.0s |    #                                                       |  60.8s  s0:a4:summarize(len=235)
  61.3s |    #                                                       |  62.1s  s0:a4:summarize(len=280)
  61.3s |    #                                                       |  62.9s  s2:orch:breakdown
  61.3s |    #                                                       |  62.4s  s3:orch:breakdown
  61.3s |    #                                                       |  63.2s  s4:orch:breakdown
  61.3s |    #                                                       |  62.3s  s5:orch:breakdown
  62.1s |    #                                                       |  63.0s  s6:orch:breakdown
  62.2s |    #                                                       |  63.8s  s0:a4:agent_turn(round-2)
  62.2s |    #                                                       |  63.0s  s7:orch:breakdown
  62.2s |    #                                                       |  63.1s  s8:orch:breakdown
  62.3s |    #                                                       |  63.3s  s9:orch:breakdown
  64.0s |    #                                                       |  64.6s  s5:a0:agent_turn(round-0)
  64.2s |    #                                                       |  64.8s  s5:a1:agent_turn(round-0)
  64.4s |    #                                                       |  65.0s  s5:a2:agent_turn(round-0)
  64.5s |    #                                                       |  65.2s  s5:a3:agent_turn(round-0)
  64.5s |    #                                                       |  65.1s  s5:a4:agent_turn(round-0)
  65.0s |    #                                                       |  65.8s  s3:a0:agent_turn(round-0)
  65.1s |    #                                                       |  65.8s  s3:a1:agent_turn(round-0)
  65.1s |    #                                                       |  66.3s  s3:a2:agent_turn(round-0)
  65.1s |    #                                                       |  65.9s  s3:a3:agent_turn(round-0)
  65.1s |    #                                                       |  65.8s  s3:a4:agent_turn(round-0)
  65.1s |    #                                                       |  65.8s  s2:a0:agent_turn(round-0)
  65.7s |    #                                                       |  66.5s  s2:a1:agent_turn(round-0)
  65.8s |    #                                                       |  66.5s  s2:a2:agent_turn(round-0)
  66.0s |    #                                                       |  66.8s  s2:a3:agent_turn(round-0)
  66.1s |    #                                                       |  66.8s  s2:a4:agent_turn(round-0)
  66.2s |    #                                                       |  66.8s  s6:a0:agent_turn(round-0)
  66.4s |    #                                                       |  67.3s  s6:a1:agent_turn(round-0)
  66.7s |    #                                                       |  67.4s  s6:a2:agent_turn(round-0)
  66.8s |    #                                                       |  67.3s  s6:a3:agent_turn(round-0)
 120.0s |        #                                                   | 121.4s  s6:a4:agent_turn(round-0)
 121.3s |        #                                                   | 122.1s  s7:a0:agent_turn(round-0)
 121.3s |        #                                                   | 122.8s  s7:a1:agent_turn(round-0)
 121.3s |        #                                                   | 122.3s  s7:a2:agent_turn(round-0)
 121.3s |        #                                                   | 122.0s  s7:a3:agent_turn(round-0)
 121.3s |        #                                                   | 122.9s  s7:a4:agent_turn(round-0)
 122.1s |        #                                                   | 122.9s  s8:a0:agent_turn(round-0)
 122.2s |        #                                                   | 122.9s  s8:a1:agent_turn(round-0)
 122.2s |        #                                                   | 122.9s  s8:a2:agent_turn(round-0)
 122.2s |        #                                                   | 123.1s  s8:a3:agent_turn(round-0)
 122.3s |        #                                                   | 122.9s  s8:a4:agent_turn(round-0)
 124.0s |         #                                                  | 125.3s  s4:a0:agent_turn(round-0)
 124.2s |         #                                                  | 125.7s  s4:a1:agent_turn(round-0)
 124.4s |         #                                                  | 126.5s  s4:a2:agent_turn(round-0)
 124.5s |         #                                                  | 126.0s  s4:a3:agent_turn(round-0)
 124.5s |         #                                                  | 125.3s  s4:a4:agent_turn(round-0)
 125.0s |         #                                                  | 125.7s  s9:a0:agent_turn(round-0)
 125.1s |         #                                                  | 125.7s  s9:a1:agent_turn(round-0)
 125.1s |         #                                                  | 125.7s  s9:a2:agent_turn(round-0)
 125.1s |         #                                                  | 125.7s  s9:a3:agent_turn(round-0)
 125.1s |         #                                                  | 126.8s  s9:a4:agent_turn(round-0)
 125.1s |         #                                                  | 126.3s  s10:orch:breakdown
 125.7s |         #                                                  | 126.9s  s11:orch:breakdown
 125.8s |         #                                                  | 127.1s  s12:orch:breakdown
 126.0s |         #                                                  | 127.0s  s13:orch:breakdown
 126.1s |         #                                                  | 127.0s  s14:orch:breakdown
 126.2s |         #                                                  | 129.6s  s0:a3:agent_turn(round-1)
 126.4s |         #                                                  | 127.2s  s10:a0:agent_turn(round-0)
 126.7s |         #                                                  | 127.5s  s10:a1:agent_turn(round-0)
 126.8s |         #                                                  | 128.4s  s10:a2:agent_turn(round-0)
 180.0s |             #                                              | 180.9s  s10:a3:agent_turn(round-0)
 181.3s |             #                                              | 182.4s  s10:a4:agent_turn(round-0)
 181.3s |             #                                              | 182.1s  s11:a0:agent_turn(round-0)
 181.3s |             #                                              | 182.2s  s11:a1:agent_turn(round-0)
 181.3s |             #                                              | 182.2s  s11:a2:agent_turn(round-0)
 181.3s |             #                                              | 182.1s  s11:a3:agent_turn(round-0)
 182.1s |             #                                              | 183.2s  s11:a4:agent_turn(round-0)
 182.2s |             #                                              | 182.9s  s14:a0:agent_turn(round-0)
 182.2s |             #                                              | 183.0s  s14:a1:agent_turn(round-0)
 182.2s |             #                                              | 182.9s  s14:a2:agent_turn(round-0)
 182.3s |             #                                              | 183.2s  s14:a3:agent_turn(round-0)
 184.0s |             #                                              | 185.7s  s14:a4:agent_turn(round-0)
 184.2s |             #                                              | 184.9s  s13:a0:agent_turn(round-0)
 184.4s |             #                                              | 185.4s  s13:a1:agent_turn(round-0)
 184.5s |             #                                              | 186.0s  s13:a2:agent_turn(round-0)
 184.5s |             #                                              | 185.4s  s13:a3:agent_turn(round-0)
 185.0s |             #                                              | 185.7s  s13:a4:agent_turn(round-0)
 185.1s |             #                                              | 185.8s  s12:a0:agent_turn(round-0)
 185.1s |             #                                              | 185.9s  s12:a1:agent_turn(round-0)
 185.1s |             #                                              | 185.8s  s12:a2:agent_turn(round-0)
 185.1s |             #                                              | 185.7s  s12:a3:agent_turn(round-0)
 185.1s |             #                                              | 185.8s  s12:a4:agent_turn(round-0)
 185.7s |             #                                              | 188.5s  s1:a3:web_search(large language model)
 185.8s |             #                                              | 188.1s  s1:a0:web_search(How large language m)
 186.0s |             #                                              | 188.2s  s1:a2:web_search(how large language m)
 186.1s |             #                                              | 189.6s  s1:a4:web_search(efficiency accuracy )
 186.2s |             #                                              | 187.8s  s1:a1:web_search(Applications of larg)
 186.4s |             #                                              | 189.6s  s5:a0:web_search(Recent technological)
 186.7s |             #                                              | 190.2s  s5:a1:web_search(Current status of nu)
 186.8s |             #                                              | 189.8s  s5:a2:web_search(primary scientific a)
 240.0s |                 #                                          | 242.7s  s0:a0:agent_turn(round-1)
 241.3s |                 #                                          | 244.8s  s1:a1:agent_turn(round-1)
 241.3s |                 #                                          | 242.7s  s1:a0:agent_turn(round-1)
 241.3s |                 #                                          | 243.7s  s1:a2:agent_turn(round-1)
 241.3s |                 #                                          | 244.6s  s1:a3:agent_turn(round-1)
 241.3s |                 #                                          | 246.0s  s1:a4:agent_turn(round-1)
 242.1s |                 #                                          | 245.6s  s5:a4:web_search(Environmental implic)
 242.2s |                 #                                          | 244.6s  s5:a3:web_search(Impact of internatio)
 242.2s |                 #                                          | 245.3s  s2:a0:web_search(main scientific chal)
 242.2s |                 #                                          | 245.8s  s3:a0:web_search(Differences between )
 242.3s |                 #                                          | 244.7s  s3:a4:web_search(Limitations and futu)
 244.0s |                 #                                          | 250.3s  s0:orch:synthesis
 244.2s |                 #                                          | 247.7s  s3:a1:web_search(Comparison of effici)
 244.4s |                 #                                          | 246.7s  s3:a3:web_search(Types of genetic mut)
 244.5s |                 #                                          | 247.4s  s3:a2:web_search(Off-target effects a)
 244.5s |                 #                                          | 253.2s  s2:a2:web_search(current status of co)
 245.0s |                  #                                         | 247.2s  s2:a1:web_search(Leading experimental)
 245.1s |                  #                                         | 248.4s  s2:a4:web_search(global efforts and c)
 245.1s |                  #                                         | 248.2s  s2:a3:web_search(Recent breakthroughs)
 245.1s |                  #                                         | 248.1s  s6:a0:web_search(Recent developments )
 245.1s |                  #                                         | 248.0s  s6:a1:web_search(Recent advances in t)
 245.1s |                  #                                         | 248.3s  s6:a3:web_search(Machine learning and)
 245.7s |                  #                                         | 248.4s  s6:a2:web_search(role of hardware-spe)
 245.8s |                  #                                         | 248.7s  s6:a4:web_search(Challenges in implem)
 246.0s |                  #                                         | 253.4s  s1:orch:synthesis
 246.1s |                  #                                         | 248.8s  s7:a3:web_search(Materials required f)
 246.2s |                  #                                         | 248.9s  s7:a0:web_search(Main scientific prin)
 246.4s |                  #                                         | 250.3s  s7:a2:web_search(current status of nu)
 246.7s |                  #                                         | 250.1s  s7:a1:web_search(Leading experimental)
 246.8s |                  #                                         | 249.3s  s8:a1:web_search(impact of deep-sea m)
 300.0s |                      #                                     | 311.6s  s0:r0:review_citations
 301.3s |                      #                                     | 307.2s  s0:r1:review_style
 301.3s |                      #                                     | 315.9s  s0:r2:review_facts
 301.3s |                      #                                     | 314.7s  s1:r0:review_citations
 301.3s |                      #                                     | 307.8s  s1:r1:review_style
 301.3s |                      #                                     | 313.7s  s1:r2:review_facts
 302.1s |                      #                                     | 304.4s  s6:a3:agent_turn(round-1)
 302.2s |                      #                                     | 304.3s  s8:a2:web_search(long-term ecological)
 302.2s |                      #                                     | 304.3s  s7:a4:web_search(Environmental implic)
 302.2s |                      #                                     | 304.9s  s8:a4:web_search(Strategies and polic)
 302.3s |                      #                                     | 304.7s  s8:a0:web_search(Potential effects of)
 304.0s |                      #                                     | 306.4s  s8:a3:web_search(impact of deep-sea m)
 304.2s |                      #                                     | 306.1s  s4:a4:web_search(Mitigation strategie)
 304.4s |                      #                                     | 306.4s  s4:a0:web_search(Potential effects of)
 304.5s |                      #                                     | 306.0s  s9:a0:web_search(Roles of large langu)
 304.5s |                      #                                     | 306.4s  s9:a1:web_search(How do large languag)
 305.0s |                      #                                     | 307.1s  s4:a1:web_search(impact of deep-sea m)
 305.1s |                      #                                     | 307.1s  s9:a3:web_search(limitations and chal)
 305.1s |                      #                                     | 308.2s  s9:a2:web_search(How do large languag)
 305.1s |                      #                                     | 308.9s  s4:a3:web_search(impact of deep-sea m)
 305.1s |                      #                                     | 308.2s  s4:a2:web_search(long-term impacts of)
 305.1s |                      #                                     | 307.8s  s9:a4:web_search(integration of large)
 305.7s |                      #                                     | 307.3s  s10:a0:web_search(Types of ecosystems )
 305.8s |                      #                                     | 308.5s  s10:a1:web_search(Impact of deep-sea m)
 306.0s |                      #                                     | 310.1s  s10:a2:web_search(long-term impacts of)
 306.1s |                      #                                     | 308.8s  s10:a3:web_search(Impact of deep-sea m)
 306.2s |                      #                                     | 310.0s  s11:a3:web_search(delivery methods for)
 306.4s |                      #                                     | 309.7s  s11:a0:web_search(Mechanisms of action)
 306.7s |                      #                                     | 310.7s  s11:a1:web_search(Efficiency and accur)
 306.8s |                      #                                     | 310.7s  s11:a2:web_search(main types and frequ)
 360.0s |                          #                                 | 367.7s  s1:orch:finalize
 361.3s |                          #                                 | 371.8s  s0:orch:finalize
 361.3s |                          #                                 | 363.9s  s8:a4:agent_turn(round-1)
 361.3s |                          #                                 | 363.2s  s9:a1:agent_turn(round-1)
 361.3s |                          #                                 | 362.7s  s11:a1:agent_turn(round-1)
 361.3s |                          #                                 | 364.0s  s10:a4:web_search(mitigation strategie)
 362.1s |                          #                                 | 365.2s  s14:a2:web_search(Challenges in scalin)
 362.2s |                          #                                 | 364.6s  s14:a0:web_search(Recent theoretical d)
 362.2s |                          #                                 | 364.1s  s14:a1:web_search(Recent advancements )
 362.2s |                          #                                 | 364.3s  s14:a3:web_search(Impact of new error )
 362.3s |                          #                                 | 364.5s  s11:a4:web_search(Current clinical tri)
 364.0s |                          #                                 | 364.4s  s8:a4:summarize(len=339)
 364.2s |                          #                                 | 366.3s  s13:a0:web_search(Molecular mechanisms)
 364.4s |                          #                                 | 366.7s  s13:a3:web_search(which types of genet)
 364.5s |                          #                                 | 364.9s  s8:a4:summarize(len=327)
 364.5s |                          #                                 | 367.0s  s13:a1:web_search(Comparison of effica)
 365.0s |                          #                                 | 365.6s  s8:a4:summarize(len=297)
 365.1s |                          #                                 | 366.0s  s14:a0:agent_turn(round-1)
 365.1s |                          #                                 | 367.1s  s14:a4:web_search(role of machine lear)
 365.1s |                          #                                 | 367.5s  s13:a4:web_search(regulatory considera)
 365.1s |                          #                                 | 367.6s  s12:a3:web_search(recent advances in q)
 365.1s |                          #                                 | 367.5s  s12:a2:web_search(Challenges of implem)
 365.7s |                          #                                 | 366.3s  s8:a4:summarize(len=273)
 365.8s |                          #                                 | 368.3s  s12:a4:web_search(theoretical breakthr)
 366.0s |                          #                                 | 369.0s  s12:a0:web_search(recent methods for d)
 366.1s |                          #                                 | 366.7s  s14:a0:summarize(len=566)
 366.2s |                          #                                 | 369.0s  s12:a1:web_search(quantum error correc)
 366.4s |                          #                                 | 366.9s  s8:a4:summarize(len=276)
 366.7s |                          #                                 | 369.5s  s13:a2:web_search(Safety profiles of C)
 366.8s |                          #                                 | 368.1s  s14:a0:agent_turn(round-2)
 420.0s |                              #                             | 422.9s  s8:a4:agent_turn(round-2)
 421.3s |                              #                             | 423.0s  s12:a3:agent_turn(round-1)
 421.3s |                              #                             | 422.9s  s5:a0:web_search(Breakthroughs in nuc)
 421.3s |                              #                             | 423.1s  s5:a2:web_search(current state of nuc)
 421.3s |                              #                             | 424.0s  s5:a1:web_search(Major nuclear fusion)
 421.3s |                              #                             | 423.8s  s5:a3:web_search(Funding trends in nu)
 422.1s |                               #                            | 425.6s  s3:a4:web_search(Limitations and futu)
 422.2s |                               #                            | 424.2s  s2:a0:web_search(main technological c)
 422.2s |                               #                            | 425.3s  s5:a4:web_search(Economic implication)
 422.2s |                               #                            | 424.8s  s3:a0:web_search(CRISPR-Cas9 mechanis)
 422.3s |                               #                            | 424.6s  s3:a3:web_search(Applications of TALE)
 424.0s |                               #                            | 426.5s  s5:a0:agent_turn(round-1)
 424.2s |                               #                            | 426.6s  s5:a2:agent_turn(round-1)
 424.4s |                               #                            | 426.5s  s5:a3:agent_turn(round-1)
 424.5s |                               #                            | 426.6s  s5:a1:agent_turn(round-1)
 424.5s |                               #                            | 426.5s  s2:a0:agent_turn(round-1)
 425.0s |                               #                            | 427.5s  s2:a1:web_search(Leading fusion react)
 425.1s |                               #                            | 427.7s  s3:a2:web_search(Off-target effects a)
 425.1s |                               #                            | 428.1s  s3:a1:web_search(CRISPR-Cas9 vs base )
 425.1s |                               #                            | 427.3s  s6:a1:web_search(Impact of new quantu)
 425.1s |                               #                            | 428.2s  s6:a0:web_search(Recent developments )
 425.1s |                               #                            | 427.5s  s2:a3:web_search(Advancements in mate)
 425.7s |                               #                            | 428.2s  s5:a4:agent_turn(round-1)
 425.8s |                               #                            | 427.8s  s3:a4:agent_turn(round-1)
 426.0s |                               #                            | 428.1s  s6:a2:web_search(importance of error )
 426.1s |                               #                            | 428.4s  s2:a4:web_search(international collab)
 426.2s |                               #                            | 428.5s  s6:a4:web_search(Practical issues in )
 426.4s |                               #                            | 428.6s  s7:a3:web_search(Engineering advancem)
 426.7s |                               #                            | 429.3s  s7:a0:web_search(Technological challe)
 426.8s |                               #                            | 429.0s  s8:a1:web_search(environmental effect)
 480.0s |                                   #                        | 481.9s  s6:a1:agent_turn(round-1)
 481.3s |                                   #                        | 484.3s  s2:a1:agent_turn(round-1)
 481.3s |                                   #                        | 483.9s  s3:a2:agent_turn(round-1)
 481.3s |                                   #                        | 483.1s  s3:a1:agent_turn(round-1)
 481.3s |                                   #                        | 483.0s  s6:a2:agent_turn(round-1)
 481.3s |                                   #                        | 484.0s  s6:a0:agent_turn(round-1)
 482.1s |                                   #                        | 485.5s  s2:a4:agent_turn(round-1)
 482.2s |                                   #                        | 485.5s  s6:a4:agent_turn(round-1)
 482.2s |                                   #                        | 485.5s  s7:a3:agent_turn(round-1)
 482.2s |                                   #                        | 484.9s  s8:a1:agent_turn(round-1)
 482.3s |                                   #                        | 486.0s  s7:a0:agent_turn(round-1)
 484.0s |                                   #                        | 486.7s  s7:a1:web_search(Current status of nu)
 484.2s |                                   #                        | 487.2s  s7:a2:web_search(recent advances in n)
 484.4s |                                   #                        | 487.6s  s2:a2:web_search(latest advancements,)
 484.5s |                                   #                        | 487.0s  s7:a4:web_search(Economic implication)
 484.5s |                                   #                        | 486.5s  s8:a2:web_search(impact of deep-sea m)
 485.0s |                                   #                        | 488.0s  s8:a0:web_search(Environmental impact)
 485.1s |                                   #                        | 487.4s  s9:a0:web_search(Applications of larg)
 485.1s |                                   #                        | 488.2s  s4:a4:web_search(Environmental mitiga)
 485.1s |                                   #                        | 487.4s  s8:a3:web_search(scientific studies o)
 485.1s |                                   #                        | 487.7s  s4:a0:web_search(Environmental impact)
 485.1s |                                   #                        | 487.1s  s9:a3:web_search(large language model)
 485.7s |                                   #                        | 488.1s  s4:a1:web_search(effects of deep-sea )
 485.8s |                                   #                        | 488.7s  s10:a0:web_search(Marine species most )
 486.0s |                                   #                        | 488.3s  s9:a4:web_search(role of large langua)
 486.1s |                                   #                        | 488.0s  s9:a2:web_search(Applications of larg)
 486.2s |                                   #                        | 488.6s  s4:a2:web_search(effects of deep-sea )
 486.4s |                                   #                        | 489.4s  s10:a1:web_search(Effect of deep-sea m)
 486.7s |                                   #                        | 489.3s  s10:a3:web_search(Deep-sea mining envi)
 486.8s |                                   #                        | 489.0s  s4:a3:web_search(ecological disruptio)
 540.0s |                                       #                    | 542.7s  s11:a0:web_search(Differences between )
 541.3s |                                       #                    | 544.0s  s11:a3:web_search(cellular context inf)
 541.3s |                                       #                    | 543.6s  s10:a2:web_search(environmental effect)
 541.3s |                                       #                    | 543.6s  s11:a2:web_search(off-target effects i)
 541.3s |                                       #                    | 544.1s  s10:a4:web_search(regulatory measures )
 541.3s |                                       #                    | 544.6s  s14:a1:web_search(Overview of quantum )
 542.1s |                                       #                    | 545.5s  s14:a3:web_search(Performance changes )
 542.2s |                                       #                    | 545.9s  s11:a4:web_search(Current clinical tri)
 542.2s |                                       #                    | 544.6s  s14:a2:web_search(Limitations of quant)
 542.2s |                                       #                    | 546.7s  s13:a0:web_search(Operational differen)
 542.3s |                                       #                    | 544.3s  s13:a3:web_search(therapeutic potentia)
 544.0s |                                        #                   | 548.1s  s13:a1:web_search(Therapeutic applicat)
 544.2s |                                        #                   | 545.7s  s14:a4:web_search(applications of AI i)
 544.4s |                                        #                   | 546.9s  s13:a4:web_search(ethical consideratio)
 544.5s |                                        #                   | 546.6s  s12:a2:web_search(Limitations and chal)
 544.5s |                                        #                   | 546.9s  s12:a4:web_search(recent advances in q)
 545.0s |                                        #                   | 546.9s  s12:a1:web_search(advantages of new qu)
 545.1s |                                        #                   | 548.1s  s12:a0:web_search(latest techniques fo)
 545.1s |                                        #                   | 547.4s  s13:a2:web_search(Safety profiles of b)
 545.1s |                                        #                   | 547.6s  s3:a3:web_search(Advantages of ZFNs f)
 545.1s |                                        #                   | 547.5s  s3:a0:web_search(Base editing mechani)
 545.1s |                                        #                   | 547.8s  s2:a3:web_search(Recent developments )
 545.7s |                                        #                   | 548.7s  s7:a4:web_search(Safety implications )
 545.8s |                                        #                   | 548.5s  s10:a2:web_search(deep-sea mining and )
 546.0s |                                        #                   | 548.5s  s13:a3:web_search(applications of pers)
 546.1s |                                        #                   | 547.6s  s8:a2:agent_turn(round-1)
 546.2s |                                        #                   | 549.5s  s7:a1:agent_turn(round-1)
 546.4s |                                        #                   | 550.6s  s9:a3:agent_turn(round-1)
 546.7s |                                        #                   | 549.4s  s7:a2:agent_turn(round-1)
 546.8s |                                        #                   | 549.5s  s8:a3:agent_turn(round-1)
 600.0s |                                            #               | 602.0s  s9:a0:agent_turn(round-1)
 601.3s |                                            #               | 603.2s  s2:a2:agent_turn(round-1)
 601.3s |                                            #               | 602.6s  s4:a0:agent_turn(round-1)
 601.3s |                                            #               | 604.1s  s8:a0:agent_turn(round-1)
 601.3s |                                            #               | 603.7s  s9:a2:agent_turn(round-1)
 601.3s |                                            #               | 603.0s  s4:a1:agent_turn(round-1)
 602.1s |                                            #               | 604.1s  s4:a4:agent_turn(round-1)
 602.2s |                                            #               | 604.6s  s9:a4:agent_turn(round-1)
 602.2s |                                            #               | 604.2s  s4:a2:agent_turn(round-1)
 602.2s |                                            #               | 603.9s  s10:a0:agent_turn(round-1)
 602.3s |                                            #               | 604.3s  s4:a3:agent_turn(round-1)
 604.0s |                                            #               | 606.0s  s10:a3:agent_turn(round-1)
 604.2s |                                            #               | 605.9s  s10:a1:agent_turn(round-1)
 604.4s |                                            #               | 606.8s  s11:a0:agent_turn(round-1)
 604.5s |                                            #               | 607.3s  s11:a2:agent_turn(round-1)
 604.5s |                                            #               | 607.1s  s11:a3:agent_turn(round-1)
 605.0s |                                            #               | 608.5s  s10:a4:agent_turn(round-1)
 605.1s |                                            #               | 607.9s  s14:a2:agent_turn(round-1)
 605.1s |                                            #               | 607.4s  s14:a1:agent_turn(round-1)
 605.1s |                                            #               | 607.5s  s14:a3:agent_turn(round-1)
 605.1s |                                            #               | 607.1s  s14:a4:agent_turn(round-1)
 605.1s |                                            #               | 607.9s  s11:a4:agent_turn(round-1)
 605.7s |                                            #               | 607.9s  s12:a2:agent_turn(round-1)
 605.8s |                                            #               | 609.8s  s13:a0:agent_turn(round-1)
 606.0s |                                            #               | 608.5s  s12:a4:agent_turn(round-1)
 606.1s |                                            #               | 609.0s  s13:a4:agent_turn(round-1)
 606.2s |                                            #               | 608.0s  s12:a1:agent_turn(round-1)
 606.4s |                                            #               | 609.2s  s13:a2:agent_turn(round-1)
 606.7s |                                            #               | 609.5s  s3:a0:agent_turn(round-1)
 606.8s |                                            #               | 610.1s  s3:a3:agent_turn(round-1)
 660.0s |                                                #           | 662.5s  s2:a3:agent_turn(round-1)
 661.3s |                                                #           | 663.8s  s13:a1:agent_turn(round-1)
 661.3s |                                                #           | 663.9s  s12:a0:agent_turn(round-1)
 661.3s |                                                #           | 663.9s  s13:a3:agent_turn(round-1)
 661.3s |                                                #           | 663.8s  s10:a2:agent_turn(round-1)
 661.3s |                                                #           | 663.9s  s7:a4:agent_turn(round-1)
 662.1s |                                                #           | 669.1s  s5:orch:synthesis
 662.2s |                                                #           | 668.9s  s6:orch:synthesis
 662.2s |                                                #           | 667.5s  s8:orch:synthesis
 662.2s |                                                #           | 666.9s  s4:orch:synthesis
 662.3s |                                                #           | 667.6s  s9:orch:synthesis
 664.0s |                                                #           | 669.3s  s14:orch:synthesis
 664.2s |                                                #           | 669.7s  s11:orch:synthesis
 664.4s |                                                #           | 669.4s  s3:orch:synthesis
 664.5s |                                                #           | 671.4s  s2:orch:synthesis
 664.5s |                                                #           | 669.0s  s10:orch:synthesis
 665.0s |                                                #           | 672.8s  s7:orch:synthesis
 665.1s |                                                #           | 672.9s  s12:orch:synthesis
 665.1s |                                                #           | 672.4s  s13:orch:synthesis
 666.9s |                                                 #          | 672.6s  s4:r1:review_style
 666.9s |                                                 #          | 674.2s  s4:r0:review_citations
 666.9s |                                                 #          | 675.1s  s4:r2:review_facts
 667.5s |                                                 #          | 673.1s  s8:r1:review_style
 667.5s |                                                 #          | 677.3s  s8:r0:review_citations
 667.5s |                                                 #          | 677.0s  s8:r2:review_facts
 667.6s |                                                 #          | 674.0s  s9:r1:review_style
 667.6s |                                                 #          | 678.7s  s9:r0:review_citations
 667.6s |                                                 #          | 678.3s  s9:r2:review_facts
 668.9s |                                                 #          | 674.5s  s6:r1:review_style
 668.9s |                                                 #          | 675.1s  s6:r0:review_citations
 720.0s |                                                    #       | 724.7s  s10:r1:review_style
 721.3s |                                                     #      | 728.5s  s5:r1:review_style
 721.3s |                                                     #      | 726.4s  s14:r1:review_style
 721.3s |                                                     #      | 733.6s  s3:r1:review_style
 721.3s |                                                     #      | 725.9s  s11:r1:review_style
 721.3s |                                                     #      | 726.5s  s2:r1:review_style
 722.1s |                                                     #      | 733.1s  s13:r1:review_style
 722.2s |                                                     #      | 725.3s  s7:r1:review_style
 722.2s |                                                     #      | 729.2s  s12:r1:review_style
 722.2s |                                                     #      | 736.0s  s4:orch:finalize
 722.3s |                                                     #      | 735.5s  s8:orch:finalize
 724.0s |                                                     #      | 732.4s  s9:orch:finalize
 724.2s |                                                     #      | 733.6s  s10:r0:review_citations
 724.4s |                                                     #      | 732.7s  s5:r0:review_citations
 724.5s |                                                     #      | 734.0s  s14:r0:review_citations
 724.5s |                                                     #      | 731.1s  s3:r0:review_citations
 725.0s |                                                     #      | 735.4s  s11:r0:review_citations
 725.1s |                                                     #      | 734.0s  s2:r0:review_citations
 725.1s |                                                     #      | 735.0s  s13:r0:review_citations
 726.9s |                                                     #      | 733.2s  s7:r0:review_citations
 726.9s |                                                     #      | 736.5s  s12:r0:review_citations
 726.9s |                                                     #      | 735.4s  s6:r2:review_facts
 727.5s |                                                     #      | 737.6s  s10:r2:review_facts
 727.5s |                                                     #      | 736.8s  s5:r2:review_facts
 727.5s |                                                     #      | 734.9s  s14:r2:review_facts
 727.6s |                                                     #      | 735.8s  s3:r2:review_facts
 727.6s |                                                     #      | 736.4s  s11:r2:review_facts
 727.6s |                                                     #      | 738.7s  s2:r2:review_facts
 728.9s |                                                     #      | 737.2s  s13:r2:review_facts
 728.9s |                                                     #      | 738.8s  s7:r2:review_facts
 780.0s |                                                         #  | 801.2s  s12:r2:review_facts
 781.3s |                                                         #  | 788.8s  s14:orch:finalize
 781.3s |                                                         #  | 788.1s  s6:orch:finalize
 781.3s |                                                         ## | 803.8s  s3:orch:finalize
 781.3s |                                                         #  | 791.1s  s11:orch:finalize
 781.3s |                                                         #  | 793.9s  s5:orch:finalize
 782.1s |                                                         #  | 789.0s  s13:orch:finalize
 782.2s |                                                         #  | 789.3s  s10:orch:finalize
 782.2s |                                                         #  | 792.8s  s2:orch:finalize
 782.2s |                                                         ## | 803.2s  s7:orch:finalize
 801.2s |                                                          # | 815.9s  s12:orch:finalize
        0<60>815.9s
======================================================================


======================================================================
 SCHEDULER COMPARISON
======================================================================
Metric       |    mapreduce |         fifo | adaptive_sjf
---------------------------------------------------------
count        |           15 |           15 |           15
mean         |      645.64s |      719.52s |      698.61s
median       |      708.15s |      734.64s |      747.09s
p95          |      762.20s |      793.45s |      791.82s
min          |      195.11s |      496.42s |      363.67s
max          |      762.20s |      793.45s |      791.82s
stdev        |      162.54s |       70.98s |      137.26s
cost         |      $0.0869 |      $0.0843 |      $0.0854
======================================================================

