Batch runner: 4 scheduler(s) x 3 batches x 5 sessions = 60 total
Schedulers: backoff, fifo, sjf, mapreduce | RPM: 30 | TPM: 200000
Stagger: 4.0s (fixed) | Cost limit: $20.00
Seed: 42

Workload (same for all schedulers):
  Batch 0: ['What are the latest advances in quantum error corr...', 'What are the latest advances in quantum error corr...', 'What is the current state of nuclear fusion energy...', 'How does CRISPR-Cas9 compare to base editing for t...', 'How does CRISPR-Cas9 compare to base editing for t...']
  Batch 1: ['How does CRISPR-Cas9 compare to base editing for t...', 'What are the latest advances in quantum error corr...', 'What are the environmental impacts of deep-sea min...', 'What are the latest advances in quantum error corr...', 'What are the environmental impacts of deep-sea min...']
  Batch 2: ['How are large language models being used in drug d...', 'What are the latest advances in quantum error corr...', 'What are the latest advances in quantum error corr...', 'What are the latest advances in quantum error corr...', 'How does CRISPR-Cas9 compare to base editing for t...']

######################################################################
 SCHEDULER: BACKOFF
######################################################################

============================================================
 BATCH 0: launching 5 sessions
 Arrival delays: 0.0s, 4.0s, 8.0s, 12.0s, 16.0s
============================================================
    0.00s [s0:orch]        START breakdown
    1.62s [s0:orch]        END   breakdown (1.62s)
    1.62s [s0:a0]          START agent_turn(round-0)
    1.62s [s0:a1]          START agent_turn(round-0)
    1.62s [s0:a2]          START agent_turn(round-0)
    1.62s [s0:a3]          START agent_turn(round-0)
    1.62s [s0:a4]          START agent_turn(round-0)
    2.26s [s0:a0]          END   agent_turn(round-0) (0.64s)
    2.26s [s0:a0]          START web_search(Recent theoretical developments in quant)
    2.26s [s0:a2]          END   agent_turn(round-0) (0.65s)
    2.26s [s0:a2]          START web_search(challenges in scaling quantum error corr)
    2.75s [s0:a3]          END   agent_turn(round-0) (1.13s)
    2.75s [s0:a3]          START web_search(impact of physical qubit platforms on qu)
    2.87s [s0:a4]          END   agent_turn(round-0) (1.25s)
    2.87s [s0:a4]          START web_search(Emerging algorithms and protocols utiliz)
    3.65s [s0:a1]          END   agent_turn(round-0) (2.04s)
    3.66s [s0:a1]          START web_search(experimental implementations of quantum )
    4.00s [s1:orch]        START breakdown
    5.00s [s0:a2]          END   web_search(challenges in scaling quantum error corr) (2.73s)
    5.00s [s0:a2]          START web_search(current research on large-scale quantum )
    5.02s [s0:a0]          END   web_search(Recent theoretical developments in quant) (2.76s)
    5.02s [s0:a0]          START web_search(Capabilities of latest quantum error cor)
    5.03s [s0:a3]          END   web_search(impact of physical qubit platforms on qu) (2.27s)
    5.03s [s0:a3]          START agent_turn(round-1)
    5.43s [s0:a4]          END   web_search(Emerging algorithms and protocols utiliz) (2.56s)
    5.43s [s0:a4]          START agent_turn(round-1)
    6.11s [s1:orch]        END   breakdown (2.11s)
    6.11s [s1:a0]          START agent_turn(round-0)
    6.11s [s1:a1]          START agent_turn(round-0)
    6.11s [s1:a2]          START agent_turn(round-0)
    6.12s [s1:a3]          START agent_turn(round-0)
    6.12s [s1:a4]          START agent_turn(round-0)
    6.58s [s0:a1]          END   web_search(experimental implementations of quantum ) (2.93s)
    6.58s [s0:a1]          START web_search(how quantum error correction improves qu)
    6.87s [s1:a0]          END   agent_turn(round-0) (0.76s)
    6.87s [s1:a0]          START web_search(Recent developments in quantum error cor)
    6.91s [s1:a3]          END   agent_turn(round-0) (0.80s)
    6.92s [s1:a3]          START web_search(scaling of quantum error correction meth)
    6.94s [s1:a4]          END   agent_turn(round-0) (0.82s)
    6.94s [s1:a4]          START web_search(recent developments in quantum error cor)
    6.95s [s1:a1]          END   agent_turn(round-0) (0.84s)
    6.95s [s1:a1]          START web_search(advancements in hardware for quantum err)
    6.96s [s0:a3]          END   agent_turn(round-1) (1.93s)
    7.39s [s0:a2]          END   web_search(current research on large-scale quantum ) (2.40s)
    7.39s [s0:a2]          START agent_turn(round-1)
    7.78s [s1:a2]          END   agent_turn(round-0) (1.66s)
    7.78s [s1:a2]          START web_search(common noise models addressed by recent )
    7.88s [s0:a4]          END   agent_turn(round-1) (2.45s)
    8.00s [s2:orch]        START breakdown
    8.33s [s0:a1]          END   web_search(how quantum error correction improves qu) (1.75s)
    8.33s [s0:a1]          START agent_turn(round-1)
    8.65s [s2:orch]        END   breakdown (0.65s)
  [BACKOFF] s2:a0:agent_turn rate limited, retry #1 in 1.20s
  [BACKOFF] s2:a1:agent_turn rate limited, retry #1 in 1.49s
  [BACKOFF] s2:a2:agent_turn rate limited, retry #1 in 1.11s
  [BACKOFF] s2:a3:agent_turn rate limited, retry #1 in 1.25s
  [BACKOFF] s2:a4:agent_turn rate limited, retry #1 in 1.38s
    8.82s [s0:a0]          END   web_search(Capabilities of latest quantum error cor) (3.80s)
  [BACKOFF] s0:a0:agent_turn rate limited, retry #1 in 1.20s
    8.88s [s1:a1]          END   web_search(advancements in hardware for quantum err) (1.93s)
  [BACKOFF] s1:a1:web_search rate limited, retry #1 in 1.03s
    8.99s [s1:a0]          END   web_search(Recent developments in quantum error cor) (2.12s)
  [BACKOFF] s1:a0:web_search rate limited, retry #1 in 1.16s
    9.01s [s1:a3]          END   web_search(scaling of quantum error correction meth) (2.09s)
  [BACKOFF] s1:a3:web_search rate limited, retry #1 in 1.39s
    9.02s [s1:a4]          END   web_search(recent developments in quantum error cor) (2.09s)
  [BACKOFF] s1:a4:web_search rate limited, retry #1 in 1.43s
  [BACKOFF] s2:a2:agent_turn rate limited, retry #2 in 2.78s
  [BACKOFF] s2:a0:agent_turn rate limited, retry #2 in 2.93s
    9.88s [s0:a2]          END   agent_turn(round-1) (2.48s)
  [BACKOFF] s1:a1:web_search rate limited, retry #2 in 2.23s
  [BACKOFF] s2:a3:agent_turn rate limited, retry #2 in 2.71s
  [BACKOFF] s0:a0:agent_turn rate limited, retry #2 in 2.49s
  [BACKOFF] s2:a4:agent_turn rate limited, retry #2 in 2.00s
  [BACKOFF] s2:a1:agent_turn rate limited, retry #2 in 2.93s
  [BACKOFF] s1:a0:web_search rate limited, retry #2 in 2.66s
   10.40s [s1:a2]          END   web_search(common noise models addressed by recent ) (2.62s)
  [BACKOFF] s1:a2:web_search rate limited, retry #1 in 1.04s
  [BACKOFF] s1:a3:web_search rate limited, retry #2 in 2.88s
  [BACKOFF] s1:a4:web_search rate limited, retry #2 in 2.27s
   10.55s [s0:a1]          END   agent_turn(round-1) (2.22s)
  [BACKOFF] s1:a2:web_search rate limited, retry #2 in 2.75s
  [BACKOFF] s3:orch:breakdown rate limited, retry #1 in 1.02s
  [BACKOFF] s2:a4:agent_turn rate limited, retry #3 in 5.81s
  [BACKOFF] s1:a1:web_search rate limited, retry #3 in 4.80s
  [BACKOFF] s0:a0:agent_turn rate limited, retry #3 in 5.48s
  [BACKOFF] s2:a2:agent_turn rate limited, retry #3 in 5.26s
  [BACKOFF] s2:a3:agent_turn rate limited, retry #3 in 5.71s
  [BACKOFF] s1:a4:web_search rate limited, retry #3 in 4.67s
  [BACKOFF] s2:a0:agent_turn rate limited, retry #3 in 5.56s
  [BACKOFF] s1:a0:web_search rate limited, retry #3 in 4.81s
  [BACKOFF] s3:orch:breakdown rate limited, retry #2 in 2.50s
  [BACKOFF] s2:a1:agent_turn rate limited, retry #3 in 4.58s
  [BACKOFF] s1:a3:web_search rate limited, retry #3 in 4.42s
  [BACKOFF] s1:a2:web_search rate limited, retry #3 in 4.71s
  [BACKOFF] s3:orch:breakdown rate limited, retry #3 in 5.57s
  [BACKOFF] s4:orch:breakdown rate limited, retry #1 in 1.42s
  [BACKOFF] s1:a1:web_search rate limited, retry #4 in 9.03s
  [BACKOFF] s1:a4:web_search rate limited, retry #4 in 10.03s
  [BACKOFF] s4:orch:breakdown rate limited, retry #2 in 2.94s
  [BACKOFF] s1:a0:web_search rate limited, retry #4 in 10.94s
  [BACKOFF] s2:a1:agent_turn rate limited, retry #4 in 8.25s
  [BACKOFF] s1:a3:web_search rate limited, retry #4 in 8.37s
  [BACKOFF] s2:a2:agent_turn rate limited, retry #4 in 8.78s
  [BACKOFF] s2:a4:agent_turn rate limited, retry #4 in 8.17s
  [BACKOFF] s0:a0:agent_turn rate limited, retry #4 in 11.39s
  [BACKOFF] s2:a3:agent_turn rate limited, retry #4 in 9.77s
  [BACKOFF] s2:a0:agent_turn rate limited, retry #4 in 11.19s
  [BACKOFF] s1:a2:web_search rate limited, retry #4 in 11.14s
  [BACKOFF] s4:orch:breakdown rate limited, retry #3 in 4.85s
  [BACKOFF] s3:orch:breakdown rate limited, retry #4 in 11.36s
  [BACKOFF] s4:orch:breakdown rate limited, retry #4 in 10.93s
  [BACKOFF] s2:a1:agent_turn rate limited, retry #5 in 16.39s
  [BACKOFF] s1:a1:web_search rate limited, retry #5 in 19.11s
  [BACKOFF] s2:a4:agent_turn rate limited, retry #5 in 20.11s
  [BACKOFF] s1:a3:web_search rate limited, retry #5 in 18.27s
  [BACKOFF] s2:a2:agent_turn rate limited, retry #5 in 18.95s
  [BACKOFF] s1:a4:web_search rate limited, retry #5 in 19.58s
  [BACKOFF] s2:a3:agent_turn rate limited, retry #5 in 16.77s
  [BACKOFF] s1:a0:web_search rate limited, retry #5 in 20.61s
  [BACKOFF] s0:a0:agent_turn rate limited, retry #5 in 16.75s
  [BACKOFF] s2:a0:agent_turn rate limited, retry #5 in 21.87s
  [BACKOFF] s1:a2:web_search rate limited, retry #5 in 23.26s
  [BACKOFF] s3:orch:breakdown rate limited, retry #5 in 23.30s
  [BACKOFF] s4:orch:breakdown rate limited, retry #5 in 20.58s
  [BACKOFF] s2:a1:agent_turn rate limited, retry #6 in 35.94s
  [BACKOFF] s1:a3:web_search rate limited, retry #6 in 36.68s
  [BACKOFF] s2:a3:agent_turn rate limited, retry #6 in 34.32s
  [BACKOFF] s1:a1:web_search rate limited, retry #6 in 36.51s
  [BACKOFF] s2:a2:agent_turn rate limited, retry #6 in 43.33s
  [BACKOFF] s2:a4:agent_turn rate limited, retry #6 in 30.75s
  [BACKOFF] s0:a0:agent_turn rate limited, retry #6 in 41.29s
  [BACKOFF] s1:a4:web_search rate limited, retry #6 in 37.73s
  [BACKOFF] s1:a0:web_search rate limited, retry #6 in 43.84s
  [BACKOFF] s2:a0:agent_turn rate limited, retry #6 in 32.23s
  [BACKOFF] s1:a2:web_search rate limited, retry #6 in 31.67s
  [BACKOFF] s3:orch:breakdown rate limited, retry #6 in 32.23s
  [BACKOFF] s4:orch:breakdown rate limited, retry #6 in 41.59s
   76.88s [s2:a4]          START agent_turn(round-0) (6 retries)
   77.69s [s2:a4]          END   agent_turn(round-0) (0.81s)
   77.69s [s2:a4]          START web_search(Projected timelines for commercializing )
   78.25s [s2:a1]          START agent_turn(round-0) (6 retries)
   79.19s [s2:a3]          START agent_turn(round-0) (6 retries)
   79.20s [s2:a1]          END   agent_turn(round-0) (0.96s)
   79.20s [s2:a1]          START web_search(current status of experimental fusion re)
   80.13s [s2:a3]          END   agent_turn(round-0) (0.94s)
   80.13s [s2:a3]          START web_search(impact of international collaborations o)
   80.32s [s2:a4]          END   web_search(Projected timelines for commercializing ) (2.63s)
   80.32s [s2:a4]          START web_search(Economic considerations for nuclear fusi)
   81.03s [s1:a3]          START web_search(current state of quantum error correctio) (6 retries)
   81.05s [s2:a1]          END   web_search(current status of experimental fusion re) (1.84s)
   81.05s [s2:a1]          START web_search(latest advancements in nuclear fusion te)
   81.59s [s1:a1]          START web_search(recent developments in quantum error cor) (6 retries)
   82.42s [s2:a4]          END   web_search(Economic considerations for nuclear fusi) (2.10s)
   82.42s [s2:a4]          START agent_turn(round-1)
   82.91s [s2:a1]          END   web_search(latest advancements in nuclear fusion te) (1.87s)
   82.92s [s2:a1]          START agent_turn(round-1)
   82.93s [s2:a3]          END   web_search(impact of international collaborations o) (2.79s)
   82.93s [s2:a3]          START web_search(funding sources and their influence on n)
   83.59s [s1:a3]          END   web_search(current state of quantum error correctio) (2.56s)
   83.59s [s1:a3]          START agent_turn(round-1)
   83.64s [s2:a0]          START agent_turn(round-0) (6 retries)
   84.46s [s1:a1]          END   web_search(recent developments in quantum error cor) (2.87s)
   84.46s [s1:a1]          START agent_turn(round-1)
   84.74s [s1:a4]          START web_search(advantages and limitations of quantum er) (6 retries)
   84.75s [s2:a1]          END   agent_turn(round-1) (1.84s)
   84.86s [s2:a3]          END   web_search(funding sources and their influence on n) (1.93s)
   84.86s [s2:a3]          START agent_turn(round-1)
   84.98s [s1:a2]          START web_search(quantum error correction noise models) (6 retries)
   84.99s [s2:a0]          END   agent_turn(round-0) (1.35s)
   84.99s [s2:a0]          START web_search(latest technological advancements in nuc)
   85.98s [s2:a4]          END   agent_turn(round-1) (3.56s)
   86.19s [s1:a2]          END   web_search(quantum error correction noise models) (1.21s)
   86.19s [s1:a2]          START agent_turn(round-1)
   86.25s [s1:a3]          END   agent_turn(round-1) (2.66s)
   86.43s [s2:a3]          END   agent_turn(round-1) (1.57s)
   87.01s [s1:a1]          END   agent_turn(round-1) (2.55s)
   87.43s [s0:a0]          START agent_turn(round-1) (6 retries)
   87.48s [s2:a0]          END   web_search(latest technological advancements in nuc) (2.48s)
   87.48s [s2:a0]          START web_search(recent breakthroughs in nuclear fusion t)
   87.49s [s1:a4]          END   web_search(advantages and limitations of quantum er) (2.75s)
   87.49s [s1:a4]          START agent_turn(round-1)
   87.99s [s3:orch]        START breakdown (6 retries)
   88.29s [s1:a2]          END   agent_turn(round-1) (2.10s)
   88.87s [s2:a2]          START agent_turn(round-0) (6 retries)
   89.36s [s3:orch]        END   breakdown (1.37s)
   89.37s [s3:a0]          START agent_turn(round-0)
   89.37s [s3:a1]          START agent_turn(round-0)
   89.37s [s3:a2]          START agent_turn(round-0)
   89.37s [s3:a3]          START agent_turn(round-0)
  [BACKOFF] s3:a4:agent_turn rate limited, retry #1 in 1.04s
   89.37s [s2:a0]          END   web_search(recent breakthroughs in nuclear fusion t) (1.90s)
  [BACKOFF] s2:a0:agent_turn rate limited, retry #1 in 1.30s
   89.59s [s2:a2]          END   agent_turn(round-0) (0.72s)
  [BACKOFF] s2:a2:web_search rate limited, retry #1 in 1.49s
   89.63s [s0:a0]          END   agent_turn(round-1) (2.19s)
  [BACKOFF] s0:orch:synthesis rate limited, retry #1 in 1.33s
   89.94s [s1:a4]          END   agent_turn(round-1) (2.45s)
   89.94s [s3:a3]          END   agent_turn(round-0) (0.57s)
  [BACKOFF] s3:a3:web_search rate limited, retry #1 in 1.42s
  [BACKOFF] s3:a4:agent_turn rate limited, retry #2 in 2.92s
  [BACKOFF] s2:a0:agent_turn rate limited, retry #2 in 2.35s
  [BACKOFF] s0:orch:synthesis rate limited, retry #2 in 2.04s
  [BACKOFF] s2:a2:web_search rate limited, retry #2 in 2.01s
  [BACKOFF] s3:a3:web_search rate limited, retry #2 in 2.32s
   91.99s [s3:a1]          END   agent_turn(round-0) (2.62s)
  [BACKOFF] s3:a1:web_search rate limited, retry #1 in 1.33s
   92.60s [s3:a0]          END   agent_turn(round-0) (3.24s)
  [BACKOFF] s3:a0:web_search rate limited, retry #1 in 1.28s
   92.81s [s3:a2]          END   agent_turn(round-0) (3.44s)
  [BACKOFF] s3:a2:web_search rate limited, retry #1 in 1.50s
  [BACKOFF] s0:orch:synthesis rate limited, retry #3 in 5.13s
  [BACKOFF] s1:a0:web_search rate limited, retry #7 in 44.67s
  [BACKOFF] s2:a0:agent_turn rate limited, retry #3 in 5.10s
  [BACKOFF] s2:a2:web_search rate limited, retry #3 in 5.62s
  [BACKOFF] s3:a1:web_search rate limited, retry #2 in 2.69s
  [BACKOFF] s3:a4:agent_turn rate limited, retry #3 in 4.18s
  [BACKOFF] s3:a3:web_search rate limited, retry #3 in 4.22s
  [BACKOFF] s3:a0:web_search rate limited, retry #2 in 2.03s
  [BACKOFF] s3:a2:web_search rate limited, retry #2 in 2.40s
  [BACKOFF] s3:a0:web_search rate limited, retry #3 in 5.97s
  [BACKOFF] s3:a1:web_search rate limited, retry #3 in 4.28s
  [BACKOFF] s3:a2:web_search rate limited, retry #3 in 5.54s
  [BACKOFF] s3:a4:agent_turn rate limited, retry #4 in 8.66s
  [BACKOFF] s3:a3:web_search rate limited, retry #4 in 10.97s
  [BACKOFF] s0:orch:synthesis rate limited, retry #4 in 10.39s
  [BACKOFF] s2:a0:agent_turn rate limited, retry #4 in 10.78s
  [BACKOFF] s4:orch:breakdown rate limited, retry #7 in 39.76s
  [BACKOFF] s2:a2:web_search rate limited, retry #4 in 11.26s
  [BACKOFF] s3:a1:web_search rate limited, retry #4 in 11.58s
  [BACKOFF] s3:a0:web_search rate limited, retry #4 in 11.75s
  [BACKOFF] s3:a2:web_search rate limited, retry #4 in 9.28s
  [BACKOFF] s3:a4:agent_turn rate limited, retry #5 in 18.23s
  [BACKOFF] s0:orch:synthesis rate limited, retry #5 in 22.75s
  [BACKOFF] s3:a3:web_search rate limited, retry #5 in 16.35s
  [BACKOFF] s2:a0:agent_turn rate limited, retry #5 in 18.95s
  [BACKOFF] s2:a2:web_search rate limited, retry #5 in 16.04s
  [BACKOFF] s3:a2:web_search rate limited, retry #5 in 16.10s
  [BACKOFF] s3:a1:web_search rate limited, retry #5 in 16.64s
  [BACKOFF] s3:a0:web_search rate limited, retry #5 in 17.78s
  [BACKOFF] s3:a4:agent_turn rate limited, retry #6 in 37.29s
  [BACKOFF] s3:a3:web_search rate limited, retry #6 in 33.83s
  [BACKOFF] s2:a2:web_search rate limited, retry #6 in 35.51s
  [BACKOFF] s3:a2:web_search rate limited, retry #6 in 41.08s
  [BACKOFF] s2:a0:agent_turn rate limited, retry #6 in 36.03s
  [BACKOFF] s3:a1:web_search rate limited, retry #6 in 35.01s
  [BACKOFF] s0:orch:synthesis rate limited, retry #6 in 34.58s
  [BACKOFF] s3:a0:web_search rate limited, retry #6 in 37.39s
  137.69s [s1:a0]          START web_search(Efficiency of quantum error correction c) (7 retries)
  138.08s [s4:orch]        START breakdown (7 retries)
  138.86s [s4:orch]        END   breakdown (0.78s)
  138.86s [s4:a0]          START agent_turn(round-0)
  [BACKOFF] s4:a1:agent_turn rate limited, retry #1 in 1.32s
  [BACKOFF] s4:a2:agent_turn rate limited, retry #1 in 1.33s
  [BACKOFF] s4:a3:agent_turn rate limited, retry #1 in 1.45s
  [BACKOFF] s4:a4:agent_turn rate limited, retry #1 in 1.07s
  139.74s [s4:a0]          END   agent_turn(round-0) (0.89s)
  139.75s [s4:a0]          START web_search(Mechanisms of action of CRISPR-Cas9 and )
  139.93s [s4:a4]          START agent_turn(round-0) (1 retries)
  140.05s [s1:a0]          END   web_search(Efficiency of quantum error correction c) (2.36s)
  [BACKOFF] s1:a0:agent_turn rate limited, retry #1 in 1.16s
  140.18s [s4:a1]          START agent_turn(round-0) (1 retries)
  [BACKOFF] s4:a2:agent_turn rate limited, retry #2 in 2.25s
  [BACKOFF] s4:a3:agent_turn rate limited, retry #2 in 2.20s
  140.98s [s4:a1]          END   agent_turn(round-0) (0.79s)
  140.98s [s4:a1]          START web_search(Comparison of efficiencies and accuracy )
  141.21s [s1:a0]          START agent_turn(round-1) (1 retries)
  141.23s [s4:a4]          END   agent_turn(round-0) (1.30s)
  141.23s [s4:a4]          START web_search(Regulatory and ethical considerations fo)
  142.10s [s4:a0]          END   web_search(Mechanisms of action of CRISPR-Cas9 and ) (2.36s)
  142.10s [s4:a0]          START web_search(Technological differences between CRISPR)
  142.45s [s4:a2]          START agent_turn(round-0) (2 retries)
  [BACKOFF] s4:a3:agent_turn rate limited, retry #3 in 5.95s
  142.69s [s1:a0]          END   agent_turn(round-1) (1.48s)
  [BACKOFF] s1:orch:synthesis rate limited, retry #1 in 1.50s
  143.46s [s4:a2]          END   agent_turn(round-0) (1.01s)
  143.46s [s4:a2]          START web_search(Safety profiles and off-target effects o)
  143.46s [s4:a4]          END   web_search(Regulatory and ethical considerations fo) (2.23s)
  143.46s [s4:a4]          START web_search(Regulatory and ethical considerations fo)
  143.97s [s4:a1]          END   web_search(Comparison of efficiencies and accuracy ) (2.99s)
  143.97s [s4:a1]          START web_search(CRISPR-Cas9 vs base editing accuracy and)
  144.19s [s1:orch]        START synthesis (1 retries)
  144.85s [s4:a0]          END   web_search(Technological differences between CRISPR) (2.75s)
  144.85s [s4:a0]          START agent_turn(round-1)
  145.23s [s4:a4]          END   web_search(Regulatory and ethical considerations fo) (1.77s)
  145.23s [s4:a4]          START agent_turn(round-1)
  146.21s [s4:a1]          END   web_search(CRISPR-Cas9 vs base editing accuracy and) (2.24s)
  146.21s [s4:a1]          START agent_turn(round-1)
  146.44s [s4:a2]          END   web_search(Safety profiles and off-target effects o) (2.98s)
  146.44s [s4:a2]          START web_search(Safety and off-target effects of TALENs)
  147.12s [s4:a0]          END   agent_turn(round-1) (2.27s)
  147.84s [s4:a4]          END   agent_turn(round-1) (2.60s)
  147.85s [s4:a1]          END   agent_turn(round-1) (1.64s)
  148.35s [s4:a2]          END   web_search(Safety and off-target effects of TALENs) (1.91s)
  148.35s [s4:a2]          START web_search(Safety and off-target effects of ZFNs (Z)
  148.45s [s1:orch]        END   synthesis (4.26s)
  148.45s [s1:r0]          START review_citations
  148.45s [s1:r1]          START review_style
  148.45s [s1:r2]          START review_facts
  148.46s [s4:a3]          START agent_turn(round-0) (3 retries)
  149.38s [s4:a3]          END   agent_turn(round-0) (0.91s)
  149.38s [s4:a3]          START web_search(CRISPR-Cas9 and base editing therapeutic)
  150.19s [s4:a2]          END   web_search(Safety and off-target effects of ZFNs (Z) (1.85s)
  150.19s [s4:a2]          START agent_turn(round-1)
  151.83s [s4:a3]          END   web_search(CRISPR-Cas9 and base editing therapeutic) (2.45s)
  151.83s [s4:a3]          START web_search(Recent advances in CRISPR-Cas9 and base )
  152.34s [s4:a2]          END   agent_turn(round-1) (2.15s)
  153.72s [s1:r1]          END   review_style (5.26s)
  153.82s [s4:a3]          END   web_search(Recent advances in CRISPR-Cas9 and base ) (1.99s)
  153.82s [s4:a3]          START agent_turn(round-1)
  154.34s [s1:r2]          END   review_facts (5.89s)
  155.53s [s4:a3]          END   agent_turn(round-1) (1.71s)
  155.53s [s4:orch]        START synthesis
  156.88s [s1:r0]          END   review_citations (8.43s)
  156.88s [s1:orch]        START finalize
  [BACKOFF] s3:a3:web_search rate limited, retry #7 in 34.62s
  161.15s [s4:orch]        END   synthesis (5.62s)
  [BACKOFF] s4:r0:review_citations rate limited, retry #1 in 1.08s
  [BACKOFF] s4:r1:review_style rate limited, retry #1 in 1.39s
  [BACKOFF] s4:r2:review_facts rate limited, retry #1 in 1.08s
  [BACKOFF] s2:a2:web_search rate limited, retry #7 in 32.96s
  [BACKOFF] s3:a4:agent_turn rate limited, retry #7 in 32.49s
  [BACKOFF] s4:r2:review_facts rate limited, retry #2 in 2.11s
  [BACKOFF] s4:r0:review_citations rate limited, retry #2 in 2.42s
  [BACKOFF] s4:r1:review_style rate limited, retry #2 in 2.13s
  163.06s [s1:orch]        END   finalize (6.19s)
  [batch=0 session=1] done in 159.1s
  [BACKOFF] s3:a1:web_search rate limited, retry #7 in 36.72s
  [BACKOFF] s2:a0:agent_turn rate limited, retry #7 in 38.93s
  [BACKOFF] s4:r2:review_facts rate limited, retry #3 in 5.08s
  [BACKOFF] s4:r0:review_citations rate limited, retry #3 in 5.72s
  [BACKOFF] s4:r1:review_style rate limited, retry #3 in 4.17s
  [BACKOFF] s0:orch:synthesis rate limited, retry #7 in 38.76s
  [BACKOFF] s3:a2:web_search rate limited, retry #7 in 37.52s
  [BACKOFF] s3:a0:web_search rate limited, retry #7 in 42.09s
  [BACKOFF] s4:r1:review_style rate limited, retry #4 in 10.63s
  [BACKOFF] s4:r2:review_facts rate limited, retry #4 in 8.25s
  [BACKOFF] s4:r0:review_citations rate limited, retry #4 in 11.15s
  [BACKOFF] s4:r2:review_facts rate limited, retry #5 in 20.51s
  [BACKOFF] s4:r1:review_style rate limited, retry #5 in 22.36s
  [BACKOFF] s4:r0:review_citations rate limited, retry #5 in 20.79s
  [BACKOFF] s3:a3:web_search rate limited, retry #8 in 43.19s
  [BACKOFF] s3:a4:agent_turn rate limited, retry #8 in 34.54s
  [BACKOFF] s2:a2:web_search rate limited, retry #8 in 31.54s
  198.18s [s4:r2]          START review_facts (5 retries)
  200.25s [s3:a1]          START web_search(CRISPR-Cas9 vs base editing in therapeut) (7 retries)
  201.83s [s4:r1]          START review_style (5 retries)
  202.32s [s4:r0]          START review_citations (5 retries)
  202.82s [s2:a0]          START agent_turn(round-1) (7 retries)
  203.64s [s3:a1]          END   web_search(CRISPR-Cas9 vs base editing in therapeut) (3.40s)
  203.64s [s3:a1]          START web_search(latest research on the efficiency and pr)
  204.35s [s4:r2]          END   review_facts (6.18s)
  204.61s [s0:orch]        START synthesis (7 retries)
  205.59s [s2:a0]          END   agent_turn(round-1) (2.77s)
  206.04s [s3:a1]          END   web_search(latest research on the efficiency and pr) (2.40s)
  206.04s [s3:a1]          START web_search(latest research on the efficiency and pr)
  206.24s [s3:a2]          START web_search(Off-target effects and safety concerns o) (7 retries)
  208.16s [s4:r1]          END   review_style (6.32s)
  208.88s [s3:a2]          END   web_search(Off-target effects and safety concerns o) (2.64s)
  208.89s [s3:a2]          START web_search(Off-target effects and safety concerns o)
  209.32s [s3:a1]          END   web_search(latest research on the efficiency and pr) (3.28s)
  209.32s [s3:a1]          START agent_turn(round-1)
  210.43s [s0:orch]        END   synthesis (5.82s)
  210.43s [s0:r0]          START review_citations
  210.43s [s0:r1]          START review_style
  210.44s [s0:r2]          START review_facts
  210.58s [s3:a2]          END   web_search(Off-target effects and safety concerns o) (1.70s)
  210.58s [s3:a2]          START web_search(Off-target effects and safety concerns o)
  210.91s [s3:a0]          START web_search(Molecular mechanisms of CRISPR-Cas9) (7 retries)
  211.27s [s4:r0]          END   review_citations (8.95s)
  211.27s [s4:orch]        START finalize
  212.05s [s3:a1]          END   agent_turn(round-1) (2.72s)
  212.53s [s3:a2]          END   web_search(Off-target effects and safety concerns o) (1.95s)
  212.53s [s3:a2]          START agent_turn(round-1)
  213.08s [s3:a0]          END   web_search(Molecular mechanisms of CRISPR-Cas9) (2.17s)
  213.08s [s3:a0]          START web_search(Molecular mechanisms of base editing tec)
  214.58s [s3:a2]          END   agent_turn(round-1) (2.05s)
  214.68s [s0:r1]          END   review_style (4.24s)
  215.73s [s3:a0]          END   web_search(Molecular mechanisms of base editing tec) (2.65s)
  215.73s [s3:a0]          START agent_turn(round-1)
  216.86s [s4:orch]        END   finalize (5.59s)
  [batch=0 session=4] done in 200.9s
  218.09s [s3:a0]          END   agent_turn(round-1) (2.36s)
  219.11s [s0:r2]          END   review_facts (8.68s)
  220.41s [s0:r0]          END   review_citations (9.97s)
  220.41s [s0:orch]        START finalize
  226.03s [s2:a2]          START web_search(scientific and engineering challenges in) (8 retries)
  226.61s [s0:orch]        END   finalize (6.20s)
  [batch=0 session=0] done in 226.6s
  228.22s [s2:a2]          END   web_search(scientific and engineering challenges in) (2.19s)
  228.22s [s2:a2]          START web_search(current status of nuclear fusion energy )
  228.71s [s3:a4]          START agent_turn(round-0) (8 retries)
  229.62s [s3:a4]          END   agent_turn(round-0) (0.91s)
  229.62s [s3:a4]          START web_search(regulatory challenges for CRISPR-Cas9 an)
  230.36s [s2:a2]          END   web_search(current status of nuclear fusion energy ) (2.14s)
  230.36s [s2:a2]          START agent_turn(round-1)
  231.88s [s3:a4]          END   web_search(regulatory challenges for CRISPR-Cas9 an) (2.26s)
  231.88s [s3:a4]          START web_search(clinical trial statuses CRISPR-Cas9 and )
  232.55s [s2:a2]          END   agent_turn(round-1) (2.19s)
  232.56s [s2:orch]        START synthesis
  234.37s [s3:a4]          END   web_search(clinical trial statuses CRISPR-Cas9 and ) (2.49s)
  234.37s [s3:a4]          START agent_turn(round-1)
  236.50s [s3:a4]          END   agent_turn(round-1) (2.13s)
  236.87s [s3:a3]          START web_search(CRISPR-Cas9 vs base editing for genetic ) (8 retries)
  237.85s [s2:orch]        END   synthesis (5.29s)
  [BACKOFF] s2:r0:review_citations rate limited, retry #1 in 1.49s
  [BACKOFF] s2:r1:review_style rate limited, retry #1 in 1.19s
  [BACKOFF] s2:r2:review_facts rate limited, retry #1 in 1.21s
  [BACKOFF] s2:r1:review_style rate limited, retry #2 in 2.57s
  [BACKOFF] s2:r2:review_facts rate limited, retry #2 in 2.32s
  239.28s [s3:a3]          END   web_search(CRISPR-Cas9 vs base editing for genetic ) (2.41s)
  [BACKOFF] s3:a3:web_search rate limited, retry #1 in 1.43s
  [BACKOFF] s2:r0:review_citations rate limited, retry #2 in 2.05s
  [BACKOFF] s3:a3:web_search rate limited, retry #2 in 2.86s
  [BACKOFF] s2:r2:review_facts rate limited, retry #3 in 4.06s
  [BACKOFF] s2:r0:review_citations rate limited, retry #3 in 5.76s
  [BACKOFF] s2:r1:review_style rate limited, retry #3 in 5.91s
  [BACKOFF] s3:a3:web_search rate limited, retry #3 in 4.39s
  [BACKOFF] s2:r2:review_facts rate limited, retry #4 in 11.29s
  [BACKOFF] s2:r0:review_citations rate limited, retry #4 in 9.63s
  [BACKOFF] s2:r1:review_style rate limited, retry #4 in 8.18s
  [BACKOFF] s3:a3:web_search rate limited, retry #4 in 11.07s
  [BACKOFF] s2:r1:review_style rate limited, retry #5 in 17.16s
  [BACKOFF] s2:r2:review_facts rate limited, retry #5 in 19.83s
  [BACKOFF] s2:r0:review_citations rate limited, retry #5 in 18.88s
  259.03s [s3:a3]          START web_search(which diseases are treated better with C) (4 retries)
  260.60s [s3:a3]          END   web_search(which diseases are treated better with C) (1.57s)
  260.60s [s3:a3]          START agent_turn(round-1)
  263.65s [s3:a3]          END   agent_turn(round-1) (3.05s)
  263.65s [s3:orch]        START synthesis
  268.57s [s3:orch]        END   synthesis (4.92s)
  268.57s [s3:r0]          START review_citations
  268.57s [s3:r1]          START review_style
  268.58s [s3:r2]          START review_facts
  272.87s [s2:r1]          START review_style (5 retries)
  274.00s [s3:r1]          END   review_style (5.42s)
  275.67s [s2:r0]          START review_citations (5 retries)
  276.56s [s2:r2]          START review_facts (5 retries)
  276.75s [s2:r1]          END   review_style (3.88s)
  277.68s [s3:r2]          END   review_facts (9.10s)
  278.40s [s3:r0]          END   review_citations (9.83s)
  278.40s [s3:orch]        START finalize
  280.45s [s2:r2]          END   review_facts (3.89s)
  283.23s [s2:r0]          END   review_citations (7.56s)
  283.23s [s2:orch]        START finalize
  284.93s [s3:orch]        END   finalize (6.53s)
  [batch=0 session=3] done in 272.9s
  293.04s [s2:orch]        END   finalize (9.81s)
  [batch=0 session=2] done in 285.0s

============================================================
 BATCH 0 SUMMARY  (5 ok / 0 failed)
============================================================
  Session durations (successful):
    count  = 5
    mean   = 228.90s
    median = 226.61s
    p95    = 285.04s
    min    = 159.06s
    max    = 285.04s
    stdev  = 51.86s

============================================================
 BATCH 1: launching 5 sessions
 Arrival delays: 0.0s, 4.0s, 8.0s, 12.0s, 16.0s
============================================================
  293.04s [s5:orch]        START breakdown
  293.96s [s5:orch]        END   breakdown (0.92s)
  293.96s [s5:a0]          START agent_turn(round-0)
  293.97s [s5:a1]          START agent_turn(round-0)
  293.97s [s5:a2]          START agent_turn(round-0)
  293.97s [s5:a3]          START agent_turn(round-0)
  293.97s [s5:a4]          START agent_turn(round-0)
  294.78s [s5:a3]          END   agent_turn(round-0) (0.81s)
  294.78s [s5:a3]          START web_search(Delivery methods for CRISPR-Cas9 in clin)
  294.79s [s5:a4]          END   agent_turn(round-0) (0.81s)
  294.79s [s5:a4]          START web_search(limitations of CRISPR-Cas9 and base edit)
  294.82s [s5:a0]          END   agent_turn(round-0) (0.85s)
  294.82s [s5:a0]          START web_search(Mechanisms of CRISPR-Cas9 and base editi)
  294.82s [s5:a1]          END   agent_turn(round-0) (0.85s)
  294.82s [s5:a1]          START web_search(CRISPR-Cas9 vs base editing efficiency a)
  294.97s [s5:a2]          END   agent_turn(round-0) (1.00s)
  294.97s [s5:a2]          START web_search(off-target effects and safety considerat)
  296.73s [s5:a0]          END   web_search(Mechanisms of CRISPR-Cas9 and base editi) (1.91s)
  296.73s [s5:a0]          START web_search(Differences between CRISPR-Cas9 and base)
  296.73s [s5:a4]          END   web_search(limitations of CRISPR-Cas9 and base edit) (1.95s)
  296.73s [s5:a4]          START web_search(future prospects of CRISPR-Cas9 and base)
  296.93s [s5:a2]          END   web_search(off-target effects and safety considerat) (1.96s)
  296.93s [s5:a2]          START web_search(off-target effects and safety considerat)
  296.99s [s5:a1]          END   web_search(CRISPR-Cas9 vs base editing efficiency a) (2.17s)
  296.99s [s5:a1]          START web_search(comparison of CRISPR-Cas9 and base editi)
  297.04s [s6:orch]        START breakdown
  297.57s [s5:a3]          END   web_search(Delivery methods for CRISPR-Cas9 in clin) (2.79s)
  297.57s [s5:a3]          START web_search(Delivery methods for base editing system)
  297.75s [s6:orch]        END   breakdown (0.71s)
  297.75s [s6:a0]          START agent_turn(round-0)
  297.76s [s6:a1]          START agent_turn(round-0)
  [BACKOFF] s6:a2:agent_turn rate limited, retry #1 in 1.21s
  [BACKOFF] s6:a3:agent_turn rate limited, retry #1 in 1.29s
  [BACKOFF] s6:a4:agent_turn rate limited, retry #1 in 1.05s
  298.34s [s6:a0]          END   agent_turn(round-0) (0.59s)
  [BACKOFF] s6:a0:web_search rate limited, retry #1 in 1.34s
  298.67s [s5:a2]          END   web_search(off-target effects and safety considerat) (1.75s)
  [BACKOFF] s5:a2:web_search rate limited, retry #1 in 1.43s
  298.68s [s5:a0]          END   web_search(Differences between CRISPR-Cas9 and base) (1.95s)
  [BACKOFF] s5:a0:agent_turn rate limited, retry #1 in 1.41s
  [BACKOFF] s6:a4:agent_turn rate limited, retry #2 in 2.64s
  [BACKOFF] s6:a2:agent_turn rate limited, retry #2 in 2.05s
  [BACKOFF] s6:a3:agent_turn rate limited, retry #2 in 2.29s
  299.48s [s5:a3]          END   web_search(Delivery methods for base editing system) (1.91s)
  [BACKOFF] s5:a3:agent_turn rate limited, retry #1 in 1.32s
  299.63s [s5:a4]          END   web_search(future prospects of CRISPR-Cas9 and base) (2.89s)
  [BACKOFF] s5:a4:agent_turn rate limited, retry #1 in 1.35s
  [BACKOFF] s6:a0:web_search rate limited, retry #2 in 2.18s
  300.05s [s5:a1]          END   web_search(comparison of CRISPR-Cas9 and base editi) (3.06s)
  [BACKOFF] s5:a1:agent_turn rate limited, retry #1 in 1.35s
  [BACKOFF] s5:a0:agent_turn rate limited, retry #2 in 2.73s
  [BACKOFF] s5:a2:web_search rate limited, retry #2 in 2.99s
  [BACKOFF] s5:a3:agent_turn rate limited, retry #2 in 2.95s
  300.81s [s6:a1]          END   agent_turn(round-0) (3.05s)
  [BACKOFF] s6:a1:web_search rate limited, retry #1 in 1.29s
  [BACKOFF] s5:a4:agent_turn rate limited, retry #2 in 2.86s
  [BACKOFF] s6:a2:agent_turn rate limited, retry #3 in 4.06s
  [BACKOFF] s7:orch:breakdown rate limited, retry #1 in 1.42s
  [BACKOFF] s6:a3:agent_turn rate limited, retry #3 in 4.31s
  [BACKOFF] s5:a1:agent_turn rate limited, retry #2 in 2.69s
  [BACKOFF] s6:a4:agent_turn rate limited, retry #3 in 5.34s
  [BACKOFF] s6:a0:web_search rate limited, retry #3 in 5.54s
  [BACKOFF] s6:a1:web_search rate limited, retry #2 in 2.69s
  [BACKOFF] s7:orch:breakdown rate limited, retry #2 in 2.34s
  [BACKOFF] s5:a0:agent_turn rate limited, retry #3 in 5.84s
  [BACKOFF] s5:a2:web_search rate limited, retry #3 in 5.78s
  [BACKOFF] s5:a3:agent_turn rate limited, retry #3 in 4.78s
  [BACKOFF] s5:a4:agent_turn rate limited, retry #3 in 4.73s
  [BACKOFF] s5:a1:agent_turn rate limited, retry #3 in 4.73s
  [BACKOFF] s6:a1:web_search rate limited, retry #3 in 5.57s
  [BACKOFF] s7:orch:breakdown rate limited, retry #3 in 4.42s
  [BACKOFF] s8:orch:breakdown rate limited, retry #1 in 1.43s
  [BACKOFF] s6:a2:agent_turn rate limited, retry #4 in 10.43s
  [BACKOFF] s6:a3:agent_turn rate limited, retry #4 in 8.81s
  [BACKOFF] s8:orch:breakdown rate limited, retry #2 in 2.28s
  [BACKOFF] s6:a4:agent_turn rate limited, retry #4 in 9.69s
  [BACKOFF] s6:a0:web_search rate limited, retry #4 in 8.84s
  [BACKOFF] s5:a3:agent_turn rate limited, retry #4 in 9.90s
  [BACKOFF] s5:a4:agent_turn rate limited, retry #4 in 9.99s
  [BACKOFF] s5:a0:agent_turn rate limited, retry #4 in 10.74s
  [BACKOFF] s8:orch:breakdown rate limited, retry #3 in 5.57s
  [BACKOFF] s5:a1:agent_turn rate limited, retry #4 in 10.61s
  [BACKOFF] s5:a2:web_search rate limited, retry #4 in 10.78s
  [BACKOFF] s9:orch:breakdown rate limited, retry #1 in 1.05s
  [BACKOFF] s7:orch:breakdown rate limited, retry #4 in 10.74s
  [BACKOFF] s9:orch:breakdown rate limited, retry #2 in 2.23s
  [BACKOFF] s6:a1:web_search rate limited, retry #4 in 9.80s
  [BACKOFF] s9:orch:breakdown rate limited, retry #3 in 4.18s
  [BACKOFF] s8:orch:breakdown rate limited, retry #4 in 11.58s
  [BACKOFF] s6:a3:agent_turn rate limited, retry #5 in 17.08s
  [BACKOFF] s6:a2:agent_turn rate limited, retry #5 in 21.32s
  [BACKOFF] s6:a0:web_search rate limited, retry #5 in 23.69s
  [BACKOFF] s6:a4:agent_turn rate limited, retry #5 in 18.25s
  [BACKOFF] s9:orch:breakdown rate limited, retry #4 in 9.65s
  [BACKOFF] s5:a3:agent_turn rate limited, retry #5 in 21.55s
  [BACKOFF] s5:a4:agent_turn rate limited, retry #5 in 18.27s
  319.41s [s5:a0]          START agent_turn(round-1) (4 retries)
  [BACKOFF] s5:a1:agent_turn rate limited, retry #5 in 16.24s
  [BACKOFF] s5:a2:web_search rate limited, retry #5 in 19.02s
  [BACKOFF] s7:orch:breakdown rate limited, retry #5 in 19.60s
  [BACKOFF] s6:a1:web_search rate limited, retry #5 in 22.70s
  322.08s [s5:a0]          END   agent_turn(round-1) (2.67s)
  325.91s [s8:orch]        START breakdown (4 retries)
  326.17s [s9:orch]        START breakdown (4 retries)
  327.15s [s9:orch]        END   breakdown (0.98s)
  [BACKOFF] s9:a0:agent_turn rate limited, retry #1 in 1.29s
  [BACKOFF] s9:a1:agent_turn rate limited, retry #1 in 1.46s
  [BACKOFF] s9:a2:agent_turn rate limited, retry #1 in 1.17s
  [BACKOFF] s9:a3:agent_turn rate limited, retry #1 in 1.25s
  [BACKOFF] s9:a4:agent_turn rate limited, retry #1 in 1.01s
  327.20s [s8:orch]        END   breakdown (1.29s)
  [BACKOFF] s8:a0:agent_turn rate limited, retry #1 in 1.17s
  [BACKOFF] s8:a1:agent_turn rate limited, retry #1 in 1.28s
  [BACKOFF] s8:a2:agent_turn rate limited, retry #1 in 1.10s
  [BACKOFF] s8:a3:agent_turn rate limited, retry #1 in 1.40s
  [BACKOFF] s8:a4:agent_turn rate limited, retry #1 in 1.33s
  [BACKOFF] s9:a4:agent_turn rate limited, retry #2 in 2.28s
  [BACKOFF] s8:a2:agent_turn rate limited, retry #2 in 2.29s
  [BACKOFF] s9:a2:agent_turn rate limited, retry #2 in 2.91s
  [BACKOFF] s8:a0:agent_turn rate limited, retry #2 in 2.53s
  [BACKOFF] s9:a3:agent_turn rate limited, retry #2 in 2.22s
  [BACKOFF] s9:a0:agent_turn rate limited, retry #2 in 2.39s
  [BACKOFF] s8:a1:agent_turn rate limited, retry #2 in 2.83s
  [BACKOFF] s8:a4:agent_turn rate limited, retry #2 in 2.94s
  328.60s [s8:a3]          START agent_turn(round-0) (1 retries)
  328.61s [s9:a1]          START agent_turn(round-0) (1 retries)
  329.29s [s9:a1]          END   agent_turn(round-0) (0.68s)
  329.29s [s9:a1]          START web_search(Effects of deep-sea mining on sediment d)
  329.44s [s8:a3]          END   agent_turn(round-0) (0.84s)
  [BACKOFF] s8:a3:web_search rate limited, retry #1 in 1.46s
  [BACKOFF] s9:a4:agent_turn rate limited, retry #3 in 5.59s
  [BACKOFF] s8:a2:agent_turn rate limited, retry #3 in 5.29s
  [BACKOFF] s9:a3:agent_turn rate limited, retry #3 in 5.50s
  [BACKOFF] s9:a0:agent_turn rate limited, retry #3 in 4.65s
  [BACKOFF] s8:a0:agent_turn rate limited, retry #3 in 5.41s
  [BACKOFF] s8:a3:web_search rate limited, retry #2 in 2.91s
  [BACKOFF] s9:a2:agent_turn rate limited, retry #3 in 5.77s
  331.30s [s9:a1]          END   web_search(Effects of deep-sea mining on sediment d) (2.01s)
  [BACKOFF] s9:a1:web_search rate limited, retry #1 in 1.19s
  [BACKOFF] s8:a1:agent_turn rate limited, retry #3 in 5.55s
  [BACKOFF] s8:a4:agent_turn rate limited, retry #3 in 5.96s
  [BACKOFF] s6:a3:agent_turn rate limited, retry #6 in 35.54s
  [BACKOFF] s9:a1:web_search rate limited, retry #2 in 2.65s
  333.81s [s8:a3]          START web_search(Impact of new materials and hardware imp) (2 retries)
  [BACKOFF] s6:a4:agent_turn rate limited, retry #6 in 40.64s
  [BACKOFF] s9:a1:web_search rate limited, retry #3 in 4.61s
  [BACKOFF] s9:a0:agent_turn rate limited, retry #4 in 9.64s
  335.49s [s8:a3]          END   web_search(Impact of new materials and hardware imp) (1.68s)
  [BACKOFF] s8:a3:web_search rate limited, retry #1 in 1.24s
  335.67s [s5:a1]          START agent_turn(round-1) (5 retries)
  [BACKOFF] s8:a2:agent_turn rate limited, retry #4 in 8.25s
  [BACKOFF] s9:a4:agent_turn rate limited, retry #4 in 9.33s
  [BACKOFF] s9:a3:agent_turn rate limited, retry #4 in 11.55s
  [BACKOFF] s8:a0:agent_turn rate limited, retry #4 in 10.35s
  336.74s [s8:a3]          START web_search(How materials science advances improve q) (1 retries)
  [BACKOFF] s6:a2:agent_turn rate limited, retry #6 in 31.58s
  [BACKOFF] s5:a4:agent_turn rate limited, retry #6 in 34.91s
  [BACKOFF] s8:a1:agent_turn rate limited, retry #4 in 10.38s
  [BACKOFF] s9:a2:agent_turn rate limited, retry #4 in 10.47s
  [BACKOFF] s8:a4:agent_turn rate limited, retry #4 in 8.07s
  338.20s [s5:a1]          END   agent_turn(round-1) (2.53s)
  338.70s [s5:a2]          START web_search(off-target effects and safety considerat) (5 retries)
  338.72s [s8:a3]          END   web_search(How materials science advances improve q) (1.98s)
  [BACKOFF] s8:a3:agent_turn rate limited, retry #1 in 1.15s
  [BACKOFF] s7:orch:breakdown rate limited, retry #6 in 39.37s
  [BACKOFF] s9:a1:web_search rate limited, retry #4 in 10.20s
  [BACKOFF] s8:a3:agent_turn rate limited, retry #2 in 2.69s
  [BACKOFF] s6:a0:web_search rate limited, retry #6 in 33.97s
  [BACKOFF] s5:a3:agent_turn rate limited, retry #6 in 42.30s
  340.80s [s5:a2]          END   web_search(off-target effects and safety considerat) (2.10s)
  [BACKOFF] s5:a2:agent_turn rate limited, retry #1 in 1.41s
  [BACKOFF] s5:a2:agent_turn rate limited, retry #2 in 2.40s
  [BACKOFF] s8:a3:agent_turn rate limited, retry #3 in 5.63s
  [BACKOFF] s6:a1:web_search rate limited, retry #6 in 38.07s
  344.13s [s8:a2]          START agent_turn(round-0) (4 retries)
  [BACKOFF] s5:a2:agent_turn rate limited, retry #3 in 4.23s
  344.91s [s8:a2]          END   agent_turn(round-0) (0.78s)
  [BACKOFF] s8:a2:web_search rate limited, retry #1 in 1.40s
  [BACKOFF] s9:a0:agent_turn rate limited, retry #5 in 22.10s
  [BACKOFF] s9:a4:agent_turn rate limited, retry #5 in 23.98s
  [BACKOFF] s8:a4:agent_turn rate limited, retry #5 in 16.51s
  [BACKOFF] s8:a2:web_search rate limited, retry #2 in 2.36s
  [BACKOFF] s8:a0:agent_turn rate limited, retry #5 in 23.84s
  [BACKOFF] s8:a1:agent_turn rate limited, retry #5 in 22.03s
  [BACKOFF] s9:a2:agent_turn rate limited, retry #5 in 19.92s
  [BACKOFF] s9:a3:agent_turn rate limited, retry #5 in 23.15s
  [BACKOFF] s8:a3:agent_turn rate limited, retry #4 in 11.81s
  [BACKOFF] s8:a2:web_search rate limited, retry #3 in 4.33s
  [BACKOFF] s5:a2:agent_turn rate limited, retry #4 in 11.95s
  [BACKOFF] s9:a1:web_search rate limited, retry #5 in 22.41s
  [BACKOFF] s8:a2:web_search rate limited, retry #4 in 9.83s
  360.00s [s8:a3]          START agent_turn(round-1) (4 retries)
  360.79s [s5:a2]          START agent_turn(round-1) (4 retries)
  362.01s [s8:a4]          START agent_turn(round-0) (5 retries)
  362.79s [s8:a3]          END   agent_turn(round-1) (2.79s)
  362.80s [s8:a4]          END   agent_turn(round-0) (0.79s)
  362.80s [s8:a4]          START web_search(recent advances in quantum error correct)
  362.85s [s8:a2]          START web_search(challenges and limitations in scaling qu) (4 retries)
  363.14s [s5:a2]          END   agent_turn(round-1) (2.35s)
  366.10s [s8:a2]          END   web_search(challenges and limitations in scaling qu) (3.25s)
  366.10s [s8:a2]          START web_search(current state of quantum error correctio)
  366.49s [s8:a4]          END   web_search(recent advances in quantum error correct) (3.69s)
  366.49s [s8:a4]          START web_search(quantum error correction progress 2023)
  367.09s [s6:a3]          START agent_turn(round-0) (6 retries)
  367.23s [s9:a0]          START agent_turn(round-0) (5 retries)
  367.41s [s9:a2]          START agent_turn(round-0) (5 retries)
  367.71s [s6:a3]          END   agent_turn(round-0) (0.62s)
  367.71s [s6:a3]          START web_search(Recent advances in superconducting qubit)
  368.05s [s9:a0]          END   agent_turn(round-0) (0.81s)
  368.05s [s9:a0]          START web_search(potential effects of deep-sea mining on )
  368.34s [s9:a2]          END   agent_turn(round-0) (0.93s)
  368.34s [s9:a2]          START web_search(long-term impacts of deep-sea mining on )
  368.42s [s6:a2]          START agent_turn(round-0) (6 retries)
  368.51s [s8:a2]          END   web_search(current state of quantum error correctio) (2.42s)
  368.51s [s8:a2]          START agent_turn(round-1)
  369.04s [s8:a4]          END   web_search(quantum error correction progress 2023) (2.54s)
  369.04s [s8:a4]          START agent_turn(round-1)
  369.29s [s8:a1]          START agent_turn(round-0) (5 retries)
  369.34s [s9:a4]          START agent_turn(round-0) (5 retries)
  369.74s [s6:a2]          END   agent_turn(round-0) (1.32s)
  369.74s [s6:a2]          START web_search(new techniques to improve fault toleranc)
  370.15s [s8:a1]          END   agent_turn(round-0) (0.87s)
  [BACKOFF] s8:a1:web_search rate limited, retry #1 in 1.48s
  370.19s [s9:a4]          END   agent_turn(round-0) (0.84s)
  [BACKOFF] s9:a4:web_search rate limited, retry #1 in 1.09s
  370.30s [s6:a3]          END   web_search(Recent advances in superconducting qubit) (2.59s)
  [BACKOFF] s6:a3:web_search rate limited, retry #1 in 1.17s
  [BACKOFF] s8:a0:agent_turn rate limited, retry #6 in 42.32s
  [BACKOFF] s9:a3:agent_turn rate limited, retry #6 in 39.29s
  370.88s [s9:a0]          END   web_search(potential effects of deep-sea mining on ) (2.83s)
  [BACKOFF] s9:a0:web_search rate limited, retry #1 in 1.47s
  370.90s [s8:a2]          END   agent_turn(round-1) (2.38s)
  371.02s [s9:a2]          END   web_search(long-term impacts of deep-sea mining on ) (2.68s)
  [BACKOFF] s9:a2:web_search rate limited, retry #1 in 1.47s
  [BACKOFF] s9:a4:web_search rate limited, retry #2 in 2.16s
  371.42s [s8:a4]          END   agent_turn(round-1) (2.38s)
  [BACKOFF] s6:a3:web_search rate limited, retry #2 in 2.30s
  [BACKOFF] s8:a1:web_search rate limited, retry #2 in 2.03s
  [BACKOFF] s5:a4:agent_turn rate limited, retry #7 in 44.85s
  372.30s [s6:a2]          END   web_search(new techniques to improve fault toleranc) (2.56s)
  [BACKOFF] s6:a2:web_search rate limited, retry #1 in 1.21s
  [BACKOFF] s9:a0:web_search rate limited, retry #2 in 2.21s
  [BACKOFF] s9:a1:web_search rate limited, retry #6 in 42.29s
  [BACKOFF] s9:a2:web_search rate limited, retry #2 in 2.06s
  [BACKOFF] s9:a4:web_search rate limited, retry #3 in 5.26s
  [BACKOFF] s6:a2:web_search rate limited, retry #2 in 2.76s
  [BACKOFF] s8:a1:web_search rate limited, retry #3 in 4.41s
  [BACKOFF] s6:a3:web_search rate limited, retry #3 in 4.09s
  [BACKOFF] s6:a0:web_search rate limited, retry #7 in 35.38s
  [BACKOFF] s9:a2:web_search rate limited, retry #3 in 4.84s
  [BACKOFF] s9:a0:web_search rate limited, retry #3 in 6.00s
  [BACKOFF] s6:a4:agent_turn rate limited, retry #7 in 43.06s
  [BACKOFF] s6:a2:web_search rate limited, retry #3 in 5.78s
  [BACKOFF] s6:a3:web_search rate limited, retry #4 in 11.65s
  [BACKOFF] s8:a1:web_search rate limited, retry #4 in 9.07s
  [BACKOFF] s9:a4:web_search rate limited, retry #4 in 11.30s
  [BACKOFF] s7:orch:breakdown rate limited, retry #7 in 34.81s
  [BACKOFF] s9:a2:web_search rate limited, retry #4 in 11.91s
  380.56s [s9:a0]          START web_search(deep-sea mining environmental impacts) (3 retries)
  [BACKOFF] s6:a1:web_search rate limited, retry #7 in 42.10s
  [BACKOFF] s6:a2:web_search rate limited, retry #4 in 11.73s
  [BACKOFF] s5:a3:agent_turn rate limited, retry #7 in 32.76s
  383.97s [s9:a0]          END   web_search(deep-sea mining environmental impacts) (3.41s)
  [BACKOFF] s9:a0:agent_turn rate limited, retry #1 in 1.48s
  [BACKOFF] s9:a0:agent_turn rate limited, retry #2 in 2.14s
  387.14s [s8:a1]          START web_search(Recent developments in experimental quan) (4 retries)
  387.60s [s9:a0]          START agent_turn(round-1) (2 retries)
  388.98s [s8:a1]          END   web_search(Recent developments in experimental quan) (1.84s)
  388.98s [s8:a1]          START web_search(Advances in quantum error correction exp)
  389.51s [s6:a3]          START web_search(How hardware development influences quan) (4 retries)
  390.02s [s9:a4]          START web_search(mitigation strategies and policies for d) (4 retries)
  390.44s [s9:a0]          END   agent_turn(round-1) (2.84s)
  391.14s [s8:a1]          END   web_search(Advances in quantum error correction exp) (2.16s)
  [BACKOFF] s8:a1:agent_turn rate limited, retry #1 in 1.43s
  [BACKOFF] s9:a2:web_search rate limited, retry #5 in 22.10s
  391.86s [s6:a3]          END   web_search(How hardware development influences quan) (2.35s)
  [BACKOFF] s6:a3:agent_turn rate limited, retry #1 in 1.15s
  392.17s [s9:a4]          END   web_search(mitigation strategies and policies for d) (2.15s)
  [BACKOFF] s9:a4:web_search rate limited, retry #1 in 1.30s
  [BACKOFF] s8:a1:agent_turn rate limited, retry #2 in 2.31s
  [BACKOFF] s6:a3:agent_turn rate limited, retry #2 in 2.43s
  [BACKOFF] s9:a4:web_search rate limited, retry #2 in 2.69s
  [BACKOFF] s6:a2:web_search rate limited, retry #5 in 20.24s
  394.89s [s8:a1]          START agent_turn(round-1) (2 retries)
  [BACKOFF] s6:a3:agent_turn rate limited, retry #3 in 5.96s
  396.16s [s9:a4]          START web_search(best practices for minimizing environmen) (2 retries)
  396.64s [s8:a1]          END   agent_turn(round-1) (1.75s)
  397.90s [s9:a4]          END   web_search(best practices for minimizing environmen) (1.74s)
  397.90s [s9:a4]          START agent_turn(round-1)
  400.25s [s9:a4]          END   agent_turn(round-1) (2.35s)
  401.40s [s6:a3]          START agent_turn(round-1) (3 retries)
  403.02s [s6:a3]          END   agent_turn(round-1) (1.62s)
  409.29s [s6:a0]          START web_search(recent advances in quantum error correct) (7 retries)
  [BACKOFF] s9:a3:agent_turn rate limited, retry #7 in 41.89s
  411.11s [s6:a0]          END   web_search(recent advances in quantum error correct) (1.81s)
  [BACKOFF] s6:a0:web_search rate limited, retry #1 in 1.05s
  [BACKOFF] s6:a0:web_search rate limited, retry #2 in 2.26s
  [BACKOFF] s8:a0:agent_turn rate limited, retry #7 in 30.99s
  [BACKOFF] s9:a2:web_search rate limited, retry #6 in 37.51s
  [BACKOFF] s7:orch:breakdown rate limited, retry #8 in 36.10s
  [BACKOFF] s6:a2:web_search rate limited, retry #6 in 36.00s
  [BACKOFF] s6:a0:web_search rate limited, retry #3 in 5.01s
  [BACKOFF] s9:a1:web_search rate limited, retry #7 in 39.00s
  [BACKOFF] s5:a3:agent_turn rate limited, retry #8 in 42.07s
  [BACKOFF] s5:a4:agent_turn rate limited, retry #8 in 33.77s
  [BACKOFF] s6:a4:agent_turn rate limited, retry #8 in 30.06s
  [BACKOFF] s6:a0:web_search rate limited, retry #4 in 11.28s
  423.04s [s6:a1]          START web_search(Recent developments in experimental quan) (7 retries)
  424.93s [s6:a1]          END   web_search(Recent developments in experimental quan) (1.89s)
  424.93s [s6:a1]          START web_search(Evolution of experimental quantum error )
  426.98s [s6:a1]          END   web_search(Evolution of experimental quantum error ) (2.05s)
  426.98s [s6:a1]          START agent_turn(round-1)
  428.52s [s6:a1]          END   agent_turn(round-1) (1.54s)
  430.71s [s6:a0]          START web_search(efficiencies of quantum error correction) (4 retries)
  432.41s [s6:a0]          END   web_search(efficiencies of quantum error correction) (1.70s)
  432.41s [s6:a0]          START agent_turn(round-1)
  434.54s [s6:a0]          END   agent_turn(round-1) (2.13s)
  443.83s [s8:a0]          START agent_turn(round-0) (7 retries)
  444.90s [s8:a0]          END   agent_turn(round-0) (1.08s)
  444.90s [s8:a0]          START web_search(recent developments in quantum error cor)
  447.47s [s8:a0]          END   web_search(recent developments in quantum error cor) (2.57s)
  447.47s [s8:a0]          START web_search(capabilities of latest quantum error cor)
  448.51s [s6:a4]          START agent_turn(round-0) (8 retries)
  449.51s [s6:a4]          END   agent_turn(round-0) (1.01s)
  449.51s [s6:a4]          START web_search(remaining challenges for scalable quantu)
  449.62s [s8:a0]          END   web_search(capabilities of latest quantum error cor) (2.14s)
  449.62s [s8:a0]          START agent_turn(round-1)
  449.88s [s7:orch]        START breakdown (8 retries)
  450.03s [s6:a2]          START web_search(latest developments in fault tolerant qu) (6 retries)
  450.37s [s5:a4]          START agent_turn(round-1) (8 retries)
  450.59s [s7:orch]        END   breakdown (0.71s)
  450.59s [s7:a0]          START agent_turn(round-0)
  450.60s [s7:a1]          START agent_turn(round-0)
  450.60s [s7:a2]          START agent_turn(round-0)
  450.60s [s7:a3]          START agent_turn(round-0)
  450.60s [s7:a4]          START agent_turn(round-0)
  450.92s [s9:a2]          START web_search(deep-sea mining effects on carbon seques) (6 retries)
  451.36s [s7:a4]          END   agent_turn(round-0) (0.76s)
  451.36s [s7:a4]          START web_search(Mitigation strategies for deep-sea minin)
  451.43s [s7:a2]          END   agent_turn(round-0) (0.83s)
  451.43s [s7:a2]          START web_search(long-term ecological consequences of min)
  451.45s [s7:a1]          END   agent_turn(round-0) (0.86s)
  451.45s [s7:a1]          START web_search(Impact of deep-sea mining on sediment di)
  451.46s [s7:a3]          END   agent_turn(round-0) (0.86s)
  451.46s [s7:a3]          START web_search(impact of deep-sea mining on ocean carbo)
  451.53s [s7:a0]          END   agent_turn(round-0) (0.94s)
  451.53s [s7:a0]          START web_search(potential effects of deep-sea mining on )
  451.57s [s6:a4]          END   web_search(remaining challenges for scalable quantu) (2.06s)
  [BACKOFF] s6:a4:web_search rate limited, retry #1 in 1.33s
  [BACKOFF] s9:a3:agent_turn rate limited, retry #8 in 32.75s
  452.07s [s8:a0]          END   agent_turn(round-1) (2.46s)
  [BACKOFF] s8:orch:synthesis rate limited, retry #1 in 1.03s
  452.19s [s6:a2]          END   web_search(latest developments in fault tolerant qu) (2.15s)
  [BACKOFF] s6:a2:agent_turn rate limited, retry #1 in 1.47s
  452.31s [s5:a4]          END   agent_turn(round-1) (1.94s)
  452.52s [s9:a2]          END   web_search(deep-sea mining effects on carbon seques) (1.60s)
  [BACKOFF] s9:a2:agent_turn rate limited, retry #1 in 1.41s
  [BACKOFF] s6:a4:web_search rate limited, retry #2 in 2.54s
  453.10s [s7:a4]          END   web_search(Mitigation strategies for deep-sea minin) (1.74s)
  [BACKOFF] s7:a4:web_search rate limited, retry #1 in 1.32s
  [BACKOFF] s8:orch:synthesis rate limited, retry #2 in 2.39s
  453.50s [s7:a3]          END   web_search(impact of deep-sea mining on ocean carbo) (2.04s)
  [BACKOFF] s7:a3:web_search rate limited, retry #1 in 1.28s
  453.51s [s7:a1]          END   web_search(Impact of deep-sea mining on sediment di) (2.05s)
  [BACKOFF] s7:a1:web_search rate limited, retry #1 in 1.41s
  [BACKOFF] s6:a2:agent_turn rate limited, retry #2 in 2.17s
  [BACKOFF] s9:a1:web_search rate limited, retry #8 in 32.20s
  [BACKOFF] s9:a2:agent_turn rate limited, retry #2 in 2.83s
  454.02s [s7:a2]          END   web_search(long-term ecological consequences of min) (2.59s)
  [BACKOFF] s7:a2:web_search rate limited, retry #1 in 1.38s
  454.02s [s7:a0]          END   web_search(potential effects of deep-sea mining on ) (2.49s)
  [BACKOFF] s7:a0:web_search rate limited, retry #1 in 1.21s
  [BACKOFF] s7:a4:web_search rate limited, retry #2 in 2.42s
  [BACKOFF] s7:a3:web_search rate limited, retry #2 in 2.07s
  454.92s [s7:a1]          START web_search(Environmental effects of deep-sea mining) (1 retries)
  [BACKOFF] s7:a0:web_search rate limited, retry #2 in 2.21s
  [BACKOFF] s7:a2:web_search rate limited, retry #2 in 2.26s
  [BACKOFF] s6:a4:web_search rate limited, retry #3 in 5.97s
  [BACKOFF] s8:orch:synthesis rate limited, retry #3 in 4.86s
  [BACKOFF] s6:a2:agent_turn rate limited, retry #3 in 5.75s
  456.76s [s9:a2]          START agent_turn(round-1) (2 retries)
  [BACKOFF] s7:a4:web_search rate limited, retry #3 in 4.63s
  [BACKOFF] s7:a3:web_search rate limited, retry #3 in 5.16s
  [BACKOFF] s5:a3:agent_turn rate limited, retry #9 in 36.08s
  457.19s [s7:a1]          END   web_search(Environmental effects of deep-sea mining) (2.27s)
  [BACKOFF] s7:a1:agent_turn rate limited, retry #1 in 1.22s
  [BACKOFF] s7:a0:web_search rate limited, retry #3 in 4.86s
  [BACKOFF] s7:a2:web_search rate limited, retry #3 in 4.05s
  458.41s [s7:a1]          START agent_turn(round-1) (1 retries)
  458.70s [s9:a2]          END   agent_turn(round-1) (1.94s)
  [BACKOFF] s8:orch:synthesis rate limited, retry #4 in 10.28s
  460.58s [s7:a1]          END   agent_turn(round-1) (2.16s)
  461.41s [s6:a4]          START web_search(future directions in quantum error corre) (3 retries)
  [BACKOFF] s7:a4:web_search rate limited, retry #4 in 8.06s
  [BACKOFF] s6:a2:agent_turn rate limited, retry #4 in 10.76s
  [BACKOFF] s7:a2:web_search rate limited, retry #4 in 10.53s
  [BACKOFF] s7:a3:web_search rate limited, retry #4 in 10.54s
  [BACKOFF] s7:a0:web_search rate limited, retry #4 in 9.92s
  463.17s [s6:a4]          END   web_search(future directions in quantum error corre) (1.76s)
  [BACKOFF] s6:a4:agent_turn rate limited, retry #1 in 1.29s
  [BACKOFF] s6:a4:agent_turn rate limited, retry #2 in 2.63s
  [BACKOFF] s6:a4:agent_turn rate limited, retry #3 in 5.96s
  469.54s [s7:a4]          START web_search(Regulatory frameworks for deep-sea minin) (4 retries)
  [BACKOFF] s8:orch:synthesis rate limited, retry #5 in 17.63s
  471.84s [s7:a4]          END   web_search(Regulatory frameworks for deep-sea minin) (2.29s)
  [BACKOFF] s7:a4:agent_turn rate limited, retry #1 in 1.22s
  [BACKOFF] s7:a0:web_search rate limited, retry #5 in 17.49s
  [BACKOFF] s7:a2:web_search rate limited, retry #5 in 23.44s
  [BACKOFF] s6:a2:agent_turn rate limited, retry #5 in 18.97s
  [BACKOFF] s7:a3:web_search rate limited, retry #5 in 18.23s
  [BACKOFF] s7:a4:agent_turn rate limited, retry #2 in 2.84s
  [BACKOFF] s6:a4:agent_turn rate limited, retry #4 in 9.14s
  [BACKOFF] s7:a4:agent_turn rate limited, retry #3 in 6.00s
  [BACKOFF] s7:a4:agent_turn rate limited, retry #4 in 9.77s
  [BACKOFF] s6:a4:agent_turn rate limited, retry #5 in 17.03s
  484.76s [s9:a3]          START agent_turn(round-0) (8 retries)
  485.56s [s9:a3]          END   agent_turn(round-0) (0.80s)
  485.56s [s9:a3]          START web_search(impact of deep-sea mining on commercial )
  [BACKOFF] s9:a1:web_search rate limited, retry #9 in 35.20s
  487.71s [s9:a3]          END   web_search(impact of deep-sea mining on commercial ) (2.15s)
  487.71s [s9:a3]          START web_search(environmental effects of deep-sea mining)
  [BACKOFF] s8:orch:synthesis rate limited, retry #6 in 33.58s
  [BACKOFF] s7:a0:web_search rate limited, retry #6 in 42.36s
  490.68s [s9:a3]          END   web_search(environmental effects of deep-sea mining) (2.97s)
  [BACKOFF] s9:a3:agent_turn rate limited, retry #1 in 1.00s
  490.80s [s7:a3]          START web_search(deep-sea mining effects on ocean carbon ) (5 retries)
  [BACKOFF] s6:a2:agent_turn rate limited, retry #6 in 41.82s
  [BACKOFF] s7:a4:agent_turn rate limited, retry #5 in 20.69s
  [BACKOFF] s9:a3:agent_turn rate limited, retry #2 in 2.03s
  493.22s [s5:a3]          START agent_turn(round-1) (9 retries)
  [BACKOFF] s9:a3:agent_turn rate limited, retry #3 in 5.11s
  494.04s [s7:a3]          END   web_search(deep-sea mining effects on ocean carbon ) (3.25s)
  [BACKOFF] s7:a3:agent_turn rate limited, retry #1 in 1.20s
  [BACKOFF] s7:a3:agent_turn rate limited, retry #2 in 2.75s
  [BACKOFF] s7:a2:web_search rate limited, retry #6 in 40.51s
  496.52s [s5:a3]          END   agent_turn(round-1) (3.30s)
  [BACKOFF] s5:orch:synthesis rate limited, retry #1 in 1.13s
  [BACKOFF] s5:orch:synthesis rate limited, retry #2 in 2.91s
  [BACKOFF] s7:a3:agent_turn rate limited, retry #3 in 4.35s
  [BACKOFF] s9:a3:agent_turn rate limited, retry #4 in 11.24s
  [BACKOFF] s6:a4:agent_turn rate limited, retry #6 in 31.43s
  [BACKOFF] s5:orch:synthesis rate limited, retry #3 in 5.85s
  [BACKOFF] s7:a3:agent_turn rate limited, retry #4 in 9.01s
  506.41s [s5:orch]        START synthesis (3 retries)
  510.06s [s9:a3]          START agent_turn(round-1) (4 retries)
  511.36s [s7:a3]          START agent_turn(round-1) (4 retries)
  512.36s [s7:a4]          START agent_turn(round-1) (5 retries)
  512.38s [s5:orch]        END   synthesis (5.97s)
  512.38s [s5:r0]          START review_citations
  512.38s [s5:r1]          START review_style
  512.38s [s5:r2]          START review_facts
  512.70s [s9:a3]          END   agent_turn(round-1) (2.64s)
  514.13s [s7:a3]          END   agent_turn(round-1) (2.76s)
  515.36s [s7:a4]          END   agent_turn(round-1) (2.99s)
  519.57s [s5:r0]          END   review_citations (7.19s)
  520.41s [s5:r2]          END   review_facts (8.03s)
  521.07s [s9:a1]          START web_search(Environmental impacts of deep-sea mining) (9 retries)
  521.86s [s8:orch]        START synthesis (6 retries)
  521.94s [s5:r1]          END   review_style (9.56s)
  521.94s [s5:orch]        START finalize
  523.24s [s9:a1]          END   web_search(Environmental impacts of deep-sea mining) (2.17s)
  523.24s [s9:a1]          START agent_turn(round-1)
  524.97s [s9:a1]          END   agent_turn(round-1) (1.73s)
  524.97s [s9:orch]        START synthesis
  528.46s [s8:orch]        END   synthesis (6.61s)
  528.47s [s8:r0]          START review_citations
  528.47s [s8:r1]          START review_style
  528.47s [s8:r2]          START review_facts
  528.50s [s5:orch]        END   finalize (6.56s)
  [batch=1 session=5] done in 235.5s
  529.90s [s9:orch]        END   synthesis (4.93s)
  529.90s [s9:r0]          START review_citations
  529.90s [s9:r1]          START review_style
  529.90s [s9:r2]          START review_facts
  530.67s [s6:a4]          START agent_turn(round-1) (6 retries)
  532.08s [s7:a0]          START web_search(impact of deep-sea mining on marine ecos) (6 retries)
  533.07s [s6:a4]          END   agent_turn(round-1) (2.40s)
  533.14s [s6:a2]          START agent_turn(round-1) (6 retries)
  534.20s [s7:a0]          END   web_search(impact of deep-sea mining on marine ecos) (2.12s)
  534.20s [s7:a0]          START agent_turn(round-1)
  534.61s [s6:a2]          END   agent_turn(round-1) (1.47s)
  534.61s [s6:orch]        START synthesis
  535.22s [s8:r1]          END   review_style (6.75s)
  535.99s [s7:a0]          END   agent_turn(round-1) (1.80s)
  536.21s [s7:a2]          START web_search(impact of deep-sea mining on biodiversit) (6 retries)
  536.55s [s9:r1]          END   review_style (6.65s)
  537.90s [s8:r2]          END   review_facts (9.43s)
  538.03s [s7:a2]          END   web_search(impact of deep-sea mining on biodiversit) (1.82s)
  538.03s [s7:a2]          START agent_turn(round-1)
  538.10s [s8:r0]          END   review_citations (9.63s)
  [BACKOFF] s8:orch:finalize rate limited, retry #1 in 1.08s
  [BACKOFF] s8:orch:finalize rate limited, retry #2 in 2.34s
  539.83s [s9:r2]          END   review_facts (9.93s)
  540.14s [s6:orch]        END   synthesis (5.53s)
  [BACKOFF] s6:r0:review_citations rate limited, retry #1 in 1.06s
  [BACKOFF] s6:r1:review_style rate limited, retry #1 in 1.35s
  [BACKOFF] s6:r2:review_facts rate limited, retry #1 in 1.06s
  540.65s [s9:r0]          END   review_citations (10.75s)
  [BACKOFF] s9:orch:finalize rate limited, retry #1 in 1.37s
  [BACKOFF] s6:r0:review_citations rate limited, retry #2 in 2.71s
  [BACKOFF] s6:r2:review_facts rate limited, retry #2 in 2.71s
  541.40s [s7:a2]          END   agent_turn(round-1) (3.37s)
  [BACKOFF] s7:orch:synthesis rate limited, retry #1 in 1.39s
  [BACKOFF] s6:r1:review_style rate limited, retry #2 in 2.73s
  [BACKOFF] s8:orch:finalize rate limited, retry #3 in 5.81s
  [BACKOFF] s9:orch:finalize rate limited, retry #2 in 2.24s
  [BACKOFF] s7:orch:synthesis rate limited, retry #2 in 2.43s
  [BACKOFF] s6:r0:review_citations rate limited, retry #3 in 4.66s
  [BACKOFF] s6:r2:review_facts rate limited, retry #3 in 4.82s
  [BACKOFF] s6:r1:review_style rate limited, retry #3 in 4.06s
  [BACKOFF] s9:orch:finalize rate limited, retry #3 in 4.61s
  545.22s [s7:orch]        START synthesis (2 retries)
  547.34s [s8:orch]        START finalize (3 retries)
  548.28s [s6:r1]          START review_style (3 retries)
  [BACKOFF] s6:r0:review_citations rate limited, retry #4 in 11.41s
  [BACKOFF] s6:r2:review_facts rate limited, retry #4 in 8.96s
  [BACKOFF] s9:orch:finalize rate limited, retry #4 in 11.97s
  549.25s [s7:orch]        END   synthesis (4.03s)
  [BACKOFF] s7:r0:review_citations rate limited, retry #1 in 1.49s
  [BACKOFF] s7:r1:review_style rate limited, retry #1 in 1.18s
  [BACKOFF] s7:r2:review_facts rate limited, retry #1 in 1.49s
  [BACKOFF] s7:r1:review_style rate limited, retry #2 in 2.97s
  [BACKOFF] s7:r2:review_facts rate limited, retry #2 in 2.67s
  [BACKOFF] s7:r0:review_citations rate limited, retry #2 in 2.77s
  553.40s [s7:r1]          START review_style (2 retries)
  553.41s [s7:r2]          START review_facts (2 retries)
  [BACKOFF] s7:r0:review_citations rate limited, retry #3 in 4.10s
  554.69s [s6:r1]          END   review_style (6.41s)
  556.52s [s7:r1]          END   review_style (3.12s)
  556.63s [s8:orch]        END   finalize (9.29s)
  [batch=1 session=8] done in 251.6s
  [BACKOFF] s7:r0:review_citations rate limited, retry #4 in 9.64s
  [BACKOFF] s6:r2:review_facts rate limited, retry #5 in 21.09s
  [BACKOFF] s6:r0:review_citations rate limited, retry #5 in 17.24s
  560.62s [s7:r2]          END   review_facts (7.21s)
  [BACKOFF] s9:orch:finalize rate limited, retry #5 in 19.91s
  567.26s [s7:r0]          START review_citations (4 retries)
  576.56s [s7:r0]          END   review_citations (9.30s)
  576.56s [s7:orch]        START finalize
  577.22s [s6:r0]          START review_citations (5 retries)
  578.78s [s6:r2]          START review_facts (5 retries)
  580.76s [s9:orch]        START finalize (5 retries)
  582.02s [s7:orch]        END   finalize (5.46s)
  [batch=1 session=7] done in 281.0s
  585.45s [s6:r2]          END   review_facts (6.67s)
  585.57s [s6:r0]          END   review_citations (8.36s)
  585.57s [s6:orch]        START finalize
  592.67s [s9:orch]        END   finalize (11.91s)
  [batch=1 session=9] done in 283.6s
  596.97s [s6:orch]        END   finalize (11.40s)
  [batch=1 session=6] done in 299.9s

============================================================
 BATCH 1 SUMMARY  (5 ok / 0 failed)
============================================================
  Session durations (successful):
    count  = 5
    mean   = 270.32s
    median = 280.98s
    p95    = 299.93s
    min    = 235.46s
    max    = 299.93s
    stdev  = 26.14s

============================================================
 BATCH 2: launching 5 sessions
 Arrival delays: 0.0s, 4.0s, 8.0s, 12.0s, 16.0s
============================================================
  596.97s [s10:orch]       START breakdown
  597.89s [s10:orch]       END   breakdown (0.92s)
  597.89s [s10:a0]         START agent_turn(round-0)
  597.90s [s10:a1]         START agent_turn(round-0)
  597.90s [s10:a2]         START agent_turn(round-0)
  597.90s [s10:a3]         START agent_turn(round-0)
  597.90s [s10:a4]         START agent_turn(round-0)
  598.51s [s10:a4]         END   agent_turn(round-0) (0.61s)
  598.51s [s10:a4]         START web_search(Comparison of large language models and )
  598.68s [s10:a0]         END   agent_turn(round-0) (0.79s)
  598.68s [s10:a0]         START web_search(Roles of large language models in drug t)
  598.68s [s10:a2]         END   agent_turn(round-0) (0.79s)
  598.68s [s10:a2]         START web_search(How do large language models assist in p)
  598.69s [s10:a3]         END   agent_turn(round-0) (0.79s)
  598.69s [s10:a3]         START web_search(challenges and limitations of applying l)
  599.22s [s10:a1]         END   agent_turn(round-0) (1.33s)
  599.22s [s10:a1]         START web_search(use of large language models in design a)
  600.35s [s10:a2]         END   web_search(How do large language models assist in p) (1.67s)
  600.35s [s10:a2]         START web_search(Applications of large language models in)
  600.43s [s10:a3]         END   web_search(challenges and limitations of applying l) (1.74s)
  600.43s [s10:a3]         START web_search(limitations of large language models in )
  600.79s [s10:a4]         END   web_search(Comparison of large language models and ) (2.28s)
  600.79s [s10:a4]         START agent_turn(round-1)
  600.82s [s10:a0]         END   web_search(Roles of large language models in drug t) (2.14s)
  600.82s [s10:a0]         START web_search(Large language models applications in dr)
  600.97s [s11:orch]       START breakdown
  601.58s [s10:a1]         END   web_search(use of large language models in design a) (2.35s)
  601.58s [s10:a1]         START web_search(applications of large language models in)
  601.83s [s11:orch]       END   breakdown (0.85s)
  601.83s [s11:a0]         START agent_turn(round-0)
  601.83s [s11:a1]         START agent_turn(round-0)
  [BACKOFF] s11:a2:agent_turn rate limited, retry #1 in 1.32s
  [BACKOFF] s11:a3:agent_turn rate limited, retry #1 in 1.49s
  [BACKOFF] s11:a4:agent_turn rate limited, retry #1 in 1.38s
  602.19s [s10:a3]         END   web_search(limitations of large language models in ) (1.76s)
  [BACKOFF] s10:a3:agent_turn rate limited, retry #1 in 1.45s
  602.19s [s10:a4]         END   agent_turn(round-1) (1.41s)
  [BACKOFF] s10:a4:summarize rate limited, retry #1 in 1.43s
  602.40s [s10:a2]         END   web_search(Applications of large language models in) (2.05s)
  [BACKOFF] s10:a2:agent_turn rate limited, retry #1 in 1.34s
  602.53s [s11:a1]         END   agent_turn(round-0) (0.70s)
  [BACKOFF] s11:a1:web_search rate limited, retry #1 in 1.42s
  602.91s [s11:a0]         END   agent_turn(round-0) (1.08s)
  [BACKOFF] s11:a0:web_search rate limited, retry #1 in 1.36s
  603.10s [s10:a0]         END   web_search(Large language models applications in dr) (2.29s)
  [BACKOFF] s10:a0:agent_turn rate limited, retry #1 in 1.30s
  [BACKOFF] s11:a2:agent_turn rate limited, retry #2 in 2.28s
  [BACKOFF] s11:a4:agent_turn rate limited, retry #2 in 2.40s
  603.30s [s10:a1]         END   web_search(applications of large language models in) (1.72s)
  [BACKOFF] s10:a1:agent_turn rate limited, retry #1 in 1.29s
  [BACKOFF] s11:a3:agent_turn rate limited, retry #2 in 2.90s
  [BACKOFF] s10:a4:summarize rate limited, retry #2 in 2.78s
  [BACKOFF] s10:a3:agent_turn rate limited, retry #2 in 2.32s
  [BACKOFF] s10:a2:agent_turn rate limited, retry #2 in 2.33s
  [BACKOFF] s11:a1:web_search rate limited, retry #2 in 2.88s
  [BACKOFF] s11:a0:web_search rate limited, retry #2 in 2.72s
  [BACKOFF] s10:a0:agent_turn rate limited, retry #2 in 2.20s
  [BACKOFF] s10:a1:agent_turn rate limited, retry #2 in 2.36s
  [BACKOFF] s12:orch:breakdown rate limited, retry #1 in 1.45s
  605.44s [s11:a2]         START agent_turn(round-0) (2 retries)
  [BACKOFF] s11:a4:agent_turn rate limited, retry #3 in 4.10s
  [BACKOFF] s10:a3:agent_turn rate limited, retry #3 in 4.64s
  [BACKOFF] s10:a2:agent_turn rate limited, retry #3 in 5.34s
  606.19s [s11:a2]         END   agent_turn(round-0) (0.75s)
  [BACKOFF] s11:a2:web_search rate limited, retry #1 in 1.28s
  [BACKOFF] s11:a3:agent_turn rate limited, retry #3 in 4.10s
  [BACKOFF] s10:a4:summarize rate limited, retry #3 in 4.33s
  [BACKOFF] s12:orch:breakdown rate limited, retry #2 in 2.58s
  [BACKOFF] s10:a0:agent_turn rate limited, retry #3 in 4.63s
  [BACKOFF] s11:a1:web_search rate limited, retry #3 in 5.58s
  [BACKOFF] s10:a1:agent_turn rate limited, retry #3 in 4.06s
  [BACKOFF] s11:a0:web_search rate limited, retry #3 in 4.77s
  607.47s [s11:a2]         START web_search(challenges in achieving fault-tolerant q) (1 retries)
  608.97s [s13:orch]       START breakdown
  [BACKOFF] s12:orch:breakdown rate limited, retry #3 in 5.44s
  609.36s [s11:a2]         END   web_search(challenges in achieving fault-tolerant q) (1.89s)
  [BACKOFF] s11:a2:web_search rate limited, retry #1 in 1.46s
  [BACKOFF] s11:a4:agent_turn rate limited, retry #4 in 8.42s
  609.77s [s13:orch]       END   breakdown (0.79s)
  [BACKOFF] s13:a0:agent_turn rate limited, retry #1 in 1.18s
  [BACKOFF] s13:a1:agent_turn rate limited, retry #1 in 1.40s
  [BACKOFF] s13:a2:agent_turn rate limited, retry #1 in 1.41s
  [BACKOFF] s13:a3:agent_turn rate limited, retry #1 in 1.42s
  [BACKOFF] s13:a4:agent_turn rate limited, retry #1 in 1.09s
  [BACKOFF] s11:a3:agent_turn rate limited, retry #4 in 11.91s
  [BACKOFF] s10:a3:agent_turn rate limited, retry #4 in 10.02s
  [BACKOFF] s10:a4:summarize rate limited, retry #4 in 11.90s
  [BACKOFF] s11:a2:web_search rate limited, retry #2 in 2.51s
  [BACKOFF] s13:a4:agent_turn rate limited, retry #2 in 2.42s
  [BACKOFF] s13:a0:agent_turn rate limited, retry #2 in 2.09s
  [BACKOFF] s10:a1:agent_turn rate limited, retry #4 in 8.29s
  [BACKOFF] s13:a1:agent_turn rate limited, retry #2 in 2.38s
  [BACKOFF] s13:a2:agent_turn rate limited, retry #2 in 2.05s
  [BACKOFF] s13:a3:agent_turn rate limited, retry #2 in 2.50s
  [BACKOFF] s10:a0:agent_turn rate limited, retry #4 in 11.52s
  [BACKOFF] s10:a2:agent_turn rate limited, retry #4 in 10.68s
  [BACKOFF] s11:a0:web_search rate limited, retry #4 in 9.80s
  [BACKOFF] s11:a1:web_search rate limited, retry #4 in 9.72s
  [BACKOFF] s14:orch:breakdown rate limited, retry #1 in 1.47s
  [BACKOFF] s13:a0:agent_turn rate limited, retry #3 in 5.52s
  [BACKOFF] s13:a2:agent_turn rate limited, retry #3 in 5.27s
  [BACKOFF] s13:a4:agent_turn rate limited, retry #3 in 5.94s
  [BACKOFF] s11:a2:web_search rate limited, retry #3 in 4.45s
  613.54s [s13:a1]         START agent_turn(round-0) (2 retries)
  613.70s [s13:a3]         START agent_turn(round-0) (2 retries)
  614.27s [s13:a1]         END   agent_turn(round-0) (0.72s)
  [BACKOFF] s13:a1:web_search rate limited, retry #1 in 1.03s
  [BACKOFF] s14:orch:breakdown rate limited, retry #2 in 2.72s
  [BACKOFF] s12:orch:breakdown rate limited, retry #4 in 11.36s
  614.46s [s13:a3]         END   agent_turn(round-0) (0.77s)
  [BACKOFF] s13:a3:web_search rate limited, retry #1 in 1.11s
  [BACKOFF] s13:a1:web_search rate limited, retry #2 in 2.70s
  [BACKOFF] s13:a3:web_search rate limited, retry #2 in 2.38s
  [BACKOFF] s14:orch:breakdown rate limited, retry #3 in 5.45s
  [BACKOFF] s11:a2:web_search rate limited, retry #4 in 8.31s
  [BACKOFF] s13:a3:web_search rate limited, retry #3 in 5.05s
  [BACKOFF] s13:a1:web_search rate limited, retry #3 in 5.66s
  [BACKOFF] s11:a4:agent_turn rate limited, retry #5 in 19.51s
  [BACKOFF] s13:a2:agent_turn rate limited, retry #4 in 8.99s
  [BACKOFF] s13:a0:agent_turn rate limited, retry #4 in 11.69s
  [BACKOFF] s13:a4:agent_turn rate limited, retry #4 in 10.28s
  [BACKOFF] s10:a1:agent_turn rate limited, retry #5 in 19.50s
  [BACKOFF] s10:a3:agent_turn rate limited, retry #5 in 17.77s
  [BACKOFF] s11:a0:web_search rate limited, retry #5 in 16.14s
  [BACKOFF] s10:a2:agent_turn rate limited, retry #5 in 22.26s
  [BACKOFF] s11:a1:web_search rate limited, retry #5 in 20.87s
  [BACKOFF] s11:a3:agent_turn rate limited, retry #5 in 18.99s
  [BACKOFF] s14:orch:breakdown rate limited, retry #4 in 11.13s
  [BACKOFF] s10:a4:summarize rate limited, retry #5 in 17.50s
  [BACKOFF] s10:a0:agent_turn rate limited, retry #5 in 19.81s
  [BACKOFF] s13:a3:web_search rate limited, retry #4 in 10.74s
  [BACKOFF] s13:a1:web_search rate limited, retry #4 in 10.73s
  [BACKOFF] s12:orch:breakdown rate limited, retry #5 in 16.48s
  [BACKOFF] s11:a2:web_search rate limited, retry #5 in 17.69s
  627.49s [s13:a2]         START agent_turn(round-0) (4 retries)
  628.92s [s13:a2]         END   agent_turn(round-0) (1.43s)
  [BACKOFF] s13:a2:web_search rate limited, retry #1 in 1.49s
  [BACKOFF] s13:a4:agent_turn rate limited, retry #5 in 21.87s
  [BACKOFF] s13:a0:agent_turn rate limited, retry #5 in 22.31s
  [BACKOFF] s13:a2:web_search rate limited, retry #2 in 2.87s
  [BACKOFF] s13:a2:web_search rate limited, retry #3 in 4.92s
  [BACKOFF] s13:a3:web_search rate limited, retry #5 in 18.83s
  [BACKOFF] s14:orch:breakdown rate limited, retry #5 in 17.26s
  [BACKOFF] s13:a1:web_search rate limited, retry #5 in 21.15s
  637.64s [s11:a4]         START agent_turn(round-0) (5 retries)
  637.71s [s11:a0]         START web_search(Recent theoretical developments in quant) (5 retries)
  [BACKOFF] s13:a2:web_search rate limited, retry #4 in 11.34s
  638.31s [s11:a4]         END   agent_turn(round-0) (0.67s)
  [BACKOFF] s11:a4:web_search rate limited, retry #1 in 1.13s
  [BACKOFF] s10:a3:agent_turn rate limited, retry #6 in 38.13s
  638.80s [s10:a1]         START agent_turn(round-1) (5 retries)
  639.37s [s11:a0]         END   web_search(Recent theoretical developments in quant) (1.66s)
  [BACKOFF] s11:a0:web_search rate limited, retry #1 in 1.29s
  [BACKOFF] s11:a4:web_search rate limited, retry #2 in 2.81s
  [BACKOFF] s10:a4:summarize rate limited, retry #6 in 37.80s
  [BACKOFF] s11:a0:web_search rate limited, retry #2 in 2.19s
  641.24s [s11:a3]         START agent_turn(round-0) (5 retries)
  641.25s [s10:a1]         END   agent_turn(round-1) (2.46s)
  641.85s [s11:a3]         END   agent_turn(round-0) (0.61s)
  [BACKOFF] s11:a3:web_search rate limited, retry #1 in 1.01s
  [BACKOFF] s11:a4:web_search rate limited, retry #3 in 4.85s
  [BACKOFF] s12:orch:breakdown rate limited, retry #6 in 30.18s
  [BACKOFF] s10:a0:agent_turn rate limited, retry #6 in 31.44s
  [BACKOFF] s11:a0:web_search rate limited, retry #3 in 5.51s
  [BACKOFF] s11:a3:web_search rate limited, retry #2 in 2.51s
  [BACKOFF] s11:a1:web_search rate limited, retry #6 in 41.43s
  [BACKOFF] s11:a2:web_search rate limited, retry #6 in 30.87s
  [BACKOFF] s10:a2:agent_turn rate limited, retry #6 in 43.28s
  [BACKOFF] s11:a3:web_search rate limited, retry #3 in 5.53s
  647.11s [s11:a4]         START web_search(Impact of noise models and environment i) (3 retries)
  [BACKOFF] s11:a0:web_search rate limited, retry #4 in 9.76s
  649.09s [s11:a4]         END   web_search(Impact of noise models and environment i) (1.99s)
  [BACKOFF] s11:a4:web_search rate limited, retry #1 in 1.39s
  [BACKOFF] s13:a2:web_search rate limited, retry #5 in 16.75s
  [BACKOFF] s11:a4:web_search rate limited, retry #2 in 2.30s
  [BACKOFF] s11:a3:web_search rate limited, retry #4 in 11.03s
  [BACKOFF] s14:orch:breakdown rate limited, retry #6 in 30.53s
  [BACKOFF] s13:a4:agent_turn rate limited, retry #6 in 39.34s
  [BACKOFF] s13:a0:agent_turn rate limited, retry #6 in 33.81s
  [BACKOFF] s13:a3:web_search rate limited, retry #6 in 32.91s
  [BACKOFF] s11:a4:web_search rate limited, retry #3 in 4.22s
  [BACKOFF] s13:a1:web_search rate limited, retry #6 in 40.55s
  657.00s [s11:a4]         START web_search(Quantum error correction strategies and ) (3 retries)
  658.12s [s11:a0]         START web_search(Latest research on surface codes in quan) (4 retries)
  659.34s [s11:a4]         END   web_search(Quantum error correction strategies and ) (2.33s)
  659.34s [s11:a4]         START agent_turn(round-1)
  660.05s [s11:a0]         END   web_search(Latest research on surface codes in quan) (1.93s)
  660.05s [s11:a0]         START web_search(Recent advancements in concatenated quan)
  661.77s [s11:a4]         END   agent_turn(round-1) (2.43s)
  661.93s [s11:a3]         START web_search(emerging algorithms for error detection ) (4 retries)
  662.71s [s11:a0]         END   web_search(Recent advancements in concatenated quan) (2.66s)
  662.71s [s11:a0]         START agent_turn(round-1)
  663.98s [s11:a3]         END   web_search(emerging algorithms for error detection ) (2.04s)
  663.98s [s11:a3]         START web_search(how algorithms improve speed and efficie)
  665.27s [s11:a0]         END   agent_turn(round-1) (2.56s)
  666.30s [s13:a2]         START web_search(experimental implementations and validat) (5 retries)
  666.33s [s11:a3]         END   web_search(how algorithms improve speed and efficie) (2.35s)
  666.33s [s11:a3]         START agent_turn(round-1)
  668.24s [s11:a3]         END   agent_turn(round-1) (1.91s)
  668.76s [s13:a2]         END   web_search(experimental implementations and validat) (2.46s)
  668.76s [s13:a2]         START web_search(recent research on quantum error correct)
  671.24s [s13:a2]         END   web_search(recent research on quantum error correct) (2.48s)
  671.24s [s13:a2]         START agent_turn(round-1)
  672.47s [s12:orch]       START breakdown (6 retries)
  673.36s [s13:a2]         END   agent_turn(round-1) (2.13s)
  673.52s [s12:orch]       END   breakdown (1.05s)
  673.52s [s12:a0]         START agent_turn(round-0)
  673.53s [s12:a1]         START agent_turn(round-0)
  673.53s [s12:a2]         START agent_turn(round-0)
  673.53s [s12:a3]         START agent_turn(round-0)
  673.53s [s12:a4]         START agent_turn(round-0)
  674.01s [s10:a0]         START agent_turn(round-1) (6 retries)
  674.22s [s12:a3]         END   agent_turn(round-0) (0.69s)
  674.22s [s12:a3]         START web_search(Recent advances in quantum error correct)
  674.26s [s12:a0]         END   agent_turn(round-0) (0.74s)
  674.26s [s12:a0]         START web_search(Recent theoretical developments in quant)
  674.33s [s12:a1]         END   agent_turn(round-0) (0.81s)
  674.33s [s12:a1]         START web_search(Evolution of experimental implementation)
  674.37s [s12:a4]         END   agent_turn(round-0) (0.84s)
  674.37s [s12:a4]         START web_search(Emerging challenges in integrating quant)
  674.37s [s12:a2]         END   agent_turn(round-0) (0.85s)
  674.37s [s12:a2]         START web_search(new techniques for detecting quantum err)
  674.65s [s11:a2]         START web_search(current research on quantum error correc) (6 retries)
  676.02s [s10:a0]         END   agent_turn(round-1) (2.02s)
  676.04s [s12:a0]         END   web_search(Recent theoretical developments in quant) (1.78s)
  [BACKOFF] s12:a0:web_search rate limited, retry #1 in 1.32s
  676.27s [s12:a2]         END   web_search(new techniques for detecting quantum err) (1.90s)
  [BACKOFF] s12:a2:web_search rate limited, retry #1 in 1.14s
  676.28s [s12:a4]         END   web_search(Emerging challenges in integrating quant) (1.91s)
  [BACKOFF] s12:a4:web_search rate limited, retry #1 in 1.15s
  676.35s [s12:a3]         END   web_search(Recent advances in quantum error correct) (2.13s)
  [BACKOFF] s12:a3:web_search rate limited, retry #1 in 1.48s
  [BACKOFF] s10:a3:agent_turn rate limited, retry #7 in 30.57s
  676.95s [s12:a1]         END   web_search(Evolution of experimental implementation) (2.61s)
  [BACKOFF] s12:a1:web_search rate limited, retry #1 in 1.15s
  677.36s [s11:a2]         END   web_search(current research on quantum error correc) (2.71s)
  [BACKOFF] s11:a2:agent_turn rate limited, retry #1 in 1.13s
  [BACKOFF] s12:a0:web_search rate limited, retry #2 in 2.46s
  [BACKOFF] s12:a2:web_search rate limited, retry #2 in 2.13s
  [BACKOFF] s12:a4:web_search rate limited, retry #2 in 2.88s
  [BACKOFF] s12:a3:web_search rate limited, retry #2 in 2.07s
  [BACKOFF] s10:a4:summarize rate limited, retry #7 in 30.56s
  [BACKOFF] s12:a1:web_search rate limited, retry #2 in 2.97s
  [BACKOFF] s11:a2:agent_turn rate limited, retry #2 in 2.30s
  [BACKOFF] s12:a2:web_search rate limited, retry #3 in 5.50s
  [BACKOFF] s12:a0:web_search rate limited, retry #3 in 5.12s
  [BACKOFF] s12:a3:web_search rate limited, retry #3 in 4.72s
  [BACKOFF] s12:a4:web_search rate limited, retry #3 in 4.10s
  [BACKOFF] s11:a2:agent_turn rate limited, retry #3 in 5.55s
  [BACKOFF] s12:a1:web_search rate limited, retry #3 in 5.85s
  [BACKOFF] s14:orch:breakdown rate limited, retry #7 in 35.68s
  [BACKOFF] s12:a4:web_search rate limited, retry #4 in 9.56s
  [BACKOFF] s11:a1:web_search rate limited, retry #7 in 33.58s
  [BACKOFF] s12:a3:web_search rate limited, retry #4 in 11.31s
  [BACKOFF] s12:a0:web_search rate limited, retry #4 in 9.75s
  [BACKOFF] s12:a2:web_search rate limited, retry #4 in 11.85s
  [BACKOFF] s13:a3:web_search rate limited, retry #7 in 35.58s
  [BACKOFF] s11:a2:agent_turn rate limited, retry #4 in 8.63s
  [BACKOFF] s13:a0:agent_turn rate limited, retry #7 in 32.31s
  [BACKOFF] s12:a1:web_search rate limited, retry #4 in 11.98s
  687.65s [s10:a2]         START agent_turn(round-1) (6 retries)
  690.26s [s10:a2]         END   agent_turn(round-1) (2.61s)
  [BACKOFF] s13:a4:agent_turn rate limited, retry #7 in 38.49s
  [BACKOFF] s12:a4:web_search rate limited, retry #5 in 19.28s
  [BACKOFF] s12:a0:web_search rate limited, retry #5 in 21.47s
  [BACKOFF] s11:a2:agent_turn rate limited, retry #5 in 20.01s
  [BACKOFF] s12:a3:web_search rate limited, retry #5 in 18.67s
  [BACKOFF] s13:a1:web_search rate limited, retry #7 in 37.75s
  [BACKOFF] s12:a2:web_search rate limited, retry #5 in 21.66s
  698.90s [s12:a1]         START web_search(Recent advances in quantum error correct) (4 retries)
  701.39s [s12:a1]         END   web_search(Recent advances in quantum error correct) (2.48s)
  701.39s [s12:a1]         START agent_turn(round-1)
  704.09s [s12:a1]         END   agent_turn(round-1) (2.71s)
  707.10s [s10:a3]         START agent_turn(round-1) (7 retries)
  708.51s [s10:a4]         START summarize(len=451) (7 retries)
  709.31s [s10:a4]         END   summarize(len=451) (0.80s)
  709.31s [s10:a4]         START summarize(len=356)
  709.34s [s10:a3]         END   agent_turn(round-1) (2.24s)
  709.92s [s10:a4]         END   summarize(len=356) (0.61s)
  [BACKOFF] s10:a4:agent_turn rate limited, retry #1 in 1.00s
  [BACKOFF] s10:a4:agent_turn rate limited, retry #2 in 2.44s
  [BACKOFF] s12:a4:web_search rate limited, retry #6 in 35.62s
  [BACKOFF] s10:a4:agent_turn rate limited, retry #3 in 4.62s
  [BACKOFF] s12:a3:web_search rate limited, retry #6 in 37.65s
  [BACKOFF] s11:a2:agent_turn rate limited, retry #6 in 44.37s
  [BACKOFF] s12:a0:web_search rate limited, retry #6 in 30.68s
  717.22s [s14:orch]       START breakdown (7 retries)
  [BACKOFF] s10:a4:agent_turn rate limited, retry #4 in 10.72s
  [BACKOFF] s11:a1:web_search rate limited, retry #8 in 30.90s
  718.49s [s14:orch]       END   breakdown (1.27s)
  718.49s [s14:a0]         START agent_turn(round-0)
  [BACKOFF] s14:a1:agent_turn rate limited, retry #1 in 1.11s
  [BACKOFF] s14:a2:agent_turn rate limited, retry #1 in 1.36s
  [BACKOFF] s14:a3:agent_turn rate limited, retry #1 in 1.12s
  [BACKOFF] s14:a4:agent_turn rate limited, retry #1 in 1.37s
  [BACKOFF] s12:a2:web_search rate limited, retry #6 in 43.39s
  [BACKOFF] s13:a0:agent_turn rate limited, retry #8 in 40.93s
  719.61s [s14:a1]         START agent_turn(round-0) (1 retries)
  [BACKOFF] s14:a3:agent_turn rate limited, retry #2 in 2.68s
  [BACKOFF] s14:a2:agent_turn rate limited, retry #2 in 2.50s
  719.86s [s14:a0]         END   agent_turn(round-0) (1.37s)
  [BACKOFF] s14:a0:web_search rate limited, retry #1 in 1.44s
  [BACKOFF] s14:a4:agent_turn rate limited, retry #2 in 2.27s
  720.67s [s14:a1]         END   agent_turn(round-0) (1.06s)
  720.67s [s14:a1]         START web_search(Comparison of efficiency and accuracy of)
  [BACKOFF] s13:a3:web_search rate limited, retry #8 in 34.93s
  [BACKOFF] s14:a0:web_search rate limited, retry #2 in 2.82s
  722.14s [s14:a4]         START agent_turn(round-0) (2 retries)
  [BACKOFF] s14:a3:agent_turn rate limited, retry #3 in 4.00s
  [BACKOFF] s14:a2:agent_turn rate limited, retry #3 in 5.14s
  722.94s [s14:a4]         END   agent_turn(round-0) (0.80s)
  722.94s [s14:a4]         START web_search(current limitations and future prospects)
  723.67s [s14:a1]         END   web_search(Comparison of efficiency and accuracy of) (3.00s)
  [BACKOFF] s14:a1:web_search rate limited, retry #1 in 1.27s
  724.13s [s14:a0]         START web_search(Molecular mechanisms of CRISPR-Cas9) (2 retries)
  724.86s [s14:a4]         END   web_search(current limitations and future prospects) (1.92s)
  [BACKOFF] s14:a4:web_search rate limited, retry #1 in 1.19s
  [BACKOFF] s14:a1:web_search rate limited, retry #2 in 2.50s
  [BACKOFF] s14:a4:web_search rate limited, retry #2 in 2.01s
  [BACKOFF] s14:a3:agent_turn rate limited, retry #4 in 8.19s
  726.61s [s14:a0]         END   web_search(Molecular mechanisms of CRISPR-Cas9) (2.48s)
  726.61s [s14:a0]         START web_search(Operational differences between CRISPR-C)
  727.44s [s14:a1]         START web_search(CRISPR-Cas9 vs base editing accuracy and) (2 retries)
  [BACKOFF] s14:a2:agent_turn rate limited, retry #4 in 9.78s
  [BACKOFF] s14:a4:web_search rate limited, retry #3 in 4.46s
  [BACKOFF] s10:a4:agent_turn rate limited, retry #5 in 16.23s
  729.21s [s13:a4]         START agent_turn(round-0) (7 retries)
  729.34s [s14:a0]         END   web_search(Operational differences between CRISPR-C) (2.73s)
  [BACKOFF] s14:a0:agent_turn rate limited, retry #1 in 1.28s
  730.30s [s13:a4]         END   agent_turn(round-0) (1.09s)
  [BACKOFF] s13:a4:web_search rate limited, retry #1 in 1.37s
  730.30s [s14:a1]         END   web_search(CRISPR-Cas9 vs base editing accuracy and) (2.86s)
  [BACKOFF] s14:a1:agent_turn rate limited, retry #1 in 1.27s
  [BACKOFF] s14:a0:agent_turn rate limited, retry #2 in 2.07s
  731.57s [s14:a1]         START agent_turn(round-1) (1 retries)
  [BACKOFF] s13:a4:web_search rate limited, retry #2 in 2.58s
  732.52s [s14:a4]         START web_search(current limitations and future prospects) (3 retries)
  [BACKOFF] s14:a0:agent_turn rate limited, retry #3 in 4.01s
  733.85s [s13:a1]         START web_search(Quantum error correction codes and fault) (7 retries)
  733.95s [s14:a1]         END   agent_turn(round-1) (2.37s)
  734.25s [s13:a4]         START web_search(remaining challenges and future directio) (2 retries)
  734.48s [s14:a3]         START agent_turn(round-0) (4 retries)
  735.11s [s14:a4]         END   web_search(current limitations and future prospects) (2.59s)
  735.11s [s14:a4]         START agent_turn(round-1)
  735.24s [s14:a3]         END   agent_turn(round-0) (0.76s)
  735.24s [s14:a3]         START web_search(Delivery methods and cellular compatibil)
  735.52s [s13:a1]         END   web_search(Quantum error correction codes and fault) (1.67s)
  735.52s [s13:a1]         START web_search(Recent advances in quantum error correct)
  736.04s [s13:a4]         END   web_search(remaining challenges and future directio) (1.79s)
  736.04s [s13:a4]         START web_search(current research on quantum error correc)
  736.71s [s14:a0]         START agent_turn(round-1) (3 retries)
  737.26s [s14:a3]         END   web_search(Delivery methods and cellular compatibil) (2.03s)
  737.26s [s14:a3]         START web_search(Delivery methods and cellular compatibil)
  737.27s [s14:a4]         END   agent_turn(round-1) (2.16s)
  737.28s [s14:a2]         START agent_turn(round-0) (4 retries)
  737.70s [s13:a1]         END   web_search(Recent advances in quantum error correct) (2.18s)
  737.70s [s13:a1]         START agent_turn(round-1)
  738.18s [s14:a2]         END   agent_turn(round-0) (0.90s)
  738.18s [s14:a2]         START web_search(off-target effects and safety profiles o)
  738.69s [s13:a4]         END   web_search(current research on quantum error correc) (2.65s)
  [BACKOFF] s13:a4:agent_turn rate limited, retry #1 in 1.25s
  739.71s [s14:a2]         END   web_search(off-target effects and safety profiles o) (1.53s)
  [BACKOFF] s14:a2:web_search rate limited, retry #1 in 1.26s
  739.72s [s14:a3]         END   web_search(Delivery methods and cellular compatibil) (2.46s)
  [BACKOFF] s14:a3:agent_turn rate limited, retry #1 in 1.28s
  739.79s [s13:a1]         END   agent_turn(round-1) (2.09s)
  [BACKOFF] s13:a4:agent_turn rate limited, retry #2 in 2.93s
  [BACKOFF] s14:a2:web_search rate limited, retry #2 in 2.05s
  [BACKOFF] s14:a3:agent_turn rate limited, retry #2 in 2.87s
  741.36s [s14:a0]         END   agent_turn(round-1) (4.65s)
  [BACKOFF] s13:a4:agent_turn rate limited, retry #3 in 4.03s
  [BACKOFF] s14:a2:web_search rate limited, retry #3 in 4.16s
  [BACKOFF] s14:a3:agent_turn rate limited, retry #3 in 5.03s
  [BACKOFF] s10:a4:agent_turn rate limited, retry #6 in 36.60s
  [BACKOFF] s12:a0:web_search rate limited, retry #7 in 40.29s
  [BACKOFF] s13:a4:agent_turn rate limited, retry #4 in 9.52s
  [BACKOFF] s14:a2:web_search rate limited, retry #4 in 11.77s
  748.88s [s12:a4]         START web_search(Future directions for quantum error corr) (6 retries)
  [BACKOFF] s14:a3:agent_turn rate limited, retry #4 in 10.21s
  [BACKOFF] s11:a1:web_search rate limited, retry #9 in 38.62s
  751.08s [s12:a4]         END   web_search(Future directions for quantum error corr) (2.20s)
  [BACKOFF] s12:a4:agent_turn rate limited, retry #1 in 1.30s
  [BACKOFF] s12:a3:web_search rate limited, retry #7 in 37.27s
  [BACKOFF] s12:a4:agent_turn rate limited, retry #2 in 2.25s
  [BACKOFF] s12:a4:agent_turn rate limited, retry #3 in 4.47s
  [BACKOFF] s13:a3:web_search rate limited, retry #9 in 30.99s
  [BACKOFF] s13:a4:agent_turn rate limited, retry #5 in 21.66s
  758.96s [s14:a2]         START web_search(off-target effects and safety profiles o) (4 retries)
  [BACKOFF] s12:a4:agent_turn rate limited, retry #4 in 8.44s
  [BACKOFF] s14:a3:agent_turn rate limited, retry #5 in 19.48s
  [BACKOFF] s11:a2:agent_turn rate limited, retry #7 in 32.23s
  [BACKOFF] s13:a0:agent_turn rate limited, retry #9 in 38.70s
  760.92s [s14:a2]         END   web_search(off-target effects and safety profiles o) (1.95s)
  [BACKOFF] s14:a2:agent_turn rate limited, retry #1 in 1.08s
  761.95s [s12:a2]         START web_search(new techniques for mitigating quantum er) (6 retries)
  [BACKOFF] s14:a2:agent_turn rate limited, retry #2 in 2.12s
  763.88s [s12:a2]         END   web_search(new techniques for mitigating quantum er) (1.93s)
  [BACKOFF] s12:a2:agent_turn rate limited, retry #1 in 1.18s
  [BACKOFF] s14:a2:agent_turn rate limited, retry #3 in 4.05s
  [BACKOFF] s12:a2:agent_turn rate limited, retry #2 in 2.58s
  767.55s [s12:a4]         START agent_turn(round-1) (4 retries)
  [BACKOFF] s12:a2:agent_turn rate limited, retry #3 in 5.66s
  [BACKOFF] s14:a2:agent_turn rate limited, retry #4 in 8.28s
  769.46s [s12:a4]         END   agent_turn(round-1) (1.90s)
  773.32s [s12:a2]         START agent_turn(round-1) (3 retries)
  775.51s [s12:a2]         END   agent_turn(round-1) (2.19s)
  776.45s [s14:a2]         START agent_turn(round-1) (4 retries)
  778.09s [s13:a4]         START agent_turn(round-1) (5 retries)
  778.60s [s14:a3]         START agent_turn(round-1) (5 retries)
  778.85s [s14:a2]         END   agent_turn(round-1) (2.40s)
  780.47s [s13:a4]         END   agent_turn(round-1) (2.38s)
  781.53s [s10:a4]         START agent_turn(round-2) (6 retries)
  781.91s [s14:a3]         END   agent_turn(round-1) (3.31s)
  781.91s [s14:orch]       START synthesis
  783.34s [s10:a4]         END   agent_turn(round-2) (1.81s)
  783.34s [s10:orch]       START synthesis
  786.93s [s14:orch]       END   synthesis (5.02s)
  786.93s [s14:r0]         START review_citations
  786.93s [s14:r1]         START review_style
  786.93s [s14:r2]         START review_facts
  [BACKOFF] s13:a3:web_search rate limited, retry #10 in 39.96s
  [BACKOFF] s12:a0:web_search rate limited, retry #8 in 36.91s
  787.55s [s11:a1]         START web_search(Evolution of experimental quantum error ) (9 retries)
  789.08s [s10:orch]       END   synthesis (5.73s)
  [BACKOFF] s10:r0:review_citations rate limited, retry #1 in 1.23s
  [BACKOFF] s10:r1:review_style rate limited, retry #1 in 1.13s
  [BACKOFF] s10:r2:review_facts rate limited, retry #1 in 1.48s
  789.52s [s12:a3]         START web_search(Recent developments in quantum error cor) (7 retries)
  790.20s [s11:a1]         END   web_search(Evolution of experimental quantum error ) (2.66s)
  [BACKOFF] s11:a1:web_search rate limited, retry #1 in 1.01s
  [BACKOFF] s10:r1:review_style rate limited, retry #2 in 2.96s
  [BACKOFF] s10:r0:review_citations rate limited, retry #2 in 2.00s
  [BACKOFF] s10:r2:review_facts rate limited, retry #2 in 2.04s
  [BACKOFF] s11:a1:web_search rate limited, retry #2 in 2.39s
  791.41s [s12:a3]         END   web_search(Recent developments in quantum error cor) (1.89s)
  [BACKOFF] s12:a3:agent_turn rate limited, retry #1 in 1.50s
  [BACKOFF] s11:a2:agent_turn rate limited, retry #8 in 35.85s
  792.31s [s10:r0]         START review_citations (2 retries)
  792.60s [s10:r2]         START review_facts (2 retries)
  [BACKOFF] s12:a3:agent_turn rate limited, retry #2 in 2.62s
  793.07s [s14:r2]         END   review_facts (6.14s)
  [BACKOFF] s10:r1:review_style rate limited, retry #3 in 4.72s
  [BACKOFF] s11:a1:web_search rate limited, retry #3 in 5.52s
  794.50s [s14:r1]         END   review_style (7.58s)
  795.53s [s12:a3]         START agent_turn(round-1) (2 retries)
  797.89s [s10:r1]         START review_style (3 retries)
  797.92s [s12:a3]         END   agent_turn(round-1) (2.39s)
  797.93s [s14:r0]         END   review_citations (11.01s)
  797.93s [s14:orch]       START finalize
  798.32s [s13:a0]         START agent_turn(round-0) (9 retries)
  799.13s [s11:a1]         START web_search(Recent advancements in quantum error cor) (3 retries)
  799.24s [s13:a0]         END   agent_turn(round-0) (0.92s)
  799.24s [s13:a0]         START web_search(Recent algorithms and techniques for qua)
  799.49s [s10:r0]         END   review_citations (7.18s)
  801.36s [s11:a1]         END   web_search(Recent advancements in quantum error cor) (2.24s)
  801.36s [s11:a1]         START agent_turn(round-1)
  801.71s [s13:a0]         END   web_search(Recent algorithms and techniques for qua) (2.47s)
  801.71s [s13:a0]         START web_search(Latest research on quantum error correct)
  803.00s [s10:r2]         END   review_facts (10.40s)
  803.72s [s13:a0]         END   web_search(Latest research on quantum error correct) (2.01s)
  803.72s [s13:a0]         START agent_turn(round-1)
  803.73s [s11:a1]         END   agent_turn(round-1) (2.36s)
  803.73s [s10:r1]         END   review_style (5.84s)
  803.73s [s10:orch]       START finalize
  805.97s [s13:a0]         END   agent_turn(round-1) (2.25s)
  811.21s [s10:orch]       END   finalize (7.48s)
  [batch=2 session=10] done in 214.2s
  812.32s [s14:orch]       END   finalize (14.39s)
  [batch=2 session=14] done in 199.4s
  824.05s [s12:a0]         START web_search(Capabilities of recent quantum error cor) (8 retries)
  826.44s [s12:a0]         END   web_search(Capabilities of recent quantum error cor) (2.39s)
  826.44s [s12:a0]         START agent_turn(round-1)
  826.95s [s13:a3]         START web_search(impact of qubit coherence and gate fidel) (10 retries)
  827.42s [s11:a2]         START agent_turn(round-1) (8 retries)
  828.60s [s13:a3]         END   web_search(impact of qubit coherence and gate fidel) (1.65s)
  828.60s [s13:a3]         START web_search(advances in quantum hardware and quantum)
  829.22s [s11:a2]         END   agent_turn(round-1) (1.80s)
  829.22s [s11:orch]       START synthesis
  829.25s [s12:a0]         END   agent_turn(round-1) (2.82s)
  [BACKOFF] s12:orch:synthesis rate limited, retry #1 in 1.04s
  [BACKOFF] s12:orch:synthesis rate limited, retry #2 in 2.51s
  830.86s [s13:a3]         END   web_search(advances in quantum hardware and quantum) (2.25s)
  [BACKOFF] s13:a3:agent_turn rate limited, retry #1 in 1.49s
  [BACKOFF] s13:a3:agent_turn rate limited, retry #2 in 2.10s
  [BACKOFF] s12:orch:synthesis rate limited, retry #3 in 5.99s
  834.45s [s13:a3]         START agent_turn(round-1) (2 retries)
  835.57s [s11:orch]       END   synthesis (6.35s)
  [BACKOFF] s11:r0:review_citations rate limited, retry #1 in 1.02s
  [BACKOFF] s11:r1:review_style rate limited, retry #1 in 1.06s
  [BACKOFF] s11:r2:review_facts rate limited, retry #1 in 1.15s
  835.87s [s13:a3]         END   agent_turn(round-1) (1.43s)
  [BACKOFF] s13:orch:synthesis rate limited, retry #1 in 1.15s
  836.59s [s11:r0]         START review_citations (1 retries)
  [BACKOFF] s11:r1:review_style rate limited, retry #2 in 2.38s
  [BACKOFF] s11:r2:review_facts rate limited, retry #2 in 2.11s
  [BACKOFF] s13:orch:synthesis rate limited, retry #2 in 2.81s
  838.80s [s12:orch]       START synthesis (3 retries)
  838.84s [s11:r2]         START review_facts (2 retries)
  [BACKOFF] s11:r1:review_style rate limited, retry #3 in 4.71s
  [BACKOFF] s13:orch:synthesis rate limited, retry #3 in 4.90s
  843.71s [s11:r1]         START review_style (3 retries)
  843.90s [s12:orch]       END   synthesis (5.09s)
  843.90s [s12:r0]         START review_citations
  843.90s [s12:r1]         START review_style
  [BACKOFF] s12:r2:review_facts rate limited, retry #1 in 1.17s
  [BACKOFF] s13:orch:synthesis rate limited, retry #4 in 11.47s
  844.77s [s11:r0]         END   review_citations (8.19s)
  [BACKOFF] s12:r2:review_facts rate limited, retry #2 in 2.77s
  846.15s [s11:r2]         END   review_facts (7.32s)
  847.84s [s12:r2]         START review_facts (2 retries)
  850.52s [s11:r1]         END   review_style (6.81s)
  850.53s [s11:orch]       START finalize
  852.26s [s12:r0]         END   review_citations (8.37s)
  853.81s [s12:r1]         END   review_style (9.91s)
  856.22s [s13:orch]       START synthesis (4 retries)
  856.27s [s12:r2]         END   review_facts (8.43s)
  856.27s [s12:orch]       START finalize
  860.86s [s11:orch]       END   finalize (10.34s)
  [batch=2 session=11] done in 259.9s
  861.16s [s13:orch]       END   synthesis (4.95s)
  861.16s [s13:r0]         START review_citations
  861.17s [s13:r1]         START review_style
  861.17s [s13:r2]         START review_facts
  864.85s [s12:orch]       END   finalize (8.58s)
  [batch=2 session=12] done in 259.9s
  868.33s [s13:r1]         END   review_style (7.17s)
  868.74s [s13:r2]         END   review_facts (7.57s)
  868.75s [s13:r0]         END   review_citations (7.58s)
  868.75s [s13:orch]       START finalize
  874.08s [s13:orch]       END   finalize (5.33s)
  [batch=2 session=13] done in 265.1s

============================================================
 BATCH 2 SUMMARY  (5 ok / 0 failed)
============================================================
  Session durations (successful):
    count  = 5
    mean   = 239.69s
    median = 259.88s
    p95    = 265.10s
    min    = 199.35s
    max    = 265.10s
    stdev  = 30.56s

======================================================================
 AGGREGATE SUMMARY  (15 ok / 0 failed)
======================================================================
  Session durations across all batches:
    count  = 15
    mean   = 246.30s
    median = 259.88s
    p95    = 299.93s
    p99    = 299.93s
    min    = 159.06s
    max    = 299.93s
    stdev  = 39.50s

  Cost:
  Total LLM calls:      395
  Total input tokens:   228,072
  Total output tokens:  157,039
  Total cost:           $0.0856 / $5.00
======================================================================


======================================================================
 TRACE SUMMARY
======================================================================
 Total wall time: 874.08s
 Total LLM calls: 395

 Per agent:
   s0:a0            4 calls, 9.40s LLM, 6 retries
   s0:a1            4 calls, 8.93s LLM
   s0:a2            4 calls, 8.26s LLM
   s0:a3            3 calls, 5.34s LLM
   s0:a4            3 calls, 6.26s LLM
   s0:orch          3 calls, 13.64s LLM, 7 retries
   s0:r0            1 calls, 9.97s LLM
   s0:r1            1 calls, 4.24s LLM
   s0:r2            1 calls, 8.68s LLM
   s10:a0           4 calls, 7.23s LLM, 6 retries
   s10:a1           4 calls, 7.86s LLM, 5 retries
   s10:a2           4 calls, 7.11s LLM, 6 retries
   s10:a3           4 calls, 6.53s LLM, 7 retries
   s10:a4           6 calls, 7.51s LLM, 13 retries
   s10:orch         3 calls, 14.13s LLM
   s10:r0           1 calls, 7.18s LLM, 2 retries
   s10:r1           1 calls, 5.84s LLM, 3 retries
   s10:r2           1 calls, 10.40s LLM, 2 retries
   s11:a0           5 calls, 9.89s LLM, 9 retries
   s11:a1           4 calls, 7.96s LLM, 12 retries
   s11:a2           4 calls, 7.14s LLM, 17 retries
   s11:a3           4 calls, 6.92s LLM, 9 retries
   s11:a4           4 calls, 7.42s LLM, 11 retries
   s11:orch         3 calls, 17.54s LLM
   s11:r0           1 calls, 8.19s LLM, 1 retries
   s11:r1           1 calls, 6.81s LLM, 3 retries
   s11:r2           1 calls, 7.32s LLM, 2 retries
   s12:a0           4 calls, 7.72s LLM, 8 retries
   s12:a1           4 calls, 8.61s LLM, 4 retries
   s12:a2           4 calls, 6.87s LLM, 9 retries
   s12:a3           4 calls, 7.09s LLM, 9 retries
   s12:a4           4 calls, 6.85s LLM, 10 retries
   s12:orch         3 calls, 14.73s LLM, 9 retries
   s12:r0           1 calls, 8.37s LLM
   s12:r1           1 calls, 9.91s LLM
   s12:r2           1 calls, 8.43s LLM, 2 retries
   s13:a0           4 calls, 7.65s LLM, 9 retries
   s13:a1           4 calls, 6.66s LLM, 9 retries
   s13:a2           4 calls, 8.49s LLM, 9 retries
   s13:a3           4 calls, 6.09s LLM, 14 retries
   s13:a4           4 calls, 7.90s LLM, 14 retries
   s13:orch         3 calls, 11.07s LLM, 4 retries
   s13:r0           1 calls, 7.58s LLM
   s13:r1           1 calls, 7.17s LLM
   s13:r2           1 calls, 7.57s LLM
   s14:a0           4 calls, 11.23s LLM, 5 retries
   s14:a1           4 calls, 9.30s LLM, 4 retries
   s14:a2           4 calls, 6.78s LLM, 12 retries
   s14:a3           4 calls, 8.55s LLM, 9 retries
   s14:a4           4 calls, 7.47s LLM, 5 retries
   s14:orch         3 calls, 20.68s LLM, 7 retries
   s14:r0           1 calls, 11.01s LLM
   s14:r1           1 calls, 7.58s LLM
   s14:r2           1 calls, 6.14s LLM
   s1:a0            4 calls, 6.72s LLM, 8 retries
   s1:a1            4 calls, 8.18s LLM, 6 retries
   s1:a2            4 calls, 7.59s LLM, 6 retries
   s1:a3            4 calls, 8.11s LLM, 6 retries
   s1:a4            4 calls, 8.10s LLM, 6 retries
   s1:orch          3 calls, 12.56s LLM, 1 retries
   s1:r0            1 calls, 8.43s LLM
   s1:r1            1 calls, 5.26s LLM
   s1:r2            1 calls, 5.89s LLM
   s2:a0            4 calls, 8.50s LLM, 13 retries
   s2:a1            4 calls, 6.51s LLM, 6 retries
   s2:a2            4 calls, 7.25s LLM, 14 retries
   s2:a3            4 calls, 7.24s LLM, 6 retries
   s2:a4            4 calls, 9.10s LLM, 6 retries
   s2:orch          3 calls, 15.76s LLM
   s2:r0            1 calls, 7.56s LLM, 5 retries
   s2:r1            1 calls, 3.88s LLM, 5 retries
   s2:r2            1 calls, 3.89s LLM, 5 retries
   s3:a0            4 calls, 10.42s LLM, 7 retries
   s3:a1            5 calls, 14.42s LLM, 7 retries
   s3:a2            5 calls, 11.77s LLM, 7 retries
   s3:a3            4 calls, 7.60s LLM, 12 retries
   s3:a4            4 calls, 7.78s LLM, 8 retries
   s3:orch          3 calls, 12.83s LLM, 6 retries
   s3:r0            1 calls, 9.83s LLM
   s3:r1            1 calls, 5.42s LLM
   s3:r2            1 calls, 9.10s LLM
   s4:a0            4 calls, 8.26s LLM
   s4:a1            4 calls, 7.66s LLM, 1 retries
   s4:a2            5 calls, 9.89s LLM, 2 retries
   s4:a3            4 calls, 7.06s LLM, 3 retries
   s4:a4            4 calls, 7.91s LLM, 1 retries
   s4:orch          3 calls, 11.99s LLM, 7 retries
   s4:r0            1 calls, 8.95s LLM, 5 retries
   s4:r1            1 calls, 6.32s LLM, 5 retries
   s4:r2            1 calls, 6.18s LLM, 5 retries
   s5:a0            4 calls, 7.39s LLM, 4 retries
   s5:a1            4 calls, 8.61s LLM, 5 retries
   s5:a2            5 calls, 9.15s LLM, 9 retries
   s5:a3            4 calls, 8.80s LLM, 9 retries
   s5:a4            4 calls, 7.59s LLM, 8 retries
   s5:orch          3 calls, 13.46s LLM, 3 retries
   s5:r0            1 calls, 7.19s LLM
   s5:r1            1 calls, 9.56s LLM
   s5:r2            1 calls, 8.03s LLM
   s6:a0            4 calls, 6.23s LLM, 11 retries
   s6:a1            4 calls, 8.54s LLM, 7 retries
   s6:a2            4 calls, 7.51s LLM, 18 retries
   s6:a3            4 calls, 7.18s LLM, 13 retries
   s6:a4            4 calls, 7.23s LLM, 17 retries
   s6:orch          3 calls, 17.64s LLM
   s6:r0            1 calls, 8.36s LLM, 5 retries
   s6:r1            1 calls, 6.41s LLM, 3 retries
   s6:r2            1 calls, 6.67s LLM, 5 retries
   s7:a0            4 calls, 7.34s LLM, 6 retries
   s7:a1            4 calls, 7.35s LLM, 2 retries
   s7:a2            4 calls, 8.60s LLM, 6 retries
   s7:a3            4 calls, 8.92s LLM, 9 retries
   s7:a4            4 calls, 7.78s LLM, 9 retries
   s7:orch          3 calls, 10.20s LLM, 10 retries
   s7:r0            1 calls, 9.30s LLM, 4 retries
   s7:r1            1 calls, 3.12s LLM, 2 retries
   s7:r2            1 calls, 7.21s LLM, 2 retries
   s8:a0            4 calls, 8.25s LLM, 7 retries
   s8:a1            4 calls, 6.62s LLM, 11 retries
   s8:a2            4 calls, 8.83s LLM, 8 retries
   s8:a3            4 calls, 7.28s LLM, 8 retries
   s8:a4            4 calls, 9.41s LLM, 5 retries
   s8:orch          3 calls, 17.19s LLM, 13 retries
   s8:r0            1 calls, 9.63s LLM
   s8:r1            1 calls, 6.75s LLM
   s8:r2            1 calls, 9.43s LLM
   s9:a0            4 calls, 9.89s LLM, 10 retries
   s9:a1            4 calls, 6.59s LLM, 10 retries
   s9:a2            4 calls, 7.15s LLM, 13 retries
   s9:a3            4 calls, 8.56s LLM, 12 retries
   s9:a4            4 calls, 7.09s LLM, 11 retries
   s9:orch          3 calls, 17.81s LLM, 9 retries
   s9:r0            1 calls, 10.75s LLM
   s9:r1            1 calls, 6.65s LLM
   s9:r2            1 calls, 9.93s LLM

 Per call type:
   agent_turn       151 calls, 252.64s total
   breakdown        15 calls, 16.04s total
   finalize         15 calls, 125.06s total
   review_citations 15 calls, 132.30s total
   review_facts     15 calls, 114.86s total
   review_style     15 calls, 94.92s total
   summarize        2 calls, 1.41s total
   synthesis        15 calls, 80.12s total
   web_search       152 calls, 344.94s total

 Backoff stats:
   Total retries:      726
   Max retries (call): 10

 Total LLM time (sum): 1162.28s
 Wall time:            874.08s
 Parallelism ratio:    1.3x

======================================================================
 TIMELINE
======================================================================
   0.0s |#                                                           |   1.6s  s0:orch:breakdown
   1.6s |#                                                           |   2.3s  s0:a0:agent_turn(round-0)
   1.6s |#                                                           |   3.7s  s0:a1:agent_turn(round-0)
   1.6s |#                                                           |   2.3s  s0:a2:agent_turn(round-0)
   1.6s |#                                                           |   2.8s  s0:a3:agent_turn(round-0)
   1.6s |#                                                           |   2.9s  s0:a4:agent_turn(round-0)
   2.3s |#                                                           |   5.0s  s0:a0:web_search(Recent theoretical d)
   2.3s |#                                                           |   5.0s  s0:a2:web_search(challenges in scalin)
   2.8s |#                                                           |   5.0s  s0:a3:web_search(impact of physical q)
   2.9s |#                                                           |   5.4s  s0:a4:web_search(Emerging algorithms )
   3.7s |#                                                           |   6.6s  s0:a1:web_search(experimental impleme)
   4.0s |#                                                           |   6.1s  s1:orch:breakdown
   5.0s |#                                                           |   7.4s  s0:a2:web_search(current research on )
   5.0s |#                                                           |   8.8s  s0:a0:web_search(Capabilities of late)
   5.0s |#                                                           |   7.0s  s0:a3:agent_turn(round-1)
   5.4s |#                                                           |   7.9s  s0:a4:agent_turn(round-1)
   6.1s |#                                                           |   6.9s  s1:a0:agent_turn(round-0)
   6.1s |#                                                           |   6.9s  s1:a1:agent_turn(round-0)
   6.1s |#                                                           |   7.8s  s1:a2:agent_turn(round-0)
   6.1s |#                                                           |   6.9s  s1:a3:agent_turn(round-0)
   6.1s |#                                                           |   6.9s  s1:a4:agent_turn(round-0)
   6.6s |#                                                           |   8.3s  s0:a1:web_search(how quantum error co)
   6.9s |#                                                           |   9.0s  s1:a0:web_search(Recent developments )
   6.9s |#                                                           |   9.0s  s1:a3:web_search(scaling of quantum e)
   6.9s |#                                                           |   9.0s  s1:a4:web_search(recent developments )
   6.9s |#                                                           |   8.9s  s1:a1:web_search(advancements in hard)
   7.4s |#                                                           |   9.9s  s0:a2:agent_turn(round-1)
   7.8s |#                                                           |  10.4s  s1:a2:web_search(common noise models )
   8.0s |#                                                           |   8.7s  s2:orch:breakdown
   8.3s |#                                                           |  10.5s  s0:a1:agent_turn(round-1)
  76.9s |     #                                                      |  77.7s  s2:a4:agent_turn(round-0)
  77.7s |     #                                                      |  80.3s  s2:a4:web_search(Projected timelines )
  78.2s |     #                                                      |  79.2s  s2:a1:agent_turn(round-0)
  79.2s |     #                                                      |  80.1s  s2:a3:agent_turn(round-0)
  79.2s |     #                                                      |  81.0s  s2:a1:web_search(current status of ex)
  80.1s |     #                                                      |  82.9s  s2:a3:web_search(impact of internatio)
  80.3s |     #                                                      |  82.4s  s2:a4:web_search(Economic considerati)
  81.0s |     #                                                      |  83.6s  s1:a3:web_search(current state of qua)
  81.0s |     #                                                      |  82.9s  s2:a1:web_search(latest advancements )
  81.6s |     #                                                      |  84.5s  s1:a1:web_search(recent developments )
  82.4s |     #                                                      |  86.0s  s2:a4:agent_turn(round-1)
  82.9s |     #                                                      |  84.8s  s2:a1:agent_turn(round-1)
  82.9s |     #                                                      |  84.9s  s2:a3:web_search(funding sources and )
  83.6s |     #                                                      |  86.2s  s1:a3:agent_turn(round-1)
  83.6s |     #                                                      |  85.0s  s2:a0:agent_turn(round-0)
  84.5s |     #                                                      |  87.0s  s1:a1:agent_turn(round-1)
  84.7s |     #                                                      |  87.5s  s1:a4:web_search(advantages and limit)
  84.9s |     #                                                      |  86.4s  s2:a3:agent_turn(round-1)
  85.0s |     #                                                      |  86.2s  s1:a2:web_search(quantum error correc)
  85.0s |     #                                                      |  87.5s  s2:a0:web_search(latest technological)
  86.2s |     #                                                      |  88.3s  s1:a2:agent_turn(round-1)
  87.4s |      #                                                     |  89.6s  s0:a0:agent_turn(round-1)
  87.5s |      #                                                     |  89.4s  s2:a0:web_search(recent breakthroughs)
  87.5s |      #                                                     |  89.9s  s1:a4:agent_turn(round-1)
  88.0s |      #                                                     |  89.4s  s3:orch:breakdown
  88.9s |      #                                                     |  89.6s  s2:a2:agent_turn(round-0)
  89.4s |      #                                                     |  92.6s  s3:a0:agent_turn(round-0)
  89.4s |      #                                                     |  92.0s  s3:a1:agent_turn(round-0)
  89.4s |      #                                                     |  92.8s  s3:a2:agent_turn(round-0)
  89.4s |      #                                                     |  89.9s  s3:a3:agent_turn(round-0)
 137.7s |         #                                                  | 140.0s  s1:a0:web_search(Efficiency of quantu)
 138.1s |         #                                                  | 138.9s  s4:orch:breakdown
 138.9s |         #                                                  | 139.7s  s4:a0:agent_turn(round-0)
 139.7s |         #                                                  | 142.1s  s4:a0:web_search(Mechanisms of action)
 139.9s |         #                                                  | 141.2s  s4:a4:agent_turn(round-0)
 140.2s |         #                                                  | 141.0s  s4:a1:agent_turn(round-0)
 141.0s |         #                                                  | 144.0s  s4:a1:web_search(Comparison of effici)
 141.2s |         #                                                  | 142.7s  s1:a0:agent_turn(round-1)
 141.2s |         #                                                  | 143.5s  s4:a4:web_search(Regulatory and ethic)
 142.1s |         #                                                  | 144.8s  s4:a0:web_search(Technological differ)
 142.4s |         #                                                  | 143.5s  s4:a2:agent_turn(round-0)
 143.5s |         #                                                  | 146.4s  s4:a2:web_search(Safety profiles and )
 143.5s |         #                                                  | 145.2s  s4:a4:web_search(Regulatory and ethic)
 144.0s |         #                                                  | 146.2s  s4:a1:web_search(CRISPR-Cas9 vs base )
 144.2s |         #                                                  | 148.4s  s1:orch:synthesis
 144.8s |         #                                                  | 147.1s  s4:a0:agent_turn(round-1)
 145.2s |         #                                                  | 147.8s  s4:a4:agent_turn(round-1)
 146.2s |          #                                                 | 147.8s  s4:a1:agent_turn(round-1)
 146.4s |          #                                                 | 148.3s  s4:a2:web_search(Safety and off-targe)
 148.3s |          #                                                 | 150.2s  s4:a2:web_search(Safety and off-targe)
 148.4s |          #                                                 | 156.9s  s1:r0:review_citations
 148.5s |          #                                                 | 153.7s  s1:r1:review_style
 148.5s |          #                                                 | 154.3s  s1:r2:review_facts
 148.5s |          #                                                 | 149.4s  s4:a3:agent_turn(round-0)
 149.4s |          #                                                 | 151.8s  s4:a3:web_search(CRISPR-Cas9 and base)
 150.2s |          #                                                 | 152.3s  s4:a2:agent_turn(round-1)
 151.8s |          #                                                 | 153.8s  s4:a3:web_search(Recent advances in C)
 153.8s |          #                                                 | 155.5s  s4:a3:agent_turn(round-1)
 155.5s |          #                                                 | 161.1s  s4:orch:synthesis
 156.9s |          #                                                 | 163.1s  s1:orch:finalize
 198.2s |             #                                              | 204.4s  s4:r2:review_facts
 200.2s |             #                                              | 203.6s  s3:a1:web_search(CRISPR-Cas9 vs base )
 201.8s |             #                                              | 208.2s  s4:r1:review_style
 202.3s |             #                                              | 211.3s  s4:r0:review_citations
 202.8s |             #                                              | 205.6s  s2:a0:agent_turn(round-1)
 203.6s |             #                                              | 206.0s  s3:a1:web_search(latest research on t)
 204.6s |              #                                             | 210.4s  s0:orch:synthesis
 206.0s |              #                                             | 209.3s  s3:a1:web_search(latest research on t)
 206.2s |              #                                             | 208.9s  s3:a2:web_search(Off-target effects a)
 208.9s |              #                                             | 210.6s  s3:a2:web_search(Off-target effects a)
 209.3s |              #                                             | 212.0s  s3:a1:agent_turn(round-1)
 210.4s |              #                                             | 220.4s  s0:r0:review_citations
 210.4s |              #                                             | 214.7s  s0:r1:review_style
 210.4s |              #                                             | 219.1s  s0:r2:review_facts
 210.6s |              #                                             | 212.5s  s3:a2:web_search(Off-target effects a)
 210.9s |              #                                             | 213.1s  s3:a0:web_search(Molecular mechanisms)
 211.3s |              #                                             | 216.9s  s4:orch:finalize
 212.5s |              #                                             | 214.6s  s3:a2:agent_turn(round-1)
 213.1s |              #                                             | 215.7s  s3:a0:web_search(Molecular mechanisms)
 215.7s |              #                                             | 218.1s  s3:a0:agent_turn(round-1)
 220.4s |               #                                            | 226.6s  s0:orch:finalize
 226.0s |               #                                            | 228.2s  s2:a2:web_search(scientific and engin)
 228.2s |               #                                            | 230.4s  s2:a2:web_search(current status of nu)
 228.7s |               #                                            | 229.6s  s3:a4:agent_turn(round-0)
 229.6s |               #                                            | 231.9s  s3:a4:web_search(regulatory challenge)
 230.4s |               #                                            | 232.6s  s2:a2:agent_turn(round-1)
 231.9s |               #                                            | 234.4s  s3:a4:web_search(clinical trial statu)
 232.6s |               #                                            | 237.8s  s2:orch:synthesis
 234.4s |                #                                           | 236.5s  s3:a4:agent_turn(round-1)
 236.9s |                #                                           | 239.3s  s3:a3:web_search(CRISPR-Cas9 vs base )
 259.0s |                 #                                          | 260.6s  s3:a3:web_search(which diseases are t)
 260.6s |                 #                                          | 263.7s  s3:a3:agent_turn(round-1)
 263.7s |                  #                                         | 268.6s  s3:orch:synthesis
 268.6s |                  #                                         | 278.4s  s3:r0:review_citations
 268.6s |                  #                                         | 274.0s  s3:r1:review_style
 268.6s |                  #                                         | 277.7s  s3:r2:review_facts
 272.9s |                  #                                         | 276.8s  s2:r1:review_style
 275.7s |                  #                                         | 283.2s  s2:r0:review_citations
 276.6s |                  #                                         | 280.4s  s2:r2:review_facts
 278.4s |                   #                                        | 284.9s  s3:orch:finalize
 283.2s |                   #                                        | 293.0s  s2:orch:finalize
 293.0s |                    #                                       | 294.0s  s5:orch:breakdown
 294.0s |                    #                                       | 294.8s  s5:a0:agent_turn(round-0)
 294.0s |                    #                                       | 294.8s  s5:a1:agent_turn(round-0)
 294.0s |                    #                                       | 295.0s  s5:a2:agent_turn(round-0)
 294.0s |                    #                                       | 294.8s  s5:a3:agent_turn(round-0)
 294.0s |                    #                                       | 294.8s  s5:a4:agent_turn(round-0)
 294.8s |                    #                                       | 297.6s  s5:a3:web_search(Delivery methods for)
 294.8s |                    #                                       | 296.7s  s5:a4:web_search(limitations of CRISP)
 294.8s |                    #                                       | 296.7s  s5:a0:web_search(Mechanisms of CRISPR)
 294.8s |                    #                                       | 297.0s  s5:a1:web_search(CRISPR-Cas9 vs base )
 295.0s |                    #                                       | 296.9s  s5:a2:web_search(off-target effects a)
 296.7s |                    #                                       | 298.7s  s5:a0:web_search(Differences between )
 296.7s |                    #                                       | 299.6s  s5:a4:web_search(future prospects of )
 296.9s |                    #                                       | 298.7s  s5:a2:web_search(off-target effects a)
 297.0s |                    #                                       | 300.0s  s5:a1:web_search(comparison of CRISPR)
 297.0s |                    #                                       | 297.8s  s6:orch:breakdown
 297.6s |                    #                                       | 299.5s  s5:a3:web_search(Delivery methods for)
 297.8s |                    #                                       | 298.3s  s6:a0:agent_turn(round-0)
 297.8s |                    #                                       | 300.8s  s6:a1:agent_turn(round-0)
 319.4s |                     #                                      | 322.1s  s5:a0:agent_turn(round-1)
 325.9s |                      #                                     | 327.2s  s8:orch:breakdown
 326.2s |                      #                                     | 327.1s  s9:orch:breakdown
 328.6s |                      #                                     | 329.4s  s8:a3:agent_turn(round-0)
 328.6s |                      #                                     | 329.3s  s9:a1:agent_turn(round-0)
 329.3s |                      #                                     | 331.3s  s9:a1:web_search(Effects of deep-sea )
 333.8s |                      #                                     | 335.5s  s8:a3:web_search(Impact of new materi)
 335.7s |                       #                                    | 338.2s  s5:a1:agent_turn(round-1)
 336.7s |                       #                                    | 338.7s  s8:a3:web_search(How materials scienc)
 338.7s |                       #                                    | 340.8s  s5:a2:web_search(off-target effects a)
 344.1s |                       #                                    | 344.9s  s8:a2:agent_turn(round-0)
 360.0s |                        #                                   | 362.8s  s8:a3:agent_turn(round-1)
 360.8s |                        #                                   | 363.1s  s5:a2:agent_turn(round-1)
 362.0s |                        #                                   | 362.8s  s8:a4:agent_turn(round-0)
 362.8s |                        #                                   | 366.5s  s8:a4:web_search(recent advances in q)
 362.8s |                        #                                   | 366.1s  s8:a2:web_search(challenges and limit)
 366.1s |                         #                                  | 368.5s  s8:a2:web_search(current state of qua)
 366.5s |                         #                                  | 369.0s  s8:a4:web_search(quantum error correc)
 367.1s |                         #                                  | 367.7s  s6:a3:agent_turn(round-0)
 367.2s |                         #                                  | 368.0s  s9:a0:agent_turn(round-0)
 367.4s |                         #                                  | 368.3s  s9:a2:agent_turn(round-0)
 367.7s |                         #                                  | 370.3s  s6:a3:web_search(Recent advances in s)
 368.0s |                         #                                  | 370.9s  s9:a0:web_search(potential effects of)
 368.3s |                         #                                  | 371.0s  s9:a2:web_search(long-term impacts of)
 368.4s |                         #                                  | 369.7s  s6:a2:agent_turn(round-0)
 368.5s |                         #                                  | 370.9s  s8:a2:agent_turn(round-1)
 369.0s |                         #                                  | 371.4s  s8:a4:agent_turn(round-1)
 369.3s |                         #                                  | 370.2s  s8:a1:agent_turn(round-0)
 369.3s |                         #                                  | 370.2s  s9:a4:agent_turn(round-0)
 369.7s |                         #                                  | 372.3s  s6:a2:web_search(new techniques to im)
 380.6s |                          #                                 | 384.0s  s9:a0:web_search(deep-sea mining envi)
 387.1s |                          #                                 | 389.0s  s8:a1:web_search(Recent developments )
 387.6s |                          #                                 | 390.4s  s9:a0:agent_turn(round-1)
 389.0s |                          #                                 | 391.1s  s8:a1:web_search(Advances in quantum )
 389.5s |                          #                                 | 391.9s  s6:a3:web_search(How hardware develop)
 390.0s |                          #                                 | 392.2s  s9:a4:web_search(mitigation strategie)
 394.9s |                           #                                | 396.6s  s8:a1:agent_turn(round-1)
 396.2s |                           #                                | 397.9s  s9:a4:web_search(best practices for m)
 397.9s |                           #                                | 400.3s  s9:a4:agent_turn(round-1)
 401.4s |                           #                                | 403.0s  s6:a3:agent_turn(round-1)
 409.3s |                            #                               | 411.1s  s6:a0:web_search(recent advances in q)
 423.0s |                             #                              | 424.9s  s6:a1:web_search(Recent developments )
 424.9s |                             #                              | 427.0s  s6:a1:web_search(Evolution of experim)
 427.0s |                             #                              | 428.5s  s6:a1:agent_turn(round-1)
 430.7s |                             #                              | 432.4s  s6:a0:web_search(efficiencies of quan)
 432.4s |                             #                              | 434.5s  s6:a0:agent_turn(round-1)
 443.8s |                              #                             | 444.9s  s8:a0:agent_turn(round-0)
 444.9s |                              #                             | 447.5s  s8:a0:web_search(recent developments )
 447.5s |                              #                             | 449.6s  s8:a0:web_search(capabilities of late)
 448.5s |                              #                             | 449.5s  s6:a4:agent_turn(round-0)
 449.5s |                              #                             | 451.6s  s6:a4:web_search(remaining challenges)
 449.6s |                              #                             | 452.1s  s8:a0:agent_turn(round-1)
 449.9s |                              #                             | 450.6s  s7:orch:breakdown
 450.0s |                              #                             | 452.2s  s6:a2:web_search(latest developments )
 450.4s |                              #                             | 452.3s  s5:a4:agent_turn(round-1)
 450.6s |                              #                             | 451.5s  s7:a0:agent_turn(round-0)
 450.6s |                              #                             | 451.5s  s7:a1:agent_turn(round-0)
 450.6s |                              #                             | 451.4s  s7:a2:agent_turn(round-0)
 450.6s |                              #                             | 451.5s  s7:a3:agent_turn(round-0)
 450.6s |                              #                             | 451.4s  s7:a4:agent_turn(round-0)
 450.9s |                              #                             | 452.5s  s9:a2:web_search(deep-sea mining effe)
 451.4s |                              #                             | 453.1s  s7:a4:web_search(Mitigation strategie)
 451.4s |                              #                             | 454.0s  s7:a2:web_search(long-term ecological)
 451.5s |                              #                             | 453.5s  s7:a1:web_search(Impact of deep-sea m)
 451.5s |                              #                             | 453.5s  s7:a3:web_search(impact of deep-sea m)
 451.5s |                              #                             | 454.0s  s7:a0:web_search(potential effects of)
 454.9s |                               #                            | 457.2s  s7:a1:web_search(Environmental effect)
 456.8s |                               #                            | 458.7s  s9:a2:agent_turn(round-1)
 458.4s |                               #                            | 460.6s  s7:a1:agent_turn(round-1)
 461.4s |                               #                            | 463.2s  s6:a4:web_search(future directions in)
 469.5s |                                #                           | 471.8s  s7:a4:web_search(Regulatory framework)
 484.8s |                                 #                          | 485.6s  s9:a3:agent_turn(round-0)
 485.6s |                                 #                          | 487.7s  s9:a3:web_search(impact of deep-sea m)
 487.7s |                                 #                          | 490.7s  s9:a3:web_search(environmental effect)
 490.8s |                                 #                          | 494.0s  s7:a3:web_search(deep-sea mining effe)
 493.2s |                                 #                          | 496.5s  s5:a3:agent_turn(round-1)
 506.4s |                                  #                         | 512.4s  s5:orch:synthesis
 510.1s |                                   #                        | 512.7s  s9:a3:agent_turn(round-1)
 511.4s |                                   #                        | 514.1s  s7:a3:agent_turn(round-1)
 512.4s |                                   #                        | 515.4s  s7:a4:agent_turn(round-1)
 512.4s |                                   #                        | 519.6s  s5:r0:review_citations
 512.4s |                                   #                        | 521.9s  s5:r1:review_style
 512.4s |                                   #                        | 520.4s  s5:r2:review_facts
 521.1s |                                   #                        | 523.2s  s9:a1:web_search(Environmental impact)
 521.9s |                                   #                        | 528.5s  s8:orch:synthesis
 521.9s |                                   #                        | 528.5s  s5:orch:finalize
 523.2s |                                   #                        | 525.0s  s9:a1:agent_turn(round-1)
 525.0s |                                    #                       | 529.9s  s9:orch:synthesis
 528.5s |                                    #                       | 538.1s  s8:r0:review_citations
 528.5s |                                    #                       | 535.2s  s8:r1:review_style
 528.5s |                                    #                       | 537.9s  s8:r2:review_facts
 529.9s |                                    #                       | 540.6s  s9:r0:review_citations
 529.9s |                                    #                       | 536.6s  s9:r1:review_style
 529.9s |                                    #                       | 539.8s  s9:r2:review_facts
 530.7s |                                    #                       | 533.1s  s6:a4:agent_turn(round-1)
 532.1s |                                    #                       | 534.2s  s7:a0:web_search(impact of deep-sea m)
 533.1s |                                    #                       | 534.6s  s6:a2:agent_turn(round-1)
 534.2s |                                    #                       | 536.0s  s7:a0:agent_turn(round-1)
 534.6s |                                    #                       | 540.1s  s6:orch:synthesis
 536.2s |                                    #                       | 538.0s  s7:a2:web_search(impact of deep-sea m)
 538.0s |                                    #                       | 541.4s  s7:a2:agent_turn(round-1)
 545.2s |                                     #                      | 549.3s  s7:orch:synthesis
 547.3s |                                     #                      | 556.6s  s8:orch:finalize
 548.3s |                                     #                      | 554.7s  s6:r1:review_style
 553.4s |                                     #                      | 556.5s  s7:r1:review_style
 553.4s |                                     #                      | 560.6s  s7:r2:review_facts
 567.3s |                                      #                     | 576.6s  s7:r0:review_citations
 576.6s |                                       #                    | 582.0s  s7:orch:finalize
 577.2s |                                       #                    | 585.6s  s6:r0:review_citations
 578.8s |                                       #                    | 585.4s  s6:r2:review_facts
 580.8s |                                       #                    | 592.7s  s9:orch:finalize
 585.6s |                                        #                   | 597.0s  s6:orch:finalize
 597.0s |                                        #                   | 597.9s  s10:orch:breakdown
 597.9s |                                         #                  | 598.7s  s10:a0:agent_turn(round-0)
 597.9s |                                         #                  | 599.2s  s10:a1:agent_turn(round-0)
 597.9s |                                         #                  | 598.7s  s10:a2:agent_turn(round-0)
 597.9s |                                         #                  | 598.7s  s10:a3:agent_turn(round-0)
 597.9s |                                         #                  | 598.5s  s10:a4:agent_turn(round-0)
 598.5s |                                         #                  | 600.8s  s10:a4:web_search(Comparison of large )
 598.7s |                                         #                  | 600.8s  s10:a0:web_search(Roles of large langu)
 598.7s |                                         #                  | 600.4s  s10:a2:web_search(How do large languag)
 598.7s |                                         #                  | 600.4s  s10:a3:web_search(challenges and limit)
 599.2s |                                         #                  | 601.6s  s10:a1:web_search(use of large languag)
 600.4s |                                         #                  | 602.4s  s10:a2:web_search(Applications of larg)
 600.4s |                                         #                  | 602.2s  s10:a3:web_search(limitations of large)
 600.8s |                                         #                  | 602.2s  s10:a4:agent_turn(round-1)
 600.8s |                                         #                  | 603.1s  s10:a0:web_search(Large language model)
 601.0s |                                         #                  | 601.8s  s11:orch:breakdown
 601.6s |                                         #                  | 603.3s  s10:a1:web_search(applications of larg)
 601.8s |                                         #                  | 602.9s  s11:a0:agent_turn(round-0)
 601.8s |                                         #                  | 602.5s  s11:a1:agent_turn(round-0)
 605.4s |                                         #                  | 606.2s  s11:a2:agent_turn(round-0)
 607.5s |                                         #                  | 609.4s  s11:a2:web_search(challenges in achiev)
 609.0s |                                         #                  | 609.8s  s13:orch:breakdown
 613.5s |                                          #                 | 614.3s  s13:a1:agent_turn(round-0)
 613.7s |                                          #                 | 614.5s  s13:a3:agent_turn(round-0)
 627.5s |                                           #                | 628.9s  s13:a2:agent_turn(round-0)
 637.6s |                                           #                | 638.3s  s11:a4:agent_turn(round-0)
 637.7s |                                           #                | 639.4s  s11:a0:web_search(Recent theoretical d)
 638.8s |                                           #                | 641.3s  s10:a1:agent_turn(round-1)
 641.2s |                                            #               | 641.8s  s11:a3:agent_turn(round-0)
 647.1s |                                            #               | 649.1s  s11:a4:web_search(Impact of noise mode)
 657.0s |                                             #              | 659.3s  s11:a4:web_search(Quantum error correc)
 658.1s |                                             #              | 660.1s  s11:a0:web_search(Latest research on s)
 659.3s |                                             #              | 661.8s  s11:a4:agent_turn(round-1)
 660.1s |                                             #              | 662.7s  s11:a0:web_search(Recent advancements )
 661.9s |                                             #              | 664.0s  s11:a3:web_search(emerging algorithms )
 662.7s |                                             #              | 665.3s  s11:a0:agent_turn(round-1)
 664.0s |                                             #              | 666.3s  s11:a3:web_search(how algorithms impro)
 666.3s |                                             #              | 668.8s  s13:a2:web_search(experimental impleme)
 666.3s |                                             #              | 668.2s  s11:a3:agent_turn(round-1)
 668.8s |                                             #              | 671.2s  s13:a2:web_search(recent research on q)
 671.2s |                                              #             | 673.4s  s13:a2:agent_turn(round-1)
 672.5s |                                              #             | 673.5s  s12:orch:breakdown
 673.5s |                                              #             | 674.3s  s12:a0:agent_turn(round-0)
 673.5s |                                              #             | 674.3s  s12:a1:agent_turn(round-0)
 673.5s |                                              #             | 674.4s  s12:a2:agent_turn(round-0)
 673.5s |                                              #             | 674.2s  s12:a3:agent_turn(round-0)
 673.5s |                                              #             | 674.4s  s12:a4:agent_turn(round-0)
 674.0s |                                              #             | 676.0s  s10:a0:agent_turn(round-1)
 674.2s |                                              #             | 676.3s  s12:a3:web_search(Recent advances in q)
 674.3s |                                              #             | 676.0s  s12:a0:web_search(Recent theoretical d)
 674.3s |                                              #             | 676.9s  s12:a1:web_search(Evolution of experim)
 674.4s |                                              #             | 676.3s  s12:a4:web_search(Emerging challenges )
 674.4s |                                              #             | 676.3s  s12:a2:web_search(new techniques for d)
 674.7s |                                              #             | 677.4s  s11:a2:web_search(current research on )
 687.7s |                                               #            | 690.3s  s10:a2:agent_turn(round-1)
 698.9s |                                               #            | 701.4s  s12:a1:web_search(Recent advances in q)
 701.4s |                                                #           | 704.1s  s12:a1:agent_turn(round-1)
 707.1s |                                                #           | 709.3s  s10:a3:agent_turn(round-1)
 708.5s |                                                #           | 709.3s  s10:a4:summarize(len=451)
 709.3s |                                                #           | 709.9s  s10:a4:summarize(len=356)
 717.2s |                                                 #          | 718.5s  s14:orch:breakdown
 718.5s |                                                 #          | 719.9s  s14:a0:agent_turn(round-0)
 719.6s |                                                 #          | 720.7s  s14:a1:agent_turn(round-0)
 720.7s |                                                 #          | 723.7s  s14:a1:web_search(Comparison of effici)
 722.1s |                                                 #          | 722.9s  s14:a4:agent_turn(round-0)
 722.9s |                                                 #          | 724.9s  s14:a4:web_search(current limitations )
 724.1s |                                                 #          | 726.6s  s14:a0:web_search(Molecular mechanisms)
 726.6s |                                                 #          | 729.3s  s14:a0:web_search(Operational differen)
 727.4s |                                                 #          | 730.3s  s14:a1:web_search(CRISPR-Cas9 vs base )
 729.2s |                                                  #         | 730.3s  s13:a4:agent_turn(round-0)
 731.6s |                                                  #         | 733.9s  s14:a1:agent_turn(round-1)
 732.5s |                                                  #         | 735.1s  s14:a4:web_search(current limitations )
 733.9s |                                                  #         | 735.5s  s13:a1:web_search(Quantum error correc)
 734.3s |                                                  #         | 736.0s  s13:a4:web_search(remaining challenges)
 734.5s |                                                  #         | 735.2s  s14:a3:agent_turn(round-0)
 735.1s |                                                  #         | 737.3s  s14:a4:agent_turn(round-1)
 735.2s |                                                  #         | 737.3s  s14:a3:web_search(Delivery methods and)
 735.5s |                                                  #         | 737.7s  s13:a1:web_search(Recent advances in q)
 736.0s |                                                  #         | 738.7s  s13:a4:web_search(current research on )
 736.7s |                                                  #         | 741.4s  s14:a0:agent_turn(round-1)
 737.3s |                                                  #         | 739.7s  s14:a3:web_search(Delivery methods and)
 737.3s |                                                  #         | 738.2s  s14:a2:agent_turn(round-0)
 737.7s |                                                  #         | 739.8s  s13:a1:agent_turn(round-1)
 738.2s |                                                  #         | 739.7s  s14:a2:web_search(off-target effects a)
 748.9s |                                                   #        | 751.1s  s12:a4:web_search(Future directions fo)
 759.0s |                                                    #       | 760.9s  s14:a2:web_search(off-target effects a)
 762.0s |                                                    #       | 763.9s  s12:a2:web_search(new techniques for m)
 767.6s |                                                    #       | 769.5s  s12:a4:agent_turn(round-1)
 773.3s |                                                     #      | 775.5s  s12:a2:agent_turn(round-1)
 776.4s |                                                     #      | 778.8s  s14:a2:agent_turn(round-1)
 778.1s |                                                     #      | 780.5s  s13:a4:agent_turn(round-1)
 778.6s |                                                     #      | 781.9s  s14:a3:agent_turn(round-1)
 781.5s |                                                     #      | 783.3s  s10:a4:agent_turn(round-2)
 781.9s |                                                     #      | 786.9s  s14:orch:synthesis
 783.3s |                                                     #      | 789.1s  s10:orch:synthesis
 786.9s |                                                      #     | 797.9s  s14:r0:review_citations
 786.9s |                                                      #     | 794.5s  s14:r1:review_style
 786.9s |                                                      #     | 793.1s  s14:r2:review_facts
 787.5s |                                                      #     | 790.2s  s11:a1:web_search(Evolution of experim)
 789.5s |                                                      #     | 791.4s  s12:a3:web_search(Recent developments )
 792.3s |                                                      #     | 799.5s  s10:r0:review_citations
 792.6s |                                                      #     | 803.0s  s10:r2:review_facts
 795.5s |                                                      #     | 797.9s  s12:a3:agent_turn(round-1)
 797.9s |                                                      #     | 803.7s  s10:r1:review_style
 797.9s |                                                      #     | 812.3s  s14:orch:finalize
 798.3s |                                                      #     | 799.2s  s13:a0:agent_turn(round-0)
 799.1s |                                                      #     | 801.4s  s11:a1:web_search(Recent advancements )
 799.2s |                                                      #     | 801.7s  s13:a0:web_search(Recent algorithms an)
 801.4s |                                                       #    | 803.7s  s11:a1:agent_turn(round-1)
 801.7s |                                                       #    | 803.7s  s13:a0:web_search(Latest research on q)
 803.7s |                                                       #    | 806.0s  s13:a0:agent_turn(round-1)
 803.7s |                                                       #    | 811.2s  s10:orch:finalize
 824.0s |                                                        #   | 826.4s  s12:a0:web_search(Capabilities of rece)
 826.4s |                                                        #   | 829.3s  s12:a0:agent_turn(round-1)
 827.0s |                                                        #   | 828.6s  s13:a3:web_search(impact of qubit cohe)
 827.4s |                                                        #   | 829.2s  s11:a2:agent_turn(round-1)
 828.6s |                                                        #   | 830.9s  s13:a3:web_search(advances in quantum )
 829.2s |                                                        #   | 835.6s  s11:orch:synthesis
 834.4s |                                                         #  | 835.9s  s13:a3:agent_turn(round-1)
 836.6s |                                                         #  | 844.8s  s11:r0:review_citations
 838.8s |                                                         #  | 843.9s  s12:orch:synthesis
 838.8s |                                                         #  | 846.2s  s11:r2:review_facts
 843.7s |                                                         #  | 850.5s  s11:r1:review_style
 843.9s |                                                         #  | 852.3s  s12:r0:review_citations
 843.9s |                                                         #  | 853.8s  s12:r1:review_style
 847.8s |                                                          # | 856.3s  s12:r2:review_facts
 850.5s |                                                          # | 860.9s  s11:orch:finalize
 856.2s |                                                          # | 861.2s  s13:orch:synthesis
 856.3s |                                                          # | 864.9s  s12:orch:finalize
 861.2s |                                                           #| 868.7s  s13:r0:review_citations
 861.2s |                                                           #| 868.3s  s13:r1:review_style
 861.2s |                                                           #| 868.7s  s13:r2:review_facts
 868.7s |                                                           #| 874.1s  s13:orch:finalize
        0<60>874.1s
======================================================================


######################################################################
 SCHEDULER: FIFO
######################################################################

============================================================
 BATCH 0: launching 5 sessions
 Arrival delays: 0.0s, 4.0s, 8.0s, 12.0s, 16.0s
============================================================
    0.00s [s0:orch]        START breakdown (pos #1)
    0.78s [s0:orch]        END   breakdown (0.78s)
    0.78s [s0:a0]          START agent_turn(round-0) (pos #2)
    0.78s [s0:a1]          START agent_turn(round-0) (pos #3)
    0.78s [s0:a2]          START agent_turn(round-0) (pos #4)
    0.78s [s0:a3]          START agent_turn(round-0) (pos #5)
    0.78s [s0:a4]          START agent_turn(round-0) (pos #6)
    1.46s [s0:a0]          END   agent_turn(round-0) (0.67s)
    1.46s [s0:a0]          START web_search(Recent developments in quantum error cor) (pos #7)
    1.58s [s0:a2]          END   agent_turn(round-0) (0.80s)
    1.58s [s0:a2]          START web_search(challenges and solutions in fault-tolera) (pos #8)
    1.60s [s0:a1]          END   agent_turn(round-0) (0.82s)
    1.60s [s0:a1]          START web_search(Recent developments in experimental quan) (pos #9)
    2.04s [s0:a4]          END   agent_turn(round-0) (1.25s)
    2.04s [s0:a3]          END   agent_turn(round-0) (1.26s)
    2.04s [s0:a4]          START web_search(Emerging algorithms and protocols utiliz) (pos #10)
    2.04s [s0:a3]          START web_search(impact of different quantum hardware pla) (pos #11)
    3.77s [s0:a2]          END   web_search(challenges and solutions in fault-tolera) (2.19s)
    3.77s [s0:a2]          START web_search(error correction methods in quantum comp) (pos #12)
    4.00s [s1:orch]        START breakdown (pos #13)
    4.07s [s0:a0]          END   web_search(Recent developments in quantum error cor) (2.62s)
    4.07s [s0:a0]          START web_search(Effectiveness of latest quantum error co) (pos #14)
    4.60s [s0:a1]          END   web_search(Recent developments in experimental quan) (3.00s)
    4.60s [s0:a1]          START web_search(Advances in quantum error correction in ) (pos #15)
    5.01s [s0:a4]          END   web_search(Emerging algorithms and protocols utiliz) (2.97s)
    5.01s [s1:orch]        END   breakdown (1.01s)
    5.01s [s0:a4]          START web_search(Recent advancements in quantum error cor) (pos #16)
    5.01s [s1:a0]          START agent_turn(round-0) (pos #17)
    5.01s [s1:a1]          START agent_turn(round-0) (pos #18)
    5.01s [s1:a2]          START agent_turn(round-0) (pos #19)
    5.01s [s1:a3]          START agent_turn(round-0) (pos #20)
    5.01s [s1:a4]          START agent_turn(round-0) (pos #21)
    5.16s [s0:a3]          END   web_search(impact of different quantum hardware pla) (3.12s)
    5.16s [s0:a3]          START web_search(design considerations for quantum error ) (pos #22)
    5.38s [s0:a2]          END   web_search(error correction methods in quantum comp) (1.61s)
    5.38s [s0:a2]          START agent_turn(round-1) (pos #23)
    6.03s [s1:a0]          END   agent_turn(round-0) (1.02s)
    6.03s [s0:a0]          END   web_search(Effectiveness of latest quantum error co) (1.96s)
    6.03s [s1:a4]          END   agent_turn(round-0) (1.02s)
    6.03s [s1:a0]          START web_search(Recent developments in quantum error cor) (pos #24)
    6.04s [s0:a0]          START agent_turn(round-1) (pos #25)
    6.04s [s1:a4]          START web_search(recent advances in quantum error correct) (pos #26)
    6.15s [s1:a3]          END   agent_turn(round-0) (1.14s)
    6.15s [s1:a3]          START web_search(novel algorithms and techniques for quan) (pos #27)
    6.75s [s1:a1]          END   agent_turn(round-0) (1.74s)
    6.75s [s0:a1]          END   web_search(Advances in quantum error correction in ) (2.16s)
    6.75s [s1:a2]          END   agent_turn(round-0) (1.74s)
    6.75s [s1:a1]          START web_search(Hardware implementations of quantum erro) (pos #28)
    6.75s [s0:a1]          START agent_turn(round-1) (pos #29)
    6.75s [s1:a2]          START web_search(Emerging challenges in scaling quantum e) (pos #30)
    7.27s [s0:a4]          END   web_search(Recent advancements in quantum error cor) (2.27s)
  [FIFO] queue waiting 52.73s for capacity (next: s0:a4:agent_turn)
    7.77s [s0:a2]          END   agent_turn(round-1) (2.40s)
    7.77s [s0:a3]          END   web_search(design considerations for quantum error ) (2.62s)
    7.77s [s0:a0]          END   agent_turn(round-1) (1.74s)
    7.77s [s1:a0]          END   web_search(Recent developments in quantum error cor) (1.74s)
    8.60s [s1:a4]          END   web_search(recent advances in quantum error correct) (2.57s)
    8.77s [s1:a2]          END   web_search(Emerging challenges in scaling quantum e) (2.02s)
    8.77s [s1:a3]          END   web_search(novel algorithms and techniques for quan) (2.63s)
    8.77s [s0:a1]          END   agent_turn(round-1) (2.02s)
    8.78s [s1:a1]          END   web_search(Hardware implementations of quantum erro) (2.02s)
   60.00s [s0:a4]          START agent_turn(round-1) (pos #31)
  [FIFO] queue waiting 0.78s for capacity (next: s0:a3:agent_turn)
   60.79s [s0:a3]          START agent_turn(round-1) (pos #32)
   60.79s [s1:a0]          START web_search(Effectiveness of recent quantum error co) (pos #33)
   60.79s [s2:orch]        START breakdown (pos #34)
   60.79s [s1:a4]          START web_search(future development of quantum computers ) (pos #35)
   60.79s [s1:a2]          START web_search(Solutions for scaling quantum error corr) (pos #36)
  [FIFO] queue waiting 0.67s for capacity (next: s1:a3:web_search)
   61.46s [s1:a3]          START web_search(advances in quantum error correction alg) (pos #37)
  [FIFO] queue waiting 0.13s for capacity (next: s1:a1:web_search)
   61.59s [s1:a1]          START web_search(Effects of quantum error correction on f) (pos #38)
  [FIFO] queue waiting 0.10s for capacity (next: s3:orch:breakdown)
   61.69s [s3:orch]        START breakdown (pos #39)
  [FIFO] queue waiting 0.35s for capacity (next: s4:orch:breakdown)
   61.91s [s0:a4]          END   agent_turn(round-1) (1.91s)
   62.04s [s4:orch]        START breakdown (pos #40)
   62.11s [s2:orch]        END   breakdown (1.33s)
   62.11s [s2:a0]          START agent_turn(round-0) (pos #41)
  [FIFO] queue waiting 1.66s for capacity (next: s2:a1:agent_turn)
   62.61s [s1:a2]          END   web_search(Solutions for scaling quantum error corr) (1.82s)
   62.77s [s1:a4]          END   web_search(future development of quantum computers ) (1.98s)
   62.86s [s1:a0]          END   web_search(Effectiveness of recent quantum error co) (2.07s)
   63.17s [s3:orch]        END   breakdown (1.48s)
   63.29s [s2:a0]          END   agent_turn(round-0) (1.18s)
   63.68s [s4:orch]        END   breakdown (1.64s)
   63.68s [s0:a3]          END   agent_turn(round-1) (2.90s)
   63.71s [s1:a3]          END   web_search(advances in quantum error correction alg) (2.25s)
   63.77s [s2:a1]          START agent_turn(round-0) (pos #42)
  [FIFO] queue waiting 0.23s for capacity (next: s2:a2:agent_turn)
   63.82s [s1:a1]          END   web_search(Effects of quantum error correction on f) (2.23s)
   64.00s [s2:a2]          START agent_turn(round-0) (pos #43)
  [FIFO] queue waiting 0.10s for capacity (next: s2:a3:agent_turn)
   64.10s [s2:a3]          START agent_turn(round-0) (pos #44)
  [FIFO] queue waiting 0.49s for capacity (next: s2:a4:agent_turn)
   64.43s [s2:a1]          END   agent_turn(round-0) (0.66s)
   64.59s [s2:a2]          END   agent_turn(round-0) (0.59s)
   64.60s [s2:a4]          START agent_turn(round-0) (pos #45)
  [FIFO] queue waiting 0.41s for capacity (next: s1:a2:agent_turn)
   65.01s [s1:a2]          START agent_turn(round-1) (pos #46)
   65.01s [s1:a4]          START agent_turn(round-1) (pos #47)
   65.01s [s1:a0]          START agent_turn(round-1) (pos #48)
   65.01s [s3:a0]          START agent_turn(round-0) (pos #49)
   65.01s [s3:a1]          START agent_turn(round-0) (pos #50)
   65.01s [s3:a2]          START agent_turn(round-0) (pos #51)
  [FIFO] queue waiting 0.14s for capacity (next: s3:a3:agent_turn)
   65.03s [s2:a3]          END   agent_turn(round-0) (0.92s)
   65.16s [s3:a3]          START agent_turn(round-0) (pos #52)
  [FIFO] queue waiting 0.22s for capacity (next: s3:a4:agent_turn)
   65.22s [s2:a4]          END   agent_turn(round-0) (0.62s)
   65.38s [s3:a4]          START agent_turn(round-0) (pos #53)
  [FIFO] queue waiting 0.65s for capacity (next: s2:a0:web_search)
   65.94s [s3:a0]          END   agent_turn(round-0) (0.92s)
   65.94s [s3:a3]          END   agent_turn(round-0) (0.78s)
   65.94s [s3:a2]          END   agent_turn(round-0) (0.93s)
   66.04s [s3:a1]          END   agent_turn(round-0) (1.02s)
   66.04s [s2:a0]          START web_search(latest technological advancements in nuc) (pos #54)
  [FIFO] queue waiting 0.10s for capacity (next: s4:a0:agent_turn)
   66.14s [s4:a0]          START agent_turn(round-0) (pos #55)
   66.14s [s4:a1]          START agent_turn(round-0) (pos #56)
  [FIFO] queue waiting 0.10s for capacity (next: s4:a2:agent_turn)
   66.17s [s3:a4]          END   agent_turn(round-0) (0.79s)
   66.24s [s4:a2]          START agent_turn(round-0) (pos #57)
  [FIFO] queue waiting 0.51s for capacity (next: s4:a3:agent_turn)
   66.46s [s1:a4]          END   agent_turn(round-1) (1.45s)
   66.75s [s4:a3]          START agent_turn(round-0) (pos #58)
  [FIFO] queue waiting 0.10s for capacity (next: s4:a4:agent_turn)
   66.82s [s4:a0]          END   agent_turn(round-0) (0.68s)
   66.86s [s4:a4]          START agent_turn(round-0) (pos #59)
   66.86s [s0:orch]        START synthesis (pos #60)
  [FIFO] queue waiting 53.15s for capacity (next: s1:a3:agent_turn)
   66.87s [s4:a1]          END   agent_turn(round-0) (0.73s)
   66.96s [s4:a2]          END   agent_turn(round-0) (0.72s)
   67.37s [s1:a0]          END   agent_turn(round-1) (2.36s)
   67.49s [s4:a4]          END   agent_turn(round-0) (0.63s)
   67.52s [s4:a3]          END   agent_turn(round-0) (0.77s)
   67.53s [s1:a2]          END   agent_turn(round-1) (2.52s)
   68.25s [s2:a0]          END   web_search(latest technological advancements in nuc) (2.22s)
   71.98s [s0:orch]        END   synthesis (5.12s)
  120.00s [s1:a3]          START agent_turn(round-1) (pos #61)
  [FIFO] queue waiting 0.78s for capacity (next: s1:a1:agent_turn)
  120.79s [s1:a1]          START agent_turn(round-1) (pos #62)
  120.79s [s2:a1]          START web_search(Materials and engineering challenges in ) (pos #63)
  120.79s [s2:a2]          START web_search(current status of fusion energy research) (pos #64)
  120.79s [s2:a3]          START web_search(current funding for nuclear fusion resea) (pos #65)
  120.79s [s2:a4]          START web_search(primary scientific and technical obstacl) (pos #66)
  [FIFO] queue waiting 0.67s for capacity (next: s3:a0:web_search)
  121.46s [s3:a0]          START web_search(Molecular mechanisms of CRISPR-Cas9 and ) (pos #67)
  [FIFO] queue waiting 0.13s for capacity (next: s3:a3:web_search)
  121.59s [s3:a3]          START web_search(effectiveness and limitations of differe) (pos #68)
  [FIFO] queue waiting 0.10s for capacity (next: s3:a2:web_search)
  121.69s [s3:a2]          START web_search(Off-target effects and safety profiles o) (pos #69)
  [FIFO] queue waiting 0.35s for capacity (next: s3:a1:web_search)
  122.03s [s1:a3]          END   agent_turn(round-1) (2.02s)
  122.05s [s3:a1]          START web_search(Comparison of efficiencies and correctio) (pos #70)
  [FIFO] queue waiting 0.10s for capacity (next: s3:a4:web_search)
  122.15s [s3:a4]          START web_search(impact of delivery methods on CRISPR-Cas) (pos #71)
  [FIFO] queue waiting 1.62s for capacity (next: s4:a0:web_search)
  122.77s [s1:a1]          END   agent_turn(round-1) (1.98s)
  122.77s [s2:a1]          END   web_search(Materials and engineering challenges in ) (1.98s)
  123.14s [s2:a2]          END   web_search(current status of fusion energy research) (2.35s)
  123.27s [s3:a3]          END   web_search(effectiveness and limitations of differe) (1.68s)
  123.36s [s2:a4]          END   web_search(primary scientific and technical obstacl) (2.57s)
  123.49s [s2:a3]          END   web_search(current funding for nuclear fusion resea) (2.70s)
  123.60s [s3:a2]          END   web_search(Off-target effects and safety profiles o) (1.91s)
  123.68s [s3:a0]          END   web_search(Molecular mechanisms of CRISPR-Cas9 and ) (2.22s)
  123.77s [s4:a0]          START web_search(Mechanisms of action of CRISPR-Cas9 in t) (pos #72)
  [FIFO] queue waiting 0.23s for capacity (next: s4:a1:web_search)
  124.00s [s4:a1]          START web_search(Comparison of efficiency and precision b) (pos #73)
  [FIFO] queue waiting 0.10s for capacity (next: s4:a2:web_search)
  124.10s [s4:a2]          START web_search(Off-target effects and safety profiles o) (pos #74)
  [FIFO] queue waiting 0.49s for capacity (next: s4:a4:web_search)
  124.60s [s4:a4]          START web_search(challenges and future prospects of CRISP) (pos #75)
  [FIFO] queue waiting 0.41s for capacity (next: s4:a3:web_search)
  124.72s [s3:a4]          END   web_search(impact of delivery methods on CRISPR-Cas) (2.57s)
  124.72s [s3:a1]          END   web_search(Comparison of efficiencies and correctio) (2.67s)
  125.01s [s4:a3]          START web_search(Applications of CRISPR-Cas9 in genetic d) (pos #76)
  125.01s [s2:a0]          START web_search(experimental results in nuclear fusion r) (pos #77)
  125.01s [s0:r0]          START review_citations (pos #78)
  125.01s [s0:r1]          START review_style (pos #79)
  125.01s [s0:r2]          START review_facts (pos #80)
  125.01s [s2:a1]          START agent_turn(round-1) (pos #81)
  [FIFO] queue waiting 0.14s for capacity (next: s1:orch:synthesis)
  125.16s [s1:orch]        START synthesis (pos #82)
  [FIFO] queue waiting 0.22s for capacity (next: s2:a2:web_search)
  125.38s [s2:a2]          START web_search(latest advancements and challenges in nu) (pos #83)
  [FIFO] queue waiting 0.65s for capacity (next: s3:a3:web_search)
  126.04s [s3:a3]          START web_search(genetic conditions treated by specific g) (pos #84)
  [FIFO] queue waiting 0.10s for capacity (next: s2:a4:web_search)
  126.14s [s2:a4]          START web_search(current status of nuclear fusion technol) (pos #85)
  126.14s [s2:a3]          START web_search(international collaborations in nuclear ) (pos #86)
  [FIFO] queue waiting 0.10s for capacity (next: s3:a2:web_search)
  126.24s [s3:a2]          START web_search(Off-target effects and safety profiles o) (pos #87)
  [FIFO] queue waiting 0.51s for capacity (next: s3:a0:web_search)
  126.31s [s4:a1]          END   web_search(Comparison of efficiency and precision b) (2.30s)
  126.47s [s4:a0]          END   web_search(Mechanisms of action of CRISPR-Cas9 in t) (2.70s)
  126.50s [s4:a2]          END   web_search(Off-target effects and safety profiles o) (2.40s)
  126.76s [s3:a0]          START web_search(Precision differences between CRISPR-Cas) (pos #88)
  [FIFO] queue waiting 0.10s for capacity (next: s3:a4:web_search)
  126.86s [s3:a4]          START web_search(technological advancements in CRISPR-Cas) (pos #89)
  126.86s [s3:a1]          START web_search(Recent studies on CRISPR-Cas9 vs base ed) (pos #90)
  [FIFO] queue waiting 53.15s for capacity (next: s4:a1:web_search)
  127.07s [s4:a3]          END   web_search(Applications of CRISPR-Cas9 in genetic d) (2.06s)
  127.14s [s2:a0]          END   web_search(experimental results in nuclear fusion r) (2.13s)
  127.32s [s2:a1]          END   agent_turn(round-1) (2.30s)
  127.68s [s4:a4]          END   web_search(challenges and future prospects of CRISP) (3.08s)
  127.85s [s3:a3]          END   web_search(genetic conditions treated by specific g) (1.82s)
  127.87s [s2:a3]          END   web_search(international collaborations in nuclear ) (1.73s)
  128.07s [s2:a2]          END   web_search(latest advancements and challenges in nu) (2.69s)
  128.21s [s2:a4]          END   web_search(current status of nuclear fusion technol) (2.07s)
  128.60s [s3:a2]          END   web_search(Off-target effects and safety profiles o) (2.36s)
  129.27s [s3:a4]          END   web_search(technological advancements in CRISPR-Cas) (2.41s)
  129.46s [s3:a0]          END   web_search(Precision differences between CRISPR-Cas) (2.70s)
  129.52s [s0:r1]          END   review_style (4.50s)
  129.56s [s3:a1]          END   web_search(Recent studies on CRISPR-Cas9 vs base ed) (2.71s)
  129.93s [s1:orch]        END   synthesis (4.77s)
  130.02s [s0:r2]          END   review_facts (5.01s)
  134.65s [s0:r0]          END   review_citations (9.64s)
  180.01s [s4:a1]          START web_search(Advantages and limitations of CRISPR-Cas) (pos #91)
  [FIFO] queue waiting 0.78s for capacity (next: s4:a0:web_search)
  180.79s [s4:a0]          START web_search(Mechanisms of action of base editing in ) (pos #92)
  180.79s [s4:a2]          START web_search(Off-target effects and safety profiles o) (pos #93)
  180.79s [s4:a3]          START web_search(Applications of base editing in genetic ) (pos #94)
  180.79s [s2:a0]          START agent_turn(round-1) (pos #95)
  180.79s [s2:a1]          START summarize(len=356) (pos #96)
  [FIFO] queue waiting 0.67s for capacity (next: s4:a4:web_search)
  181.46s [s4:a4]          START web_search(base editing in gene therapy challenges ) (pos #97)
  [FIFO] queue waiting 0.13s for capacity (next: s3:a3:agent_turn)
  181.59s [s3:a3]          START agent_turn(round-1) (pos #98)
  [FIFO] queue waiting 0.10s for capacity (next: s2:a3:web_search)
  181.69s [s2:a3]          START web_search(policy initiatives supporting nuclear fu) (pos #99)
  [FIFO] queue waiting 0.35s for capacity (next: s2:a2:agent_turn)
  182.05s [s2:a2]          START agent_turn(round-1) (pos #100)
  [FIFO] queue waiting 0.10s for capacity (next: s2:a4:agent_turn)
  182.15s [s2:a4]          START agent_turn(round-1) (pos #101)
  [FIFO] queue waiting 1.62s for capacity (next: s3:a2:agent_turn)
  183.77s [s3:a2]          START agent_turn(round-1) (pos #102)
  [FIFO] queue waiting 0.23s for capacity (next: s3:a4:agent_turn)
  183.91s [s2:a1]          END   summarize(len=356) (3.13s)
  184.01s [s3:a4]          START agent_turn(round-1) (pos #103)
  [FIFO] queue waiting 0.10s for capacity (next: s3:a0:agent_turn)
  184.11s [s3:a0]          START agent_turn(round-1) (pos #104)
  [FIFO] queue waiting 0.49s for capacity (next: s3:a1:agent_turn)
  184.43s [s2:a2]          END   agent_turn(round-1) (2.38s)
  184.60s [s3:a1]          START agent_turn(round-1) (pos #105)
  [FIFO] queue waiting 0.41s for capacity (next: s1:r0:review_citations)
  185.02s [s1:r0]          START review_citations (pos #106)
  185.02s [s1:r1]          START review_style (pos #107)
  185.02s [s1:r2]          START review_facts (pos #108)
  185.02s [s0:orch]        START finalize (pos #109)
  185.02s [s2:a1]          START summarize(len=328) (pos #110)
  185.17s [s2:a4]          END   agent_turn(round-1) (3.02s)
  185.69s [s4:a3]          END   web_search(Applications of base editing in genetic ) (4.90s)
  185.69s [s4:a3]          START agent_turn(round-1) (pos #111)
  185.70s [s4:a2]          END   web_search(Off-target effects and safety profiles o) (4.91s)
  185.70s [s4:a2]          START agent_turn(round-1) (pos #112)
  185.70s [s2:a0]          END   agent_turn(round-1) (4.92s)
  185.79s [s4:a1]          END   web_search(Advantages and limitations of CRISPR-Cas) (5.79s)
  185.79s [s4:a1]          START agent_turn(round-1) (pos #113)
  185.80s [s2:a1]          END   summarize(len=328) (0.79s)
  [FIFO] queue waiting 0.23s for capacity (next: s2:a1:summarize)
  186.04s [s2:a1]          START summarize(len=325) (pos #114)
  186.10s [s3:a4]          END   agent_turn(round-1) (2.09s)
  186.18s [s2:a3]          END   web_search(policy initiatives supporting nuclear fu) (4.49s)
  186.19s [s2:a3]          START agent_turn(round-1) (pos #115)
  186.25s [s4:a4]          END   web_search(base editing in gene therapy challenges ) (4.79s)
  186.25s [s4:a4]          START agent_turn(round-1) (pos #116)
  186.26s [s4:a0]          END   web_search(Mechanisms of action of base editing in ) (5.47s)
  186.26s [s4:a0]          START agent_turn(round-1) (pos #117)
  186.52s [s3:a2]          END   agent_turn(round-1) (2.75s)
  186.82s [s2:a1]          END   summarize(len=325) (0.78s)
  186.82s [s2:a1]          START summarize(len=299) (pos #118)
  186.84s [s3:a3]          END   agent_turn(round-1) (5.25s)
  187.27s [s3:a1]          END   agent_turn(round-1) (2.66s)
  187.38s [s3:a0]          END   agent_turn(round-1) (3.27s)
  187.38s [s3:orch]        START synthesis (pos #119)
  187.40s [s4:a2]          END   agent_turn(round-1) (1.69s)
  188.00s [s2:a1]          END   summarize(len=299) (1.17s)
  188.00s [s4:a3]          END   agent_turn(round-1) (2.31s)
  188.00s [s2:a1]          START summarize(len=294) (pos #120)
  188.20s [s4:a1]          END   agent_turn(round-1) (2.41s)
  188.51s [s2:a3]          END   agent_turn(round-1) (2.32s)
  188.62s [s2:a1]          END   summarize(len=294) (0.62s)
  [FIFO] queue waiting 51.39s for capacity (next: s2:a1:agent_turn)
  188.68s [s4:a4]          END   agent_turn(round-1) (2.43s)
  189.22s [s4:a0]          END   agent_turn(round-1) (2.96s)
  190.77s [s1:r1]          END   review_style (5.76s)
  191.55s [s1:r2]          END   review_facts (6.53s)
  192.29s [s1:r0]          END   review_citations (7.28s)
  192.30s [s3:orch]        END   synthesis (4.92s)
  196.61s [s0:orch]        END   finalize (11.60s)
  [batch=0 session=0] done in 196.6s
  240.01s [s2:a1]          START agent_turn(round-2) (pos #121)
  [FIFO] queue waiting 0.78s for capacity (next: s4:orch:synthesis)
  240.79s [s4:orch]        START synthesis (pos #122)
  240.79s [s1:orch]        START finalize (pos #123)
  240.79s [s3:r0]          START review_citations (pos #124)
  240.79s [s3:r1]          START review_style (pos #125)
  240.79s [s3:r2]          START review_facts (pos #126)
  242.48s [s2:a1]          END   agent_turn(round-2) (2.47s)
  242.48s [s2:orch]        START synthesis (pos #127)
  246.47s [s3:r1]          END   review_style (5.68s)
  248.05s [s2:orch]        END   synthesis (5.58s)
  248.05s [s2:r0]          START review_citations (pos #128)
  248.05s [s2:r1]          START review_style (pos #129)
  248.05s [s2:r2]          START review_facts (pos #130)
  248.16s [s4:orch]        END   synthesis (7.37s)
  248.16s [s4:r0]          START review_citations (pos #131)
  248.16s [s4:r1]          START review_style (pos #132)
  248.16s [s4:r2]          START review_facts (pos #133)
  249.09s [s1:orch]        END   finalize (8.30s)
  [batch=0 session=1] done in 245.1s
  249.98s [s3:r2]          END   review_facts (9.19s)
  250.50s [s3:r0]          END   review_citations (9.71s)
  250.50s [s3:orch]        START finalize (pos #134)
  251.79s [s4:r1]          END   review_style (3.63s)
  255.07s [s2:r1]          END   review_style (7.01s)
  256.40s [s2:r2]          END   review_facts (8.35s)
  257.91s [s2:r0]          END   review_citations (9.86s)
  257.91s [s2:orch]        START finalize (pos #135)
  258.45s [s4:r2]          END   review_facts (10.29s)
  258.60s [s4:r0]          END   review_citations (10.44s)
  258.60s [s4:orch]        START finalize (pos #136)
  262.08s [s3:orch]        END   finalize (11.58s)
  [batch=0 session=3] done in 250.1s
  265.40s [s2:orch]        END   finalize (7.48s)
  [batch=0 session=2] done in 257.4s
  270.31s [s4:orch]        END   finalize (11.71s)
  [batch=0 session=4] done in 254.3s

============================================================
 BATCH 0 SUMMARY  (5 ok / 0 failed)
============================================================
  Session durations (successful):
    count  = 5
    mean   = 240.70s
    median = 250.07s
    p95    = 257.39s
    min    = 196.61s
    max    = 257.39s
    stdev  = 25.07s

============================================================
 BATCH 1: launching 5 sessions
 Arrival delays: 0.0s, 4.0s, 8.0s, 12.0s, 16.0s
============================================================
  270.31s [s5:orch]        START breakdown (pos #137)
  271.33s [s5:orch]        END   breakdown (1.02s)
  271.33s [s5:a0]          START agent_turn(round-0) (pos #138)
  271.33s [s5:a1]          START agent_turn(round-0) (pos #139)
  271.33s [s5:a2]          START agent_turn(round-0) (pos #140)
  271.33s [s5:a3]          START agent_turn(round-0) (pos #141)
  271.33s [s5:a4]          START agent_turn(round-0) (pos #142)
  272.09s [s5:a1]          END   agent_turn(round-0) (0.76s)
  272.09s [s5:a1]          START web_search(Comparison of specificity, efficiency, a) (pos #143)
  272.14s [s5:a4]          END   agent_turn(round-0) (0.81s)
  272.14s [s5:a4]          START web_search(ethical, regulatory, and safety consider) (pos #144)
  272.19s [s5:a2]          END   agent_turn(round-0) (0.86s)
  272.19s [s5:a2]          START web_search(Comparison of CRISPR-Cas9 and base editi) (pos #145)
  272.79s [s5:a0]          END   agent_turn(round-0) (1.46s)
  272.79s [s5:a0]          START web_search(CRISPR-Cas9 and base editing technologie) (pos #146)
  272.83s [s5:a3]          END   agent_turn(round-0) (1.50s)
  272.83s [s5:a3]          START web_search(challenges and limitations of clinical i) (pos #147)
  274.32s [s6:orch]        START breakdown (pos #148)
  274.83s [s5:a4]          END   web_search(ethical, regulatory, and safety consider) (2.70s)
  274.83s [s5:a4]          START web_search(ethical, regulatory, and safety consider) (pos #149)
  274.91s [s5:a3]          END   web_search(challenges and limitations of clinical i) (2.08s)
  274.91s [s5:a3]          START web_search(limitations of emerging health technolog) (pos #150)
  274.95s [s5:a1]          END   web_search(Comparison of specificity, efficiency, a) (2.87s)
  [FIFO] queue waiting 25.05s for capacity (next: s5:a1:web_search)
  275.28s [s6:orch]        END   breakdown (0.96s)
  275.52s [s5:a2]          END   web_search(Comparison of CRISPR-Cas9 and base editi) (3.33s)
  276.58s [s5:a0]          END   web_search(CRISPR-Cas9 and base editing technologie) (3.79s)
  276.88s [s5:a3]          END   web_search(limitations of emerging health technolog) (1.97s)
  277.00s [s5:a4]          END   web_search(ethical, regulatory, and safety consider) (2.17s)
  300.01s [s5:a1]          START web_search(CRISPR-Cas9 vs base editing in terms of ) (pos #151)
  [FIFO] queue waiting 0.78s for capacity (next: s6:a0:agent_turn)
  300.79s [s6:a0]          START agent_turn(round-0) (pos #152)
  300.79s [s6:a1]          START agent_turn(round-0) (pos #153)
  300.79s [s6:a2]          START agent_turn(round-0) (pos #154)
  300.79s [s6:a3]          START agent_turn(round-0) (pos #155)
  300.79s [s6:a4]          START agent_turn(round-0) (pos #156)
  [FIFO] queue waiting 1.69s for capacity (next: s5:a2:web_search)
  301.45s [s6:a3]          END   agent_turn(round-0) (0.66s)
  301.48s [s6:a4]          END   agent_turn(round-0) (0.69s)
  301.57s [s6:a1]          END   agent_turn(round-0) (0.78s)
  302.22s [s6:a0]          END   agent_turn(round-0) (1.43s)
  302.26s [s6:a2]          END   agent_turn(round-0) (1.47s)
  302.44s [s5:a1]          END   web_search(CRISPR-Cas9 vs base editing in terms of ) (2.43s)
  302.48s [s5:a2]          START web_search(Types of genetic mutations and methods o) (pos #157)
  [FIFO] queue waiting 5.57s for capacity (next: s5:a0:web_search)
  305.05s [s5:a2]          END   web_search(Types of genetic mutations and methods o) (2.58s)
  308.05s [s5:a0]          START web_search(fundamental mechanisms of CRISPR-Cas9) (pos #158)
  308.05s [s5:a3]          START agent_turn(round-1) (pos #159)
  308.05s [s5:a4]          START agent_turn(round-1) (pos #160)
  [FIFO] queue waiting 0.11s for capacity (next: s7:orch:breakdown)
  308.16s [s7:orch]        START breakdown (pos #161)
  308.16s [s8:orch]        START breakdown (pos #162)
  308.16s [s9:orch]        START breakdown (pos #163)
  [FIFO] queue waiting 2.34s for capacity (next: s6:a3:web_search)
  308.96s [s9:orch]        END   breakdown (0.80s)
  309.01s [s8:orch]        END   breakdown (0.85s)
  309.22s [s7:orch]        END   breakdown (1.06s)
  309.75s [s5:a3]          END   agent_turn(round-1) (1.70s)
  310.25s [s5:a4]          END   agent_turn(round-1) (2.20s)
  310.50s [s6:a3]          START web_search(Impact of new error models on quantum er) (pos #164)
  [FIFO] queue waiting 7.41s for capacity (next: s6:a4:web_search)
  310.89s [s5:a0]          END   web_search(fundamental mechanisms of CRISPR-Cas9) (2.83s)
  313.06s [s6:a3]          END   web_search(Impact of new error models on quantum er) (2.56s)
  317.91s [s6:a4]          START web_search(practical applications of quantum error ) (pos #165)
  [FIFO] queue waiting 0.69s for capacity (next: s6:a1:web_search)
  318.61s [s6:a1]          START web_search(Evolution of experimental quantum error ) (pos #166)
  [FIFO] queue waiting 11.71s for capacity (next: s6:a0:web_search)
  319.74s [s6:a4]          END   web_search(practical applications of quantum error ) (1.83s)
  321.52s [s6:a1]          END   web_search(Evolution of experimental quantum error ) (2.91s)
  330.32s [s6:a0]          START web_search(recent developments in quantum error cor) (pos #167)
  [FIFO] queue waiting 1.01s for capacity (next: s6:a2:web_search)
  331.33s [s6:a2]          START web_search(Challenges in scaling quantum error corr) (pos #168)
  331.33s [s5:a1]          START agent_turn(round-1) (pos #169)
  331.33s [s5:a2]          START agent_turn(round-1) (pos #170)
  331.33s [s9:a0]          START agent_turn(round-0) (pos #171)
  331.33s [s9:a1]          START agent_turn(round-0) (pos #172)
  [FIFO] queue waiting 0.75s for capacity (next: s9:a2:agent_turn)
  332.09s [s9:a2]          START agent_turn(round-0) (pos #173)
  [FIFO] queue waiting 0.10s for capacity (next: s9:a3:agent_turn)
  332.18s [s9:a0]          END   agent_turn(round-0) (0.85s)
  332.19s [s9:a3]          START agent_turn(round-0) (pos #174)
  332.19s [s9:a4]          START agent_turn(round-0) (pos #175)
  [FIFO] queue waiting 0.60s for capacity (next: s8:a0:agent_turn)
  332.27s [s9:a1]          END   agent_turn(round-0) (0.94s)
  332.34s [s6:a0]          END   web_search(recent developments in quantum error cor) (2.02s)
  332.79s [s8:a0]          START agent_turn(round-0) (pos #176)
  [FIFO] queue waiting 0.10s for capacity (next: s8:a1:agent_turn)
  332.89s [s8:a1]          START agent_turn(round-0) (pos #177)
  [FIFO] queue waiting 1.43s for capacity (next: s8:a2:agent_turn)
  332.90s [s9:a3]          END   agent_turn(round-0) (0.71s)
  332.90s [s9:a2]          END   agent_turn(round-0) (0.82s)
  333.41s [s5:a1]          END   agent_turn(round-1) (2.08s)
  333.41s [s5:a2]          END   agent_turn(round-1) (2.08s)
  333.41s [s8:a0]          END   agent_turn(round-0) (0.62s)
  333.46s [s9:a4]          END   agent_turn(round-0) (1.27s)
  333.58s [s8:a1]          END   agent_turn(round-0) (0.69s)
  334.11s [s6:a2]          END   web_search(Challenges in scaling quantum error corr) (2.78s)
  334.32s [s8:a2]          START agent_turn(round-0) (pos #178)
  [FIFO] queue waiting 0.52s for capacity (next: s8:a3:agent_turn)
  334.84s [s8:a3]          START agent_turn(round-0) (pos #179)
  [FIFO] queue waiting 0.10s for capacity (next: s8:a4:agent_turn)
  334.94s [s8:a4]          START agent_turn(round-0) (pos #180)
  [FIFO] queue waiting 25.07s for capacity (next: s7:a0:agent_turn)
  334.96s [s8:a2]          END   agent_turn(round-0) (0.64s)
  335.76s [s8:a3]          END   agent_turn(round-0) (0.93s)
  335.77s [s8:a4]          END   agent_turn(round-0) (0.83s)
  360.01s [s7:a0]          START agent_turn(round-0) (pos #181)
  [FIFO] queue waiting 0.78s for capacity (next: s7:a1:agent_turn)
  360.75s [s7:a0]          END   agent_turn(round-0) (0.74s)
  360.79s [s7:a1]          START agent_turn(round-0) (pos #182)
  360.79s [s7:a2]          START agent_turn(round-0) (pos #183)
  360.79s [s7:a3]          START agent_turn(round-0) (pos #184)
  360.79s [s7:a4]          START agent_turn(round-0) (pos #185)
  360.79s [s5:a0]          START agent_turn(round-1) (pos #186)
  [FIFO] queue waiting 1.69s for capacity (next: s6:a3:web_search)
  361.50s [s7:a3]          END   agent_turn(round-0) (0.70s)
  361.86s [s7:a4]          END   agent_turn(round-0) (1.07s)
  362.02s [s7:a2]          END   agent_turn(round-0) (1.22s)
  362.29s [s7:a1]          END   agent_turn(round-0) (1.49s)
  362.48s [s6:a3]          START web_search(Recent developments in quantum error cor) (pos #187)
  [FIFO] queue waiting 5.57s for capacity (next: s6:a4:web_search)
  363.30s [s5:a0]          END   agent_turn(round-1) (2.51s)
  364.43s [s6:a3]          END   web_search(Recent developments in quantum error cor) (1.95s)
  368.05s [s6:a4]          START web_search(limitations of current quantum error cor) (pos #188)
  368.05s [s6:a1]          START web_search(Recent advances in quantum error correct) (pos #189)
  368.05s [s9:a0]          START web_search(potential effects of deep-sea mining on ) (pos #190)
  [FIFO] queue waiting 0.11s for capacity (next: s9:a1:web_search)
  368.16s [s9:a1]          START web_search(impact of deep-sea mining on sediment di) (pos #191)
  368.16s [s6:a0]          START web_search(underlying principles of recent quantum ) (pos #192)
  368.16s [s9:a3]          START web_search(Impact of deep-sea mining on carbon sequ) (pos #193)
  [FIFO] queue waiting 2.34s for capacity (next: s9:a2:web_search)
  369.72s [s9:a1]          END   web_search(impact of deep-sea mining on sediment di) (1.56s)
  370.42s [s6:a4]          END   web_search(limitations of current quantum error cor) (2.36s)
  370.50s [s9:a3]          END   web_search(Impact of deep-sea mining on carbon sequ) (2.34s)
  370.50s [s9:a2]          START web_search(long-term ecological consequences of min) (pos #194)
  [FIFO] queue waiting 7.41s for capacity (next: s8:a0:web_search)
  370.56s [s9:a0]          END   web_search(potential effects of deep-sea mining on ) (2.50s)
  370.58s [s6:a1]          END   web_search(Recent advances in quantum error correct) (2.52s)
  371.29s [s6:a0]          END   web_search(underlying principles of recent quantum ) (3.12s)
  372.51s [s9:a2]          END   web_search(long-term ecological consequences of min) (2.01s)
  377.91s [s8:a0]          START web_search(recent theoretical developments in quant) (pos #195)
  [FIFO] queue waiting 0.69s for capacity (next: s9:a4:web_search)
  378.61s [s9:a4]          START web_search(measures to mitigate environmental risks) (pos #196)
  [FIFO] queue waiting 11.71s for capacity (next: s8:a1:web_search)
  380.66s [s9:a4]          END   web_search(measures to mitigate environmental risks) (2.05s)
  380.92s [s8:a0]          END   web_search(recent theoretical developments in quant) (3.01s)
  390.32s [s8:a1]          START web_search(improvements in quantum error correction) (pos #197)
  [FIFO] queue waiting 1.02s for capacity (next: s6:a2:web_search)
  391.33s [s6:a2]          START web_search(Quantum error correction methods for lar) (pos #198)
  391.33s [s8:a2]          START web_search(novel hardware architectures for quantum) (pos #199)
  391.33s [s8:a3]          START web_search(latest advances in fault-tolerant quantu) (pos #200)
  391.33s [s8:a4]          START web_search(Challenges in integrating quantum error ) (pos #201)
  391.33s [s7:a0]          START web_search(potential effects of deep-sea mining on ) (pos #202)
  [FIFO] queue waiting 0.75s for capacity (next: s7:a3:web_search)
  392.09s [s7:a3]          START web_search(Deep-sea mining and greenhouse gas emiss) (pos #203)
  [FIFO] queue waiting 0.10s for capacity (next: s7:a4:web_search)
  392.19s [s7:a4]          START web_search(long-term ecological consequences of dee) (pos #204)
  392.19s [s7:a2]          START web_search(Implications of deep-sea mining on water) (pos #205)
  [FIFO] queue waiting 0.60s for capacity (next: s7:a1:web_search)
  392.61s [s8:a1]          END   web_search(improvements in quantum error correction) (2.30s)
  392.79s [s7:a1]          START web_search(Impact of deep-sea mining on sediment st) (pos #206)
  [FIFO] queue waiting 0.10s for capacity (next: s5:orch:synthesis)
  392.89s [s5:orch]        START synthesis (pos #207)
  [FIFO] queue waiting 1.43s for capacity (next: s6:a3:agent_turn)
  392.91s [s8:a4]          END   web_search(Challenges in integrating quantum error ) (1.58s)
  393.19s [s6:a2]          END   web_search(Quantum error correction methods for lar) (1.85s)
  393.38s [s8:a2]          END   web_search(novel hardware architectures for quantum) (2.04s)
  393.72s [s7:a2]          END   web_search(Implications of deep-sea mining on water) (1.53s)
  394.03s [s7:a3]          END   web_search(Deep-sea mining and greenhouse gas emiss) (1.94s)
  394.03s [s7:a0]          END   web_search(potential effects of deep-sea mining on ) (2.69s)
  394.24s [s8:a3]          END   web_search(latest advances in fault-tolerant quantu) (2.91s)
  394.32s [s6:a3]          START agent_turn(round-1) (pos #208)
  [FIFO] queue waiting 0.52s for capacity (next: s9:a1:web_search)
  394.64s [s7:a4]          END   web_search(long-term ecological consequences of dee) (2.45s)
  394.84s [s9:a1]          START web_search(effects of deep-sea mining on marine eco) (pos #209)
  [FIFO] queue waiting 0.10s for capacity (next: s6:a4:agent_turn)
  394.92s [s7:a1]          END   web_search(Impact of deep-sea mining on sediment st) (2.13s)
  394.94s [s6:a4]          START agent_turn(round-1) (pos #210)
  [FIFO] queue waiting 25.07s for capacity (next: s9:a3:web_search)
  396.38s [s6:a3]          END   agent_turn(round-1) (2.06s)
  396.41s [s9:a1]          END   web_search(effects of deep-sea mining on marine eco) (1.58s)
  397.00s [s5:orch]        END   synthesis (4.11s)
  397.49s [s6:a4]          END   agent_turn(round-1) (2.55s)
  420.01s [s9:a3]          START web_search(Deep-sea mining and its environmental ef) (pos #211)
  [FIFO] queue waiting 0.78s for capacity (next: s9:a0:web_search)
  420.79s [s9:a0]          START web_search(impact of deep-sea mining on marine life) (pos #212)
  420.79s [s6:a1]          START agent_turn(round-1) (pos #213)
  420.79s [s6:a0]          START agent_turn(round-1) (pos #214)
  420.79s [s9:a2]          START web_search(impact of deep-sea mining on marine ecos) (pos #215)
  420.79s [s9:a4]          START web_search(environmental impact mitigation strategi) (pos #216)
  [FIFO] queue waiting 1.69s for capacity (next: s8:a0:web_search)
  422.28s [s9:a0]          END   web_search(impact of deep-sea mining on marine life) (1.48s)
  422.47s [s9:a4]          END   web_search(environmental impact mitigation strategi) (1.67s)
  422.48s [s8:a0]          START web_search(latest research papers on quantum error ) (pos #217)
  [FIFO] queue waiting 5.57s for capacity (next: s8:a1:web_search)
  422.54s [s6:a0]          END   agent_turn(round-1) (1.75s)
  422.61s [s9:a2]          END   web_search(impact of deep-sea mining on marine ecos) (1.82s)
  422.70s [s9:a3]          END   web_search(Deep-sea mining and its environmental ef) (2.69s)
  423.18s [s6:a1]          END   agent_turn(round-1) (2.39s)
  424.51s [s8:a0]          END   web_search(latest research papers on quantum error ) (2.03s)
  428.06s [s8:a1]          START web_search(latest experimental techniques in quantu) (pos #218)
  428.06s [s8:a4]          START web_search(Current state and challenges of quantum ) (pos #219)
  428.06s [s6:a2]          START agent_turn(round-1) (pos #220)
  [FIFO] queue waiting 0.10s for capacity (next: s8:a2:agent_turn)
  428.16s [s8:a2]          START agent_turn(round-1) (pos #221)
  428.16s [s7:a2]          START web_search(Environmental impacts of deep-sea mining) (pos #222)
  428.16s [s7:a3]          START web_search(Environmental impact of deep-sea mining ) (pos #223)
  [FIFO] queue waiting 2.34s for capacity (next: s7:a0:web_search)
  429.96s [s7:a3]          END   web_search(Environmental impact of deep-sea mining ) (1.80s)
  430.17s [s7:a2]          END   web_search(Environmental impacts of deep-sea mining) (2.01s)
  430.21s [s6:a2]          END   agent_turn(round-1) (2.16s)
  430.41s [s8:a1]          END   web_search(latest experimental techniques in quantu) (2.36s)
  430.50s [s7:a0]          START web_search(deep-sea mining environmental impacts) (pos #224)
  [FIFO] queue waiting 7.41s for capacity (next: s8:a3:web_search)
  430.62s [s8:a4]          END   web_search(Current state and challenges of quantum ) (2.57s)
  430.64s [s8:a2]          END   agent_turn(round-1) (2.48s)
  432.94s [s7:a0]          END   web_search(deep-sea mining environmental impacts) (2.44s)
  437.92s [s8:a3]          START web_search(recent developments in fault-tolerant qu) (pos #225)
  [FIFO] queue waiting 0.69s for capacity (next: s7:a4:web_search)
  438.61s [s7:a4]          START web_search(impact of deep-sea mining on ocean ecosy) (pos #226)
  [FIFO] queue waiting 11.71s for capacity (next: s7:a1:web_search)
  439.99s [s8:a3]          END   web_search(recent developments in fault-tolerant qu) (2.08s)
  441.23s [s7:a4]          END   web_search(impact of deep-sea mining on ocean ecosy) (2.62s)
  450.32s [s7:a1]          START web_search(Chemical changes in ocean floor due to d) (pos #227)
  [FIFO] queue waiting 1.01s for capacity (next: s9:a1:agent_turn)
  451.34s [s9:a1]          START agent_turn(round-1) (pos #228)
  451.34s [s5:r0]          START review_citations (pos #229)
  451.34s [s5:r1]          START review_style (pos #230)
  451.34s [s5:r2]          START review_facts (pos #231)
  451.34s [s9:a0]          START agent_turn(round-1) (pos #232)
  [FIFO] queue waiting 0.75s for capacity (next: s9:a4:agent_turn)
  452.09s [s9:a4]          START agent_turn(round-1) (pos #233)
  [FIFO] queue waiting 0.10s for capacity (next: s9:a2:agent_turn)
  452.19s [s9:a2]          START agent_turn(round-1) (pos #234)
  452.19s [s9:a3]          START agent_turn(round-1) (pos #235)
  [FIFO] queue waiting 0.60s for capacity (next: s8:a0:agent_turn)
  452.79s [s8:a0]          START agent_turn(round-1) (pos #236)
  [FIFO] queue waiting 0.10s for capacity (next: s7:a3:agent_turn)
  452.84s [s7:a1]          END   web_search(Chemical changes in ocean floor due to d) (2.52s)
  452.89s [s9:a1]          END   agent_turn(round-1) (1.56s)
  452.89s [s7:a3]          START agent_turn(round-1) (pos #237)
  [FIFO] queue waiting 1.43s for capacity (next: s7:a2:agent_turn)
  453.52s [s9:a0]          END   agent_turn(round-1) (2.19s)
  453.83s [s9:a3]          END   agent_turn(round-1) (1.64s)
  453.83s [s9:a2]          END   agent_turn(round-1) (1.64s)
  454.14s [s7:a3]          END   agent_turn(round-1) (1.25s)
  454.32s [s7:a2]          START agent_turn(round-1) (pos #238)
  [FIFO] queue waiting 0.52s for capacity (next: s6:orch:synthesis)
  454.58s [s9:a4]          END   agent_turn(round-1) (2.49s)
  454.84s [s6:orch]        START synthesis (pos #239)
  [FIFO] queue waiting 0.10s for capacity (next: s8:a1:agent_turn)
  454.94s [s8:a1]          START agent_turn(round-1) (pos #240)
  [FIFO] queue waiting 25.07s for capacity (next: s8:a4:agent_turn)
  455.05s [s8:a0]          END   agent_turn(round-1) (2.25s)
  455.37s [s5:r1]          END   review_style (4.04s)
  456.59s [s7:a2]          END   agent_turn(round-1) (2.27s)
  456.87s [s8:a1]          END   agent_turn(round-1) (1.93s)
  457.62s [s5:r2]          END   review_facts (6.28s)
  461.45s [s6:orch]        END   synthesis (6.61s)
  463.56s [s5:r0]          END   review_citations (12.23s)
  480.01s [s8:a4]          START agent_turn(round-1) (pos #241)
  [FIFO] queue waiting 0.78s for capacity (next: s8:a2:summarize)
  480.79s [s8:a2]          START summarize(len=419) (pos #242)
  480.79s [s7:a0]          START agent_turn(round-1) (pos #243)
  480.79s [s8:a3]          START agent_turn(round-1) (pos #244)
  480.79s [s7:a4]          START agent_turn(round-1) (pos #245)
  480.79s [s7:a1]          START agent_turn(round-1) (pos #246)
  [FIFO] queue waiting 1.69s for capacity (next: s9:orch:synthesis)
  481.68s [s8:a2]          END   summarize(len=419) (0.89s)
  482.20s [s8:a4]          END   agent_turn(round-1) (2.18s)
  482.48s [s9:orch]        START synthesis (pos #247)
  [FIFO] queue waiting 5.57s for capacity (next: s6:r0:review_citations)
  482.62s [s7:a0]          END   agent_turn(round-1) (1.82s)
  482.95s [s7:a1]          END   agent_turn(round-1) (2.16s)
  482.98s [s8:a3]          END   agent_turn(round-1) (2.18s)
  483.13s [s7:a4]          END   agent_turn(round-1) (2.33s)
  487.81s [s9:orch]        END   synthesis (5.32s)
  488.06s [s6:r0]          START review_citations (pos #248)
  488.06s [s6:r1]          START review_style (pos #249)
  488.06s [s6:r2]          START review_facts (pos #250)
  [FIFO] queue waiting 0.10s for capacity (next: s5:orch:finalize)
  488.16s [s5:orch]        START finalize (pos #251)
  488.16s [s8:a2]          START summarize(len=406) (pos #252)
  488.16s [s7:orch]        START synthesis (pos #253)
  [FIFO] queue waiting 2.34s for capacity (next: s9:r0:review_citations)
  488.96s [s8:a2]          END   summarize(len=406) (0.79s)
  490.50s [s9:r0]          START review_citations (pos #254)
  [FIFO] queue waiting 7.41s for capacity (next: s9:r1:review_style)
  492.39s [s7:orch]        END   synthesis (4.23s)
  493.87s [s6:r1]          END   review_style (5.81s)
  494.59s [s6:r2]          END   review_facts (6.53s)
  496.64s [s5:orch]        END   finalize (8.47s)
  [batch=1 session=5] done in 226.3s
  496.93s [s6:r0]          END   review_citations (8.87s)
  497.92s [s9:r1]          START review_style (pos #255)
  [FIFO] queue waiting 0.69s for capacity (next: s9:r2:review_facts)
  498.61s [s9:r2]          START review_facts (pos #256)
  [FIFO] queue waiting 11.71s for capacity (next: s8:a2:summarize)
  500.01s [s9:r0]          END   review_citations (9.51s)
  502.39s [s9:r1]          END   review_style (4.47s)
  508.41s [s9:r2]          END   review_facts (9.80s)
  510.32s [s8:a2]          START summarize(len=432) (pos #257)
  [FIFO] queue waiting 1.02s for capacity (next: s7:r0:review_citations)
  511.07s [s8:a2]          END   summarize(len=432) (0.75s)
  511.34s [s7:r0]          START review_citations (pos #258)
  511.34s [s7:r1]          START review_style (pos #259)
  511.34s [s7:r2]          START review_facts (pos #260)
  511.34s [s6:orch]        START finalize (pos #261)
  511.34s [s9:orch]        START finalize (pos #262)
  [FIFO] queue waiting 0.75s for capacity (next: s8:a2:summarize)
  512.09s [s8:a2]          START summarize(len=413) (pos #263)
  512.71s [s8:a2]          END   summarize(len=413) (0.62s)
  512.71s [s8:a2]          START summarize(len=366) (pos #264)
  513.29s [s8:a2]          END   summarize(len=366) (0.57s)
  513.29s [s8:a2]          START agent_turn(round-2) (pos #265)
  515.16s [s8:a2]          END   agent_turn(round-2) (1.87s)
  515.16s [s8:orch]        START synthesis (pos #266)
  518.00s [s9:orch]        END   finalize (6.67s)
  [batch=1 session=9] done in 231.7s
  518.06s [s7:r2]          END   review_facts (6.72s)
  519.88s [s6:orch]        END   finalize (8.54s)
  [batch=1 session=6] done in 245.6s
  521.51s [s8:orch]        END   synthesis (6.35s)
  521.51s [s8:r0]          START review_citations (pos #267)
  521.51s [s8:r1]          START review_style (pos #268)
  521.51s [s8:r2]          START review_facts (pos #269)
  521.61s [s7:r1]          END   review_style (10.27s)
  524.28s [s7:r0]          END   review_citations (12.95s)
  524.28s [s7:orch]        START finalize (pos #270)
  528.07s [s8:r1]          END   review_style (6.56s)
  530.25s [s7:orch]        END   finalize (5.96s)
  [batch=1 session=7] done in 251.9s
  532.98s [s8:r0]          END   review_citations (11.47s)
  533.04s [s8:r2]          END   review_facts (11.53s)
  [FIFO] queue waiting 6.97s for capacity (next: s8:orch:finalize)
  540.02s [s8:orch]        START finalize (pos #271)
  549.87s [s8:orch]        END   finalize (9.86s)
  [batch=1 session=8] done in 267.6s

============================================================
 BATCH 1 SUMMARY  (5 ok / 0 failed)
============================================================
  Session durations (successful):
    count  = 5
    mean   = 244.61s
    median = 245.56s
    p95    = 267.56s
    min    = 226.32s
    max    = 267.56s
    stdev  = 16.45s

============================================================
 BATCH 2: launching 5 sessions
 Arrival delays: 0.0s, 4.0s, 8.0s, 12.0s, 16.0s
============================================================
  549.87s [s10:orch]       START breakdown (pos #272)
  550.81s [s10:orch]       END   breakdown (0.93s)
  550.81s [s10:a0]         START agent_turn(round-0) (pos #273)
  550.81s [s10:a1]         START agent_turn(round-0) (pos #274)
  550.81s [s10:a2]         START agent_turn(round-0) (pos #275)
  550.81s [s10:a3]         START agent_turn(round-0) (pos #276)
  550.81s [s10:a4]         START agent_turn(round-0) (pos #277)
  551.64s [s10:a1]         END   agent_turn(round-0) (0.83s)
  551.64s [s10:a4]         END   agent_turn(round-0) (0.83s)
  551.64s [s10:a1]         START web_search(Large language models in chemical compou) (pos #278)
  551.64s [s10:a4]         START web_search(ethical considerations in using AI in ph) (pos #279)
  551.66s [s10:a3]         END   agent_turn(round-0) (0.86s)
  551.66s [s10:a3]         START web_search(Comparison of large language models and ) (pos #280)
  551.68s [s10:a0]         END   agent_turn(round-0) (0.87s)
  551.68s [s10:a0]         START web_search(roles of large language models in drug t) (pos #281)
  552.68s [s10:a2]         END   agent_turn(round-0) (1.88s)
  552.68s [s10:a2]         START web_search(challenges and limitations of large lang) (pos #282)
  553.88s [s11:orch]       START breakdown (pos #283)
  553.88s [s10:a1]         END   web_search(Large language models in chemical compou) (2.24s)
  553.88s [s10:a1]         START web_search(Applications of AI and LLMs in chemical ) (pos #284)
  554.26s [s10:a0]         END   web_search(roles of large language models in drug t) (2.58s)
  [FIFO] queue waiting 3.66s for capacity (next: s10:a0:web_search)
  554.26s [s10:a4]         END   web_search(ethical considerations in using AI in ph) (2.62s)
  554.78s [s10:a3]         END   web_search(Comparison of large language models and ) (3.12s)
  554.97s [s11:orch]       END   breakdown (1.09s)
  555.05s [s10:a2]         END   web_search(challenges and limitations of large lang) (2.36s)
  555.83s [s10:a1]         END   web_search(Applications of AI and LLMs in chemical ) (1.96s)
  557.92s [s10:a0]         START web_search(applications of large language models in) (pos #285)
  [FIFO] queue waiting 0.69s for capacity (next: s10:a4:web_search)
  558.61s [s10:a4]         START web_search(regulatory considerations for AI in phar) (pos #286)
  [FIFO] queue waiting 11.71s for capacity (next: s10:a3:web_search)
  560.09s [s10:a0]         END   web_search(applications of large language models in) (2.17s)
  560.61s [s10:a4]         END   web_search(regulatory considerations for AI in phar) (2.00s)
  570.32s [s10:a3]         START web_search(Recent advances in AI and machine learni) (pos #287)
  [FIFO] queue waiting 1.02s for capacity (next: s11:a0:agent_turn)
  571.34s [s11:a0]         START agent_turn(round-0) (pos #288)
  571.34s [s11:a1]         START agent_turn(round-0) (pos #289)
  571.34s [s11:a2]         START agent_turn(round-0) (pos #290)
  571.34s [s11:a3]         START agent_turn(round-0) (pos #291)
  571.34s [s11:a4]         START agent_turn(round-0) (pos #292)
  [FIFO] queue waiting 0.76s for capacity (next: s10:a2:web_search)
  572.09s [s10:a2]         START web_search(limitations of AI in drug discovery) (pos #293)
  [FIFO] queue waiting 0.62s for capacity (next: s10:a1:agent_turn)
  572.19s [s11:a3]         END   agent_turn(round-0) (0.85s)
  572.19s [s11:a1]         END   agent_turn(round-0) (0.85s)
  572.22s [s11:a4]         END   agent_turn(round-0) (0.88s)
  572.25s [s11:a2]         END   agent_turn(round-0) (0.91s)
  572.35s [s11:a0]         END   agent_turn(round-0) (1.01s)
  572.71s [s10:a1]         START agent_turn(round-1) (pos #294)
  [FIFO] queue waiting 0.57s for capacity (next: s12:orch:breakdown)
  573.03s [s10:a3]         END   web_search(Recent advances in AI and machine learni) (2.71s)
  573.29s [s12:orch]       START breakdown (pos #295)
  [FIFO] queue waiting 1.87s for capacity (next: s10:a0:agent_turn)
  574.26s [s12:orch]       END   breakdown (0.97s)
  574.26s [s10:a2]         END   web_search(limitations of AI in drug discovery) (2.16s)
  575.16s [s10:a0]         START agent_turn(round-1) (pos #296)
  [FIFO] queue waiting 6.35s for capacity (next: s10:a4:agent_turn)
  575.79s [s10:a1]         END   agent_turn(round-1) (3.08s)
  577.70s [s10:a0]         END   agent_turn(round-1) (2.54s)
  581.51s [s10:a4]         START agent_turn(round-1) (pos #297)
  581.51s [s13:orch]       START breakdown (pos #298)
  581.51s [s14:orch]       START breakdown (pos #299)
  [FIFO] queue waiting 2.77s for capacity (next: s11:a3:web_search)
  582.34s [s13:orch]       END   breakdown (0.83s)
  582.57s [s14:orch]       END   breakdown (1.06s)
  584.14s [s10:a4]         END   agent_turn(round-1) (2.63s)
  584.29s [s11:a3]         START web_search(impact of new error models and noise cha) (pos #300)
  [FIFO] queue waiting 15.73s for capacity (next: s11:a1:web_search)
  586.14s [s11:a3]         END   web_search(impact of new error models and noise cha) (1.86s)
  600.02s [s11:a1]         START web_search(experimental quantum error correction in) (pos #301)
  [FIFO] queue waiting 9.85s for capacity (next: s11:a4:web_search)
  602.49s [s11:a1]         END   web_search(experimental quantum error correction in) (2.48s)
  609.87s [s11:a4]         START web_search(Emerging algorithms for quantum error co) (pos #302)
  [FIFO] queue waiting 0.93s for capacity (next: s11:a2:web_search)
  610.81s [s11:a2]         START web_search(challenges in fault-tolerant quantum com) (pos #303)
  610.81s [s11:a0]         START web_search(Recent theoretical developments in quant) (pos #304)
  610.81s [s10:a3]         START agent_turn(round-1) (pos #305)
  610.81s [s12:a0]         START agent_turn(round-0) (pos #306)
  610.81s [s12:a1]         START agent_turn(round-0) (pos #307)
  [FIFO] queue waiting 0.83s for capacity (next: s12:a2:agent_turn)
  611.64s [s12:a2]         START agent_turn(round-0) (pos #308)
  611.64s [s12:a3]         START agent_turn(round-0) (pos #309)
  [FIFO] queue waiting 0.10s for capacity (next: s12:a4:agent_turn)
  611.70s [s12:a0]         END   agent_turn(round-0) (0.89s)
  611.74s [s12:a4]         START agent_turn(round-0) (pos #310)
  611.74s [s10:a2]         START agent_turn(round-1) (pos #311)
  [FIFO] queue waiting 0.94s for capacity (next: s13:a0:agent_turn)
  611.75s [s12:a1]         END   agent_turn(round-0) (0.95s)
  612.56s [s11:a4]         END   web_search(Emerging algorithms for quantum error co) (2.69s)
  612.58s [s12:a4]         END   agent_turn(round-0) (0.84s)
  612.59s [s12:a2]         END   agent_turn(round-0) (0.95s)
  612.69s [s13:a0]         START agent_turn(round-0) (pos #312)
  [FIFO] queue waiting 1.19s for capacity (next: s13:a1:agent_turn)
  612.70s [s12:a3]         END   agent_turn(round-0) (1.06s)
  613.00s [s11:a2]         END   web_search(challenges in fault-tolerant quantum com) (2.19s)
  613.05s [s10:a3]         END   agent_turn(round-1) (2.24s)
  613.25s [s11:a0]         END   web_search(Recent theoretical developments in quant) (2.45s)
  613.30s [s13:a0]         END   agent_turn(round-0) (0.62s)
  613.88s [s13:a1]         START agent_turn(round-0) (pos #313)
  [FIFO] queue waiting 0.10s for capacity (next: s13:a2:agent_turn)
  613.89s [s10:a2]         END   agent_turn(round-1) (2.14s)
  613.98s [s13:a2]         START agent_turn(round-0) (pos #314)
  [FIFO] queue waiting 3.94s for capacity (next: s13:a3:agent_turn)
  614.56s [s13:a1]         END   agent_turn(round-0) (0.68s)
  614.80s [s13:a2]         END   agent_turn(round-0) (0.82s)
  617.92s [s13:a3]         START agent_turn(round-0) (pos #315)
  [FIFO] queue waiting 0.69s for capacity (next: s13:a4:agent_turn)
  618.61s [s13:a4]         START agent_turn(round-0) (pos #316)
  [FIFO] queue waiting 11.71s for capacity (next: s14:a0:agent_turn)
  618.74s [s13:a3]         END   agent_turn(round-0) (0.82s)
  619.52s [s13:a4]         END   agent_turn(round-0) (0.91s)
  630.32s [s14:a0]         START agent_turn(round-0) (pos #317)
  [FIFO] queue waiting 1.02s for capacity (next: s14:a1:agent_turn)
  631.34s [s14:a1]         START agent_turn(round-0) (pos #318)
  631.34s [s14:a2]         START agent_turn(round-0) (pos #319)
  631.34s [s14:a3]         START agent_turn(round-0) (pos #320)
  631.34s [s14:a4]         START agent_turn(round-0) (pos #321)
  631.34s [s11:a3]         START web_search(how noise characterization influences qu) (pos #322)
  [FIFO] queue waiting 0.76s for capacity (next: s11:a1:web_search)
  631.36s [s14:a0]         END   agent_turn(round-0) (1.04s)
  632.10s [s11:a1]         START web_search(experimental quantum error correction in) (pos #323)
  [FIFO] queue waiting 0.62s for capacity (next: s12:a0:web_search)
  632.16s [s14:a1]         END   agent_turn(round-0) (0.82s)
  632.38s [s14:a4]         END   agent_turn(round-0) (1.04s)
  632.41s [s14:a3]         END   agent_turn(round-0) (1.07s)
  632.71s [s12:a0]         START web_search(Recent developments in quantum error cor) (pos #324)
  [FIFO] queue waiting 0.57s for capacity (next: s12:a1:web_search)
  632.90s [s14:a2]         END   agent_turn(round-0) (1.56s)
  633.29s [s12:a1]         START web_search(Progress of experimental quantum error c) (pos #325)
  [FIFO] queue waiting 1.87s for capacity (next: s11:a4:web_search)
  633.52s [s11:a3]         END   web_search(how noise characterization influences qu) (2.18s)
  634.77s [s11:a1]         END   web_search(experimental quantum error correction in) (2.68s)
  635.07s [s12:a0]         END   web_search(Recent developments in quantum error cor) (2.36s)
  635.16s [s11:a4]         START web_search(Software tools for quantum error correct) (pos #326)
  [FIFO] queue waiting 6.35s for capacity (next: s12:a4:web_search)
  636.15s [s12:a1]         END   web_search(Progress of experimental quantum error c) (2.86s)
  637.49s [s11:a4]         END   web_search(Software tools for quantum error correct) (2.33s)
  641.52s [s12:a4]         START web_search(Recent advances in quantum error correct) (pos #327)
  641.52s [s12:a2]         START web_search(Challenges and solutions in fault-tolera) (pos #328)
  641.52s [s12:a3]         START web_search(Recent advancements in quantum error cor) (pos #329)
  [FIFO] queue waiting 2.77s for capacity (next: s11:a2:web_search)
  643.42s [s12:a3]         END   web_search(Recent advancements in quantum error cor) (1.90s)
  643.68s [s12:a2]         END   web_search(Challenges and solutions in fault-tolera) (2.16s)
  644.29s [s11:a2]         START web_search(key difficulties in implementing quantum) (pos #330)
  [FIFO] queue waiting 15.73s for capacity (next: s11:a0:web_search)
  644.30s [s12:a4]         END   web_search(Recent advances in quantum error correct) (2.78s)
  653.31s [s11:a2]         END   web_search(key difficulties in implementing quantum) (9.02s)
  660.02s [s11:a0]         START web_search(Recent advances in surface codes in quan) (pos #331)
  [FIFO] queue waiting 9.85s for capacity (next: s13:a0:web_search)
  662.28s [s11:a0]         END   web_search(Recent advances in surface codes in quan) (2.26s)
  669.88s [s13:a0]         START web_search(recent developments in quantum error cor) (pos #332)
  [FIFO] queue waiting 0.93s for capacity (next: s10:orch:synthesis)
  670.81s [s10:orch]       START synthesis (pos #333)
  670.81s [s13:a1]         START web_search(Recent experimental implementations of q) (pos #334)
  670.81s [s13:a2]         START web_search(Challenges and solutions related to scal) (pos #335)
  670.81s [s13:a3]         START web_search(Impact of new materials and hardware adv) (pos #336)
  670.81s [s13:a4]         START web_search(recent advances in quantum error correct) (pos #337)
  [FIFO] queue waiting 0.83s for capacity (next: s14:a0:web_search)
  671.64s [s14:a0]         START web_search(Fundamental mechanisms of CRISPR-Cas9 an) (pos #338)
  671.64s [s14:a1]         START web_search(efficiencies and specificities of CRISPR) (pos #339)
  [FIFO] queue waiting 0.10s for capacity (next: s14:a4:web_search)
  671.75s [s14:a4]         START web_search(Regulatory considerations impacting CRIS) (pos #340)
  671.75s [s14:a3]         START web_search(Safety profiles and off-target effects o) (pos #341)
  [FIFO] queue waiting 0.94s for capacity (next: s14:a2:web_search)
  672.25s [s13:a0]         END   web_search(recent developments in quantum error cor) (2.38s)
  672.69s [s14:a2]         START web_search(Advantages and limitations of CRISPR-Cas) (pos #342)
  [FIFO] queue waiting 1.19s for capacity (next: s11:a3:agent_turn)
  672.83s [s13:a2]         END   web_search(Challenges and solutions related to scal) (2.02s)
  672.91s [s13:a3]         END   web_search(Impact of new materials and hardware adv) (2.10s)
  673.07s [s13:a1]         END   web_search(Recent experimental implementations of q) (2.26s)
  673.08s [s13:a4]         END   web_search(recent advances in quantum error correct) (2.27s)
  673.56s [s14:a1]         END   web_search(efficiencies and specificities of CRISPR) (1.91s)
  673.86s [s14:a4]         END   web_search(Regulatory considerations impacting CRIS) (2.11s)
  673.88s [s11:a3]         START agent_turn(round-1) (pos #343)
  [FIFO] queue waiting 0.10s for capacity (next: s11:a1:agent_turn)
  673.98s [s11:a1]         START agent_turn(round-1) (pos #344)
  [FIFO] queue waiting 3.94s for capacity (next: s12:a0:web_search)
  674.55s [s14:a2]         END   web_search(Advantages and limitations of CRISPR-Cas) (1.86s)
  674.64s [s14:a3]         END   web_search(Safety profiles and off-target effects o) (2.90s)
  675.37s [s14:a0]         END   web_search(Fundamental mechanisms of CRISPR-Cas9 an) (3.73s)
  676.45s [s10:orch]       END   synthesis (5.64s)
  676.45s [s11:a3]         END   agent_turn(round-1) (2.57s)
  676.97s [s11:a1]         END   agent_turn(round-1) (2.98s)
  677.92s [s12:a0]         START web_search(Advances in capabilities of quantum erro) (pos #345)
  [FIFO] queue waiting 0.69s for capacity (next: s12:a1:web_search)
  678.61s [s12:a1]         START web_search(Progress of experimental quantum error c) (pos #346)
  [FIFO] queue waiting 11.71s for capacity (next: s11:a4:agent_turn)
  680.10s [s12:a0]         END   web_search(Advances in capabilities of quantum erro) (2.17s)
  680.69s [s12:a1]         END   web_search(Progress of experimental quantum error c) (2.08s)
  690.32s [s11:a4]         START agent_turn(round-1) (pos #347)
  [FIFO] queue waiting 1.01s for capacity (next: s12:a3:web_search)
  691.34s [s12:a3]         START web_search(Comparison of efficiency and scalability) (pos #348)
  691.34s [s12:a2]         START web_search(Current state of fault-tolerant quantum ) (pos #349)
  691.34s [s12:a4]         START web_search(Impacts of quantum error correction on p) (pos #350)
  691.34s [s11:a2]         START agent_turn(round-1) (pos #351)
  691.34s [s11:a0]         START web_search(Recent developments in concatenated code) (pos #352)
  [FIFO] queue waiting 0.76s for capacity (next: s13:a0:web_search)
  692.10s [s13:a0]         START web_search(latest research in quantum error correct) (pos #353)
  [FIFO] queue waiting 0.62s for capacity (next: s13:a2:web_search)
  692.72s [s13:a2]         START web_search(Recent advancements in quantum error cor) (pos #354)
  [FIFO] queue waiting 0.57s for capacity (next: s13:a3:web_search)
  693.04s [s11:a4]         END   agent_turn(round-1) (2.71s)
  693.29s [s13:a3]         START web_search(Recent developments in quantum hardware ) (pos #355)
  [FIFO] queue waiting 1.87s for capacity (next: s13:a1:web_search)
  693.45s [s11:a0]         END   web_search(Recent developments in concatenated code) (2.11s)
  693.83s [s11:a2]         END   agent_turn(round-1) (2.49s)
  693.96s [s12:a3]         END   web_search(Comparison of efficiency and scalability) (2.62s)
  694.24s [s12:a2]         END   web_search(Current state of fault-tolerant quantum ) (2.90s)
  694.24s [s12:a4]         END   web_search(Impacts of quantum error correction on p) (2.90s)
  694.99s [s13:a0]         END   web_search(latest research in quantum error correct) (2.89s)
  695.17s [s13:a1]         START web_search( Advances in quantum error correction te) (pos #356)
  [FIFO] queue waiting 6.35s for capacity (next: s13:a4:web_search)
  695.31s [s13:a2]         END   web_search(Recent advancements in quantum error cor) (2.59s)
  695.49s [s13:a3]         END   web_search(Recent developments in quantum hardware ) (2.20s)
  697.96s [s13:a1]         END   web_search( Advances in quantum error correction te) (2.79s)
  701.52s [s13:a4]         START web_search(developments in quantum error correction) (pos #357)
  701.52s [s14:a1]         START web_search(efficiencies and specificities of base e) (pos #358)
  701.52s [s14:a4]         START web_search(Ethical considerations in clinical devel) (pos #359)
  [FIFO] queue waiting 2.77s for capacity (next: s14:a2:web_search)
  703.73s [s14:a1]         END   web_search(efficiencies and specificities of base e) (2.21s)
  704.29s [s14:a2]         START web_search(CRISPR-Cas9 features and limitations) (pos #360)
  [FIFO] queue waiting 15.73s for capacity (next: s14:a3:web_search)
  704.61s [s13:a4]         END   web_search(developments in quantum error correction) (3.09s)
  705.13s [s14:a4]         END   web_search(Ethical considerations in clinical devel) (3.61s)
  706.87s [s14:a2]         END   web_search(CRISPR-Cas9 features and limitations) (2.58s)
  720.02s [s14:a3]         START web_search(Safety profiles and off-target effects o) (pos #361)
  [FIFO] queue waiting 9.85s for capacity (next: s14:a0:web_search)
  722.37s [s14:a3]         END   web_search(Safety profiles and off-target effects o) (2.35s)
  729.88s [s14:a0]         START web_search(Differences between CRISPR-Cas9 and base) (pos #362)
  [FIFO] queue waiting 0.93s for capacity (next: s10:r0:review_citations)
  730.81s [s10:r0]         START review_citations (pos #363)
  730.81s [s10:r1]         START review_style (pos #364)
  730.81s [s10:r2]         START review_facts (pos #365)
  730.81s [s12:a0]         START agent_turn(round-1) (pos #366)
  730.81s [s12:a1]         START web_search(Progress of experimental quantum error c) (pos #367)
  [FIFO] queue waiting 0.83s for capacity (next: s11:a0:agent_turn)
  731.65s [s11:a0]         START agent_turn(round-1) (pos #368)
  731.65s [s12:a3]         START agent_turn(round-1) (pos #369)
  [FIFO] queue waiting 0.10s for capacity (next: s12:a2:agent_turn)
  731.75s [s12:a2]         START agent_turn(round-1) (pos #370)
  731.75s [s12:a4]         START agent_turn(round-1) (pos #371)
  [FIFO] queue waiting 0.94s for capacity (next: s13:a0:agent_turn)
  732.69s [s13:a0]         START agent_turn(round-1) (pos #372)
  [FIFO] queue waiting 1.19s for capacity (next: s13:a2:agent_turn)
  733.04s [s14:a0]         END   web_search(Differences between CRISPR-Cas9 and base) (3.16s)
  733.13s [s12:a1]         END   web_search(Progress of experimental quantum error c) (2.32s)
  733.15s [s12:a0]         END   agent_turn(round-1) (2.34s)
  733.39s [s12:a2]         END   agent_turn(round-1) (1.64s)
  733.40s [s12:a3]         END   agent_turn(round-1) (1.75s)
  733.88s [s13:a2]         START agent_turn(round-1) (pos #373)
  [FIFO] queue waiting 0.10s for capacity (next: s13:a3:agent_turn)
  733.89s [s12:a4]         END   agent_turn(round-1) (2.14s)
  733.98s [s13:a3]         START agent_turn(round-1) (pos #374)
  [FIFO] queue waiting 3.94s for capacity (next: s13:a1:agent_turn)
  734.79s [s11:a0]         END   agent_turn(round-1) (3.15s)
  734.79s [s13:a0]         END   agent_turn(round-1) (2.11s)
  736.05s [s13:a3]         END   agent_turn(round-1) (2.07s)
  736.76s [s13:a2]         END   agent_turn(round-1) (2.88s)
  737.92s [s13:a1]         START agent_turn(round-1) (pos #375)
  [FIFO] queue waiting 0.69s for capacity (next: s14:a1:agent_turn)
  738.62s [s14:a1]         START agent_turn(round-1) (pos #376)
  [FIFO] queue waiting 11.71s for capacity (next: s13:a4:web_search)
  738.94s [s10:r2]         END   review_facts (8.13s)
  740.25s [s13:a1]         END   agent_turn(round-1) (2.33s)
  740.39s [s10:r0]         END   review_citations (9.58s)
  741.68s [s10:r1]         END   review_style (10.87s)
  741.69s [s14:a1]         END   agent_turn(round-1) (3.07s)
  750.33s [s13:a4]         START web_search(impact of quantum error correction on sc) (pos #377)
  [FIFO] queue waiting 1.01s for capacity (next: s14:a4:web_search)
  751.34s [s14:a4]         START web_search(Delivery considerations for CRISPR-Cas9 ) (pos #378)
  751.34s [s14:a2]         START web_search(Base editing features and limitations) (pos #379)
  751.34s [s14:a3]         START web_search(Safety profiles and off-target effects o) (pos #380)
  751.34s [s14:a0]         START agent_turn(round-1) (pos #381)
  751.34s [s12:a1]         START web_search(Progress of experimental quantum error c) (pos #382)
  [FIFO] queue waiting 0.76s for capacity (next: s11:orch:synthesis)
  752.10s [s11:orch]       START synthesis (pos #383)
  [FIFO] queue waiting 0.62s for capacity (next: s10:orch:finalize)
  752.50s [s13:a4]         END   web_search(impact of quantum error correction on sc) (2.17s)
  752.72s [s10:orch]       START finalize (pos #384)
  [FIFO] queue waiting 0.57s for capacity (next: s13:a4:agent_turn)
  753.29s [s13:a4]         START agent_turn(round-1) (pos #385)
  753.51s [s14:a4]         END   web_search(Delivery considerations for CRISPR-Cas9 ) (2.17s)
  [FIFO] queue waiting 1.65s for capacity (next: s14:a4:agent_turn)
  753.85s [s12:a1]         END   web_search(Progress of experimental quantum error c) (2.51s)
  754.21s [s14:a2]         END   web_search(Base editing features and limitations) (2.87s)
  754.56s [s14:a0]         END   agent_turn(round-1) (3.22s)
  755.10s [s14:a3]         END   web_search(Safety profiles and off-target effects o) (3.76s)
  755.17s [s14:a4]         START agent_turn(round-1) (pos #386)
  [FIFO] queue waiting 6.35s for capacity (next: s12:a1:agent_turn)
  755.65s [s13:a4]         END   agent_turn(round-1) (2.36s)
  756.42s [s11:orch]       END   synthesis (4.32s)
  757.96s [s14:a4]         END   agent_turn(round-1) (2.80s)
  761.52s [s12:a1]         START agent_turn(round-1) (pos #387)
  761.52s [s14:a2]         START agent_turn(round-1) (pos #388)
  761.52s [s14:a3]         START agent_turn(round-1) (pos #389)
  [FIFO] queue waiting 2.77s for capacity (next: s13:orch:synthesis)
  761.74s [s10:orch]       END   finalize (9.03s)
  [batch=2 session=10] done in 211.9s
  764.01s [s14:a3]         END   agent_turn(round-1) (2.49s)
  764.05s [s12:a1]         END   agent_turn(round-1) (2.53s)
  764.19s [s14:a2]         END   agent_turn(round-1) (2.67s)
  764.29s [s13:orch]       START synthesis (pos #390)
  [FIFO] queue waiting 15.73s for capacity (next: s11:r0:review_citations)
  768.92s [s13:orch]       END   synthesis (4.63s)
  780.02s [s11:r0]         START review_citations (pos #391)
  [FIFO] queue waiting 9.85s for capacity (next: s11:r1:review_style)
  787.97s [s11:r0]         END   review_citations (7.95s)
  789.88s [s11:r1]         START review_style (pos #392)
  [FIFO] queue waiting 0.93s for capacity (next: s11:r2:review_facts)
  790.81s [s11:r2]         START review_facts (pos #393)
  790.81s [s12:orch]       START synthesis (pos #394)
  790.81s [s14:orch]       START synthesis (pos #395)
  790.81s [s13:r0]         START review_citations (pos #396)
  790.81s [s13:r1]         START review_style (pos #397)
  [FIFO] queue waiting 0.83s for capacity (next: s13:r2:review_facts)
  791.65s [s13:r2]         START review_facts (pos #398)
  795.85s [s12:orch]       END   synthesis (5.04s)
  795.85s [s12:r0]         START review_citations (pos #399)
  795.85s [s12:r1]         START review_style (pos #400)
  795.85s [s12:r2]         START review_facts (pos #401)
  795.92s [s13:r1]         END   review_style (5.11s)
  796.38s [s11:r2]         END   review_facts (5.57s)
  796.78s [s11:r1]         END   review_style (6.90s)
  796.78s [s11:orch]       START finalize (pos #402)
  798.27s [s14:orch]       END   synthesis (7.46s)
  798.27s [s14:r0]         START review_citations (pos #403)
  798.27s [s14:r1]         START review_style (pos #404)
  798.27s [s14:r2]         START review_facts (pos #405)
  799.01s [s13:r2]         END   review_facts (7.36s)
  799.06s [s13:r0]         END   review_citations (8.25s)
  799.06s [s13:orch]       START finalize (pos #406)
  800.82s [s12:r1]         END   review_style (4.97s)
  802.46s [s12:r2]         END   review_facts (6.60s)
  803.06s [s12:r0]         END   review_citations (7.21s)
  [FIFO] queue waiting 7.26s for capacity (next: s12:orch:finalize)
  805.37s [s13:orch]       END   finalize (6.31s)
  [batch=2 session=13] done in 243.5s
  806.30s [s11:orch]       END   finalize (9.52s)
  [batch=2 session=11] done in 252.4s
  806.31s [s14:r0]         END   review_citations (8.04s)
  806.62s [s14:r1]         END   review_style (8.35s)
  808.14s [s14:r2]         END   review_facts (9.87s)
  810.33s [s12:orch]       START finalize (pos #407)
  [FIFO] queue waiting 1.01s for capacity (next: s14:orch:finalize)
  811.34s [s14:orch]       START finalize (pos #408)
  817.15s [s12:orch]       END   finalize (6.82s)
  [batch=2 session=12] done in 259.3s
  825.96s [s14:orch]       END   finalize (14.62s)
  [batch=2 session=14] done in 260.1s

============================================================
 BATCH 2 SUMMARY  (5 ok / 0 failed)
============================================================
  Session durations (successful):
    count  = 5
    mean   = 245.43s
    median = 252.42s
    p95    = 260.08s
    min    = 211.87s
    max    = 260.08s
    stdev  = 19.91s

======================================================================
 AGGREGATE SUMMARY  (15 ok / 0 failed)
======================================================================
  Session durations across all batches:
    count  = 15
    mean   = 243.58s
    median = 250.07s
    p95    = 267.56s
    p99    = 267.56s
    min    = 196.61s
    max    = 267.56s
    stdev  = 19.36s

  Cost:
  Total LLM calls:      408
  Total input tokens:   230,044
  Total output tokens:  157,273
  Total cost:           $0.0859 / $5.00
======================================================================


======================================================================
 TRACE SUMMARY
======================================================================
 Total wall time: 825.96s
 Total LLM calls: 408

 Per agent:
   s0:a0            4 calls, 6.99s LLM
   s0:a1            4 calls, 7.99s LLM
   s0:a2            4 calls, 6.99s LLM
   s0:a3            4 calls, 9.89s LLM
   s0:a4            4 calls, 8.40s LLM
   s0:orch          3 calls, 17.50s LLM
   s0:r0            1 calls, 9.64s LLM
   s0:r1            1 calls, 4.50s LLM
   s0:r2            1 calls, 5.01s LLM
   s10:a0           4 calls, 8.16s LLM
   s10:a1           4 calls, 8.10s LLM
   s10:a2           4 calls, 8.55s LLM
   s10:a3           4 calls, 8.92s LLM
   s10:a4           4 calls, 8.07s LLM
   s10:orch         3 calls, 15.60s LLM
   s10:r0           1 calls, 9.58s LLM
   s10:r1           1 calls, 10.87s LLM
   s10:r2           1 calls, 8.13s LLM
   s11:a0           5 calls, 10.97s LLM
   s11:a1           4 calls, 8.99s LLM
   s11:a2           4 calls, 14.60s LLM
   s11:a3           4 calls, 7.46s LLM
   s11:a4           4 calls, 8.62s LLM
   s11:orch         3 calls, 14.93s LLM
   s11:r0           1 calls, 7.95s LLM
   s11:r1           1 calls, 6.90s LLM
   s11:r2           1 calls, 5.57s LLM
   s12:a0           4 calls, 7.77s LLM
   s12:a1           6 calls, 13.24s LLM
   s12:a2           4 calls, 7.66s LLM
   s12:a3           4 calls, 7.32s LLM
   s12:a4           4 calls, 8.66s LLM
   s12:orch         3 calls, 12.83s LLM
   s12:r0           1 calls, 7.21s LLM
   s12:r1           1 calls, 4.97s LLM
   s12:r2           1 calls, 6.60s LLM
   s13:a0           4 calls, 7.99s LLM
   s13:a1           4 calls, 8.06s LLM
   s13:a2           4 calls, 8.32s LLM
   s13:a3           4 calls, 7.19s LLM
   s13:a4           5 calls, 10.81s LLM
   s13:orch         3 calls, 11.77s LLM
   s13:r0           1 calls, 8.25s LLM
   s13:r1           1 calls, 5.11s LLM
   s13:r2           1 calls, 7.36s LLM
   s14:a0           4 calls, 11.15s LLM
   s14:a1           4 calls, 8.02s LLM
   s14:a2           5 calls, 11.55s LLM
   s14:a3           5 calls, 12.56s LLM
   s14:a4           5 calls, 11.73s LLM
   s14:orch         3 calls, 23.13s LLM
   s14:r0           1 calls, 8.04s LLM
   s14:r1           1 calls, 8.35s LLM
   s14:r2           1 calls, 9.87s LLM
   s1:a0            4 calls, 7.19s LLM
   s1:a1            4 calls, 7.97s LLM
   s1:a2            4 calls, 8.10s LLM
   s1:a3            4 calls, 8.04s LLM
   s1:a4            4 calls, 7.02s LLM
   s1:orch          3 calls, 14.07s LLM
   s1:r0            1 calls, 7.28s LLM
   s1:r1            1 calls, 5.76s LLM
   s1:r2            1 calls, 6.53s LLM
   s2:a0            4 calls, 10.45s LLM
   s2:a1            9 calls, 13.91s LLM
   s2:a2            4 calls, 8.01s LLM
   s2:a3            5 calls, 12.16s LLM
   s2:a4            4 calls, 8.29s LLM
   s2:orch          3 calls, 14.39s LLM
   s2:r0            1 calls, 9.86s LLM
   s2:r1            1 calls, 7.01s LLM
   s2:r2            1 calls, 8.35s LLM
   s3:a0            4 calls, 9.12s LLM
   s3:a1            4 calls, 9.07s LLM
   s3:a2            4 calls, 7.94s LLM
   s3:a3            4 calls, 9.52s LLM
   s3:a4            4 calls, 7.86s LLM
   s3:orch          3 calls, 17.98s LLM
   s3:r0            1 calls, 9.71s LLM
   s3:r1            1 calls, 5.68s LLM
   s3:r2            1 calls, 9.19s LLM
   s4:a0            4 calls, 11.81s LLM
   s4:a1            4 calls, 11.23s LLM
   s4:a2            4 calls, 9.73s LLM
   s4:a3            4 calls, 10.04s LLM
   s4:a4            4 calls, 10.94s LLM
   s4:orch          3 calls, 20.72s LLM
   s4:r0            1 calls, 10.44s LLM
   s4:r1            1 calls, 3.63s LLM
   s4:r2            1 calls, 10.29s LLM
   s5:a0            4 calls, 10.59s LLM
   s5:a1            4 calls, 8.12s LLM
   s5:a2            4 calls, 8.85s LLM
   s5:a3            4 calls, 7.25s LLM
   s5:a4            4 calls, 7.87s LLM
   s5:orch          3 calls, 13.59s LLM
   s5:r0            1 calls, 12.23s LLM
   s5:r1            1 calls, 4.04s LLM
   s5:r2            1 calls, 6.28s LLM
   s6:a0            4 calls, 8.32s LLM
   s6:a1            4 calls, 8.61s LLM
   s6:a2            4 calls, 8.26s LLM
   s6:a3            4 calls, 7.24s LLM
   s6:a4            4 calls, 7.44s LLM
   s6:orch          3 calls, 16.12s LLM
   s6:r0            1 calls, 8.87s LLM
   s6:r1            1 calls, 5.81s LLM
   s6:r2            1 calls, 6.53s LLM
   s7:a0            4 calls, 7.69s LLM
   s7:a1            4 calls, 8.31s LLM
   s7:a2            4 calls, 7.04s LLM
   s7:a3            4 calls, 5.69s LLM
   s7:a4            4 calls, 8.48s LLM
   s7:orch          3 calls, 11.25s LLM
   s7:r0            1 calls, 12.95s LLM
   s7:r1            1 calls, 10.27s LLM
   s7:r2            1 calls, 6.72s LLM
   s8:a0            4 calls, 7.91s LLM
   s8:a1            4 calls, 7.28s LLM
   s8:a2            9 calls, 10.66s LLM
   s8:a3            4 calls, 8.10s LLM
   s8:a4            4 calls, 7.16s LLM
   s8:orch          3 calls, 17.05s LLM
   s8:r0            1 calls, 11.47s LLM
   s8:r1            1 calls, 6.56s LLM
   s8:r2            1 calls, 11.53s LLM
   s9:a0            4 calls, 7.02s LLM
   s9:a1            4 calls, 5.63s LLM
   s9:a2            4 calls, 6.28s LLM
   s9:a3            4 calls, 7.37s LLM
   s9:a4            4 calls, 7.48s LLM
   s9:orch          3 calls, 12.79s LLM
   s9:r0            1 calls, 9.51s LLM
   s9:r1            1 calls, 4.47s LLM
   s9:r2            1 calls, 9.80s LLM

 Per call type:
   agent_turn       152 calls, 254.38s total
   breakdown        15 calls, 15.80s total
   finalize         15 calls, 136.47s total
   review_citations 15 calls, 142.98s total
   review_facts     15 calls, 117.78s total
   review_style     15 calls, 93.93s total
   summarize        10 calls, 10.12s total
   synthesis        15 calls, 81.47s total
   web_search       156 calls, 393.26s total

 Queue stats:
   Queued calls: 408/408

 Total LLM time (sum): 1246.19s
 Wall time:            825.96s
 Parallelism ratio:    1.5x

======================================================================
 TIMELINE
======================================================================
   0.0s |#                                                           |   0.8s  s0:orch:breakdown
   0.8s |#                                                           |   1.5s  s0:a0:agent_turn(round-0)
   0.8s |#                                                           |   1.6s  s0:a1:agent_turn(round-0)
   0.8s |#                                                           |   1.6s  s0:a2:agent_turn(round-0)
   0.8s |#                                                           |   2.0s  s0:a3:agent_turn(round-0)
   0.8s |#                                                           |   2.0s  s0:a4:agent_turn(round-0)
   1.5s |#                                                           |   4.1s  s0:a0:web_search(Recent developments )
   1.6s |#                                                           |   3.8s  s0:a2:web_search(challenges and solut)
   1.6s |#                                                           |   4.6s  s0:a1:web_search(Recent developments )
   2.0s |#                                                           |   5.0s  s0:a4:web_search(Emerging algorithms )
   2.0s |#                                                           |   5.2s  s0:a3:web_search(impact of different )
   3.8s |#                                                           |   5.4s  s0:a2:web_search(error correction met)
   4.0s |#                                                           |   5.0s  s1:orch:breakdown
   4.1s |#                                                           |   6.0s  s0:a0:web_search(Effectiveness of lat)
   4.6s |#                                                           |   6.8s  s0:a1:web_search(Advances in quantum )
   5.0s |#                                                           |   7.3s  s0:a4:web_search(Recent advancements )
   5.0s |#                                                           |   6.0s  s1:a0:agent_turn(round-0)
   5.0s |#                                                           |   6.7s  s1:a1:agent_turn(round-0)
   5.0s |#                                                           |   6.8s  s1:a2:agent_turn(round-0)
   5.0s |#                                                           |   6.1s  s1:a3:agent_turn(round-0)
   5.0s |#                                                           |   6.0s  s1:a4:agent_turn(round-0)
   5.2s |#                                                           |   7.8s  s0:a3:web_search(design consideration)
   5.4s |#                                                           |   7.8s  s0:a2:agent_turn(round-1)
   6.0s |#                                                           |   7.8s  s1:a0:web_search(Recent developments )
   6.0s |#                                                           |   7.8s  s0:a0:agent_turn(round-1)
   6.0s |#                                                           |   8.6s  s1:a4:web_search(recent advances in q)
   6.1s |#                                                           |   8.8s  s1:a3:web_search(novel algorithms and)
   6.8s |#                                                           |   8.8s  s1:a1:web_search(Hardware implementat)
   6.8s |#                                                           |   8.8s  s0:a1:agent_turn(round-1)
   6.8s |#                                                           |   8.8s  s1:a2:web_search(Emerging challenges )
  60.0s |    #                                                       |  61.9s  s0:a4:agent_turn(round-1)
  60.8s |    #                                                       |  63.7s  s0:a3:agent_turn(round-1)
  60.8s |    #                                                       |  62.9s  s1:a0:web_search(Effectiveness of rec)
  60.8s |    #                                                       |  62.1s  s2:orch:breakdown
  60.8s |    #                                                       |  62.8s  s1:a4:web_search(future development o)
  60.8s |    #                                                       |  62.6s  s1:a2:web_search(Solutions for scalin)
  61.5s |    #                                                       |  63.7s  s1:a3:web_search(advances in quantum )
  61.6s |    #                                                       |  63.8s  s1:a1:web_search(Effects of quantum e)
  61.7s |    #                                                       |  63.2s  s3:orch:breakdown
  62.0s |    #                                                       |  63.7s  s4:orch:breakdown
  62.1s |    #                                                       |  63.3s  s2:a0:agent_turn(round-0)
  63.8s |    #                                                       |  64.4s  s2:a1:agent_turn(round-0)
  64.0s |    #                                                       |  64.6s  s2:a2:agent_turn(round-0)
  64.1s |    #                                                       |  65.0s  s2:a3:agent_turn(round-0)
  64.6s |    #                                                       |  65.2s  s2:a4:agent_turn(round-0)
  65.0s |    #                                                       |  67.5s  s1:a2:agent_turn(round-1)
  65.0s |    #                                                       |  66.5s  s1:a4:agent_turn(round-1)
  65.0s |    #                                                       |  67.4s  s1:a0:agent_turn(round-1)
  65.0s |    #                                                       |  65.9s  s3:a0:agent_turn(round-0)
  65.0s |    #                                                       |  66.0s  s3:a1:agent_turn(round-0)
  65.0s |    #                                                       |  65.9s  s3:a2:agent_turn(round-0)
  65.2s |    #                                                       |  65.9s  s3:a3:agent_turn(round-0)
  65.4s |    #                                                       |  66.2s  s3:a4:agent_turn(round-0)
  66.0s |    #                                                       |  68.3s  s2:a0:web_search(latest technological)
  66.1s |    #                                                       |  66.8s  s4:a0:agent_turn(round-0)
  66.1s |    #                                                       |  66.9s  s4:a1:agent_turn(round-0)
  66.2s |    #                                                       |  67.0s  s4:a2:agent_turn(round-0)
  66.8s |    #                                                       |  67.5s  s4:a3:agent_turn(round-0)
  66.9s |    #                                                       |  67.5s  s4:a4:agent_turn(round-0)
  66.9s |    #                                                       |  72.0s  s0:orch:synthesis
 120.0s |        #                                                   | 122.0s  s1:a3:agent_turn(round-1)
 120.8s |        #                                                   | 122.8s  s1:a1:agent_turn(round-1)
 120.8s |        #                                                   | 122.8s  s2:a1:web_search(Materials and engine)
 120.8s |        #                                                   | 123.1s  s2:a2:web_search(current status of fu)
 120.8s |        #                                                   | 123.5s  s2:a3:web_search(current funding for )
 120.8s |        #                                                   | 123.4s  s2:a4:web_search(primary scientific a)
 121.5s |        #                                                   | 123.7s  s3:a0:web_search(Molecular mechanisms)
 121.6s |        #                                                   | 123.3s  s3:a3:web_search(effectiveness and li)
 121.7s |        #                                                   | 123.6s  s3:a2:web_search(Off-target effects a)
 122.0s |        #                                                   | 124.7s  s3:a1:web_search(Comparison of effici)
 122.1s |        #                                                   | 124.7s  s3:a4:web_search(impact of delivery m)
 123.8s |        #                                                   | 126.5s  s4:a0:web_search(Mechanisms of action)
 124.0s |         #                                                  | 126.3s  s4:a1:web_search(Comparison of effici)
 124.1s |         #                                                  | 126.5s  s4:a2:web_search(Off-target effects a)
 124.6s |         #                                                  | 127.7s  s4:a4:web_search(challenges and futur)
 125.0s |         #                                                  | 127.1s  s4:a3:web_search(Applications of CRIS)
 125.0s |         #                                                  | 127.1s  s2:a0:web_search(experimental results)
 125.0s |         #                                                  | 134.6s  s0:r0:review_citations
 125.0s |         #                                                  | 129.5s  s0:r1:review_style
 125.0s |         #                                                  | 130.0s  s0:r2:review_facts
 125.0s |         #                                                  | 127.3s  s2:a1:agent_turn(round-1)
 125.2s |         #                                                  | 129.9s  s1:orch:synthesis
 125.4s |         #                                                  | 128.1s  s2:a2:web_search(latest advancements )
 126.0s |         #                                                  | 127.9s  s3:a3:web_search(genetic conditions t)
 126.1s |         #                                                  | 128.2s  s2:a4:web_search(current status of nu)
 126.1s |         #                                                  | 127.9s  s2:a3:web_search(international collab)
 126.2s |         #                                                  | 128.6s  s3:a2:web_search(Off-target effects a)
 126.8s |         #                                                  | 129.5s  s3:a0:web_search(Precision difference)
 126.9s |         #                                                  | 129.3s  s3:a4:web_search(technological advanc)
 126.9s |         #                                                  | 129.6s  s3:a1:web_search(Recent studies on CR)
 180.0s |             #                                              | 185.8s  s4:a1:web_search(Advantages and limit)
 180.8s |             #                                              | 186.3s  s4:a0:web_search(Mechanisms of action)
 180.8s |             #                                              | 185.7s  s4:a2:web_search(Off-target effects a)
 180.8s |             #                                              | 185.7s  s4:a3:web_search(Applications of base)
 180.8s |             #                                              | 185.7s  s2:a0:agent_turn(round-1)
 180.8s |             #                                              | 183.9s  s2:a1:summarize(len=356)
 181.5s |             #                                              | 186.3s  s4:a4:web_search(base editing in gene)
 181.6s |             #                                              | 186.8s  s3:a3:agent_turn(round-1)
 181.7s |             #                                              | 186.2s  s2:a3:web_search(policy initiatives s)
 182.0s |             #                                              | 184.4s  s2:a2:agent_turn(round-1)
 182.1s |             #                                              | 185.2s  s2:a4:agent_turn(round-1)
 183.8s |             #                                              | 186.5s  s3:a2:agent_turn(round-1)
 184.0s |             #                                              | 186.1s  s3:a4:agent_turn(round-1)
 184.1s |             #                                              | 187.4s  s3:a0:agent_turn(round-1)
 184.6s |             #                                              | 187.3s  s3:a1:agent_turn(round-1)
 185.0s |             #                                              | 192.3s  s1:r0:review_citations
 185.0s |             #                                              | 190.8s  s1:r1:review_style
 185.0s |             #                                              | 191.5s  s1:r2:review_facts
 185.0s |             #                                              | 196.6s  s0:orch:finalize
 185.0s |             #                                              | 185.8s  s2:a1:summarize(len=328)
 185.7s |             #                                              | 188.0s  s4:a3:agent_turn(round-1)
 185.7s |             #                                              | 187.4s  s4:a2:agent_turn(round-1)
 185.8s |             #                                              | 188.2s  s4:a1:agent_turn(round-1)
 186.0s |             #                                              | 186.8s  s2:a1:summarize(len=325)
 186.2s |             #                                              | 188.5s  s2:a3:agent_turn(round-1)
 186.3s |             #                                              | 188.7s  s4:a4:agent_turn(round-1)
 186.3s |             #                                              | 189.2s  s4:a0:agent_turn(round-1)
 186.8s |             #                                              | 188.0s  s2:a1:summarize(len=299)
 187.4s |             #                                              | 192.3s  s3:orch:synthesis
 188.0s |             #                                              | 188.6s  s2:a1:summarize(len=294)
 240.0s |                 #                                          | 242.5s  s2:a1:agent_turn(round-2)
 240.8s |                 #                                          | 248.2s  s4:orch:synthesis
 240.8s |                 #                                          | 249.1s  s1:orch:finalize
 240.8s |                 #                                          | 250.5s  s3:r0:review_citations
 240.8s |                 #                                          | 246.5s  s3:r1:review_style
 240.8s |                 #                                          | 250.0s  s3:r2:review_facts
 242.5s |                 #                                          | 248.1s  s2:orch:synthesis
 248.1s |                  #                                         | 257.9s  s2:r0:review_citations
 248.1s |                  #                                         | 255.1s  s2:r1:review_style
 248.1s |                  #                                         | 256.4s  s2:r2:review_facts
 248.2s |                  #                                         | 258.6s  s4:r0:review_citations
 248.2s |                  #                                         | 251.8s  s4:r1:review_style
 248.2s |                  #                                         | 258.5s  s4:r2:review_facts
 250.5s |                  #                                         | 262.1s  s3:orch:finalize
 257.9s |                  #                                         | 265.4s  s2:orch:finalize
 258.6s |                  #                                         | 270.3s  s4:orch:finalize
 270.3s |                   #                                        | 271.3s  s5:orch:breakdown
 271.3s |                   #                                        | 272.8s  s5:a0:agent_turn(round-0)
 271.3s |                   #                                        | 272.1s  s5:a1:agent_turn(round-0)
 271.3s |                   #                                        | 272.2s  s5:a2:agent_turn(round-0)
 271.3s |                   #                                        | 272.8s  s5:a3:agent_turn(round-0)
 271.3s |                   #                                        | 272.1s  s5:a4:agent_turn(round-0)
 272.1s |                   #                                        | 275.0s  s5:a1:web_search(Comparison of specif)
 272.1s |                   #                                        | 274.8s  s5:a4:web_search(ethical, regulatory,)
 272.2s |                   #                                        | 275.5s  s5:a2:web_search(Comparison of CRISPR)
 272.8s |                   #                                        | 276.6s  s5:a0:web_search(CRISPR-Cas9 and base)
 272.8s |                   #                                        | 274.9s  s5:a3:web_search(challenges and limit)
 274.3s |                   #                                        | 275.3s  s6:orch:breakdown
 274.8s |                   #                                        | 277.0s  s5:a4:web_search(ethical, regulatory,)
 274.9s |                   #                                        | 276.9s  s5:a3:web_search(limitations of emerg)
 300.0s |                     #                                      | 302.4s  s5:a1:web_search(CRISPR-Cas9 vs base )
 300.8s |                     #                                      | 302.2s  s6:a0:agent_turn(round-0)
 300.8s |                     #                                      | 301.6s  s6:a1:agent_turn(round-0)
 300.8s |                     #                                      | 302.3s  s6:a2:agent_turn(round-0)
 300.8s |                     #                                      | 301.5s  s6:a3:agent_turn(round-0)
 300.8s |                     #                                      | 301.5s  s6:a4:agent_turn(round-0)
 302.5s |                     #                                      | 305.1s  s5:a2:web_search(Types of genetic mut)
 308.1s |                      #                                     | 310.9s  s5:a0:web_search(fundamental mechanis)
 308.1s |                      #                                     | 309.8s  s5:a3:agent_turn(round-1)
 308.1s |                      #                                     | 310.3s  s5:a4:agent_turn(round-1)
 308.2s |                      #                                     | 309.2s  s7:orch:breakdown
 308.2s |                      #                                     | 309.0s  s8:orch:breakdown
 308.2s |                      #                                     | 309.0s  s9:orch:breakdown
 310.5s |                      #                                     | 313.1s  s6:a3:web_search(Impact of new error )
 317.9s |                       #                                    | 319.7s  s6:a4:web_search(practical applicatio)
 318.6s |                       #                                    | 321.5s  s6:a1:web_search(Evolution of experim)
 330.3s |                       #                                    | 332.3s  s6:a0:web_search(recent developments )
 331.3s |                        #                                   | 334.1s  s6:a2:web_search(Challenges in scalin)
 331.3s |                        #                                   | 333.4s  s5:a1:agent_turn(round-1)
 331.3s |                        #                                   | 333.4s  s5:a2:agent_turn(round-1)
 331.3s |                        #                                   | 332.2s  s9:a0:agent_turn(round-0)
 331.3s |                        #                                   | 332.3s  s9:a1:agent_turn(round-0)
 332.1s |                        #                                   | 332.9s  s9:a2:agent_turn(round-0)
 332.2s |                        #                                   | 332.9s  s9:a3:agent_turn(round-0)
 332.2s |                        #                                   | 333.5s  s9:a4:agent_turn(round-0)
 332.8s |                        #                                   | 333.4s  s8:a0:agent_turn(round-0)
 332.9s |                        #                                   | 333.6s  s8:a1:agent_turn(round-0)
 334.3s |                        #                                   | 335.0s  s8:a2:agent_turn(round-0)
 334.8s |                        #                                   | 335.8s  s8:a3:agent_turn(round-0)
 334.9s |                        #                                   | 335.8s  s8:a4:agent_turn(round-0)
 360.0s |                          #                                 | 360.7s  s7:a0:agent_turn(round-0)
 360.8s |                          #                                 | 362.3s  s7:a1:agent_turn(round-0)
 360.8s |                          #                                 | 362.0s  s7:a2:agent_turn(round-0)
 360.8s |                          #                                 | 361.5s  s7:a3:agent_turn(round-0)
 360.8s |                          #                                 | 361.9s  s7:a4:agent_turn(round-0)
 360.8s |                          #                                 | 363.3s  s5:a0:agent_turn(round-1)
 362.5s |                          #                                 | 364.4s  s6:a3:web_search(Recent developments )
 368.1s |                          #                                 | 370.4s  s6:a4:web_search(limitations of curre)
 368.1s |                          #                                 | 370.6s  s6:a1:web_search(Recent advances in q)
 368.1s |                          #                                 | 370.6s  s9:a0:web_search(potential effects of)
 368.2s |                          #                                 | 369.7s  s9:a1:web_search(impact of deep-sea m)
 368.2s |                          #                                 | 371.3s  s6:a0:web_search(underlying principle)
 368.2s |                          #                                 | 370.5s  s9:a3:web_search(Impact of deep-sea m)
 370.5s |                          #                                 | 372.5s  s9:a2:web_search(long-term ecological)
 377.9s |                           #                                | 380.9s  s8:a0:web_search(recent theoretical d)
 378.6s |                           #                                | 380.7s  s9:a4:web_search(measures to mitigate)
 390.3s |                            #                               | 392.6s  s8:a1:web_search(improvements in quan)
 391.3s |                            #                               | 393.2s  s6:a2:web_search(Quantum error correc)
 391.3s |                            #                               | 393.4s  s8:a2:web_search(novel hardware archi)
 391.3s |                            #                               | 394.2s  s8:a3:web_search(latest advances in f)
 391.3s |                            #                               | 392.9s  s8:a4:web_search(Challenges in integr)
 391.3s |                            #                               | 394.0s  s7:a0:web_search(potential effects of)
 392.1s |                            #                               | 394.0s  s7:a3:web_search(Deep-sea mining and )
 392.2s |                            #                               | 394.6s  s7:a4:web_search(long-term ecological)
 392.2s |                            #                               | 393.7s  s7:a2:web_search(Implications of deep)
 392.8s |                            #                               | 394.9s  s7:a1:web_search(Impact of deep-sea m)
 392.9s |                            #                               | 397.0s  s5:orch:synthesis
 394.3s |                            #                               | 396.4s  s6:a3:agent_turn(round-1)
 394.8s |                            #                               | 396.4s  s9:a1:web_search(effects of deep-sea )
 394.9s |                            #                               | 397.5s  s6:a4:agent_turn(round-1)
 420.0s |                              #                             | 422.7s  s9:a3:web_search(Deep-sea mining and )
 420.8s |                              #                             | 422.3s  s9:a0:web_search(impact of deep-sea m)
 420.8s |                              #                             | 423.2s  s6:a1:agent_turn(round-1)
 420.8s |                              #                             | 422.5s  s6:a0:agent_turn(round-1)
 420.8s |                              #                             | 422.6s  s9:a2:web_search(impact of deep-sea m)
 420.8s |                              #                             | 422.5s  s9:a4:web_search(environmental impact)
 422.5s |                              #                             | 424.5s  s8:a0:web_search(latest research pape)
 428.1s |                               #                            | 430.4s  s8:a1:web_search(latest experimental )
 428.1s |                               #                            | 430.6s  s8:a4:web_search(Current state and ch)
 428.1s |                               #                            | 430.2s  s6:a2:agent_turn(round-1)
 428.2s |                               #                            | 430.6s  s8:a2:agent_turn(round-1)
 428.2s |                               #                            | 430.2s  s7:a2:web_search(Environmental impact)
 428.2s |                               #                            | 430.0s  s7:a3:web_search(Environmental impact)
 430.5s |                               #                            | 432.9s  s7:a0:web_search(deep-sea mining envi)
 437.9s |                               #                            | 440.0s  s8:a3:web_search(recent developments )
 438.6s |                               #                            | 441.2s  s7:a4:web_search(impact of deep-sea m)
 450.3s |                                #                           | 452.8s  s7:a1:web_search(Chemical changes in )
 451.3s |                                #                           | 452.9s  s9:a1:agent_turn(round-1)
 451.3s |                                #                           | 463.6s  s5:r0:review_citations
 451.3s |                                #                           | 455.4s  s5:r1:review_style
 451.3s |                                #                           | 457.6s  s5:r2:review_facts
 451.3s |                                #                           | 453.5s  s9:a0:agent_turn(round-1)
 452.1s |                                #                           | 454.6s  s9:a4:agent_turn(round-1)
 452.2s |                                #                           | 453.8s  s9:a2:agent_turn(round-1)
 452.2s |                                #                           | 453.8s  s9:a3:agent_turn(round-1)
 452.8s |                                #                           | 455.0s  s8:a0:agent_turn(round-1)
 452.9s |                                #                           | 454.1s  s7:a3:agent_turn(round-1)
 454.3s |                                 #                          | 456.6s  s7:a2:agent_turn(round-1)
 454.8s |                                 #                          | 461.5s  s6:orch:synthesis
 454.9s |                                 #                          | 456.9s  s8:a1:agent_turn(round-1)
 480.0s |                                  #                         | 482.2s  s8:a4:agent_turn(round-1)
 480.8s |                                  #                         | 481.7s  s8:a2:summarize(len=419)
 480.8s |                                  #                         | 482.6s  s7:a0:agent_turn(round-1)
 480.8s |                                  #                         | 483.0s  s8:a3:agent_turn(round-1)
 480.8s |                                  #                         | 483.1s  s7:a4:agent_turn(round-1)
 480.8s |                                  #                         | 483.0s  s7:a1:agent_turn(round-1)
 482.5s |                                   #                        | 487.8s  s9:orch:synthesis
 488.1s |                                   #                        | 496.9s  s6:r0:review_citations
 488.1s |                                   #                        | 493.9s  s6:r1:review_style
 488.1s |                                   #                        | 494.6s  s6:r2:review_facts
 488.2s |                                   #                        | 496.6s  s5:orch:finalize
 488.2s |                                   #                        | 489.0s  s8:a2:summarize(len=406)
 488.2s |                                   #                        | 492.4s  s7:orch:synthesis
 490.5s |                                   #                        | 500.0s  s9:r0:review_citations
 497.9s |                                    #                       | 502.4s  s9:r1:review_style
 498.6s |                                    #                       | 508.4s  s9:r2:review_facts
 510.3s |                                     #                      | 511.1s  s8:a2:summarize(len=432)
 511.3s |                                     #                      | 524.3s  s7:r0:review_citations
 511.3s |                                     #                      | 521.6s  s7:r1:review_style
 511.3s |                                     #                      | 518.1s  s7:r2:review_facts
 511.3s |                                     #                      | 519.9s  s6:orch:finalize
 511.3s |                                     #                      | 518.0s  s9:orch:finalize
 512.1s |                                     #                      | 512.7s  s8:a2:summarize(len=413)
 512.7s |                                     #                      | 513.3s  s8:a2:summarize(len=366)
 513.3s |                                     #                      | 515.2s  s8:a2:agent_turn(round-2)
 515.2s |                                     #                      | 521.5s  s8:orch:synthesis
 521.5s |                                     #                      | 533.0s  s8:r0:review_citations
 521.5s |                                     #                      | 528.1s  s8:r1:review_style
 521.5s |                                     #                      | 533.0s  s8:r2:review_facts
 524.3s |                                      #                     | 530.2s  s7:orch:finalize
 540.0s |                                       #                    | 549.9s  s8:orch:finalize
 549.9s |                                       #                    | 550.8s  s10:orch:breakdown
 550.8s |                                        #                   | 551.7s  s10:a0:agent_turn(round-0)
 550.8s |                                        #                   | 551.6s  s10:a1:agent_turn(round-0)
 550.8s |                                        #                   | 552.7s  s10:a2:agent_turn(round-0)
 550.8s |                                        #                   | 551.7s  s10:a3:agent_turn(round-0)
 550.8s |                                        #                   | 551.6s  s10:a4:agent_turn(round-0)
 551.6s |                                        #                   | 553.9s  s10:a1:web_search(Large language model)
 551.6s |                                        #                   | 554.3s  s10:a4:web_search(ethical consideratio)
 551.7s |                                        #                   | 554.8s  s10:a3:web_search(Comparison of large )
 551.7s |                                        #                   | 554.3s  s10:a0:web_search(roles of large langu)
 552.7s |                                        #                   | 555.0s  s10:a2:web_search(challenges and limit)
 553.9s |                                        #                   | 555.0s  s11:orch:breakdown
 553.9s |                                        #                   | 555.8s  s10:a1:web_search(Applications of AI a)
 557.9s |                                        #                   | 560.1s  s10:a0:web_search(applications of larg)
 558.6s |                                        #                   | 560.6s  s10:a4:web_search(regulatory considera)
 570.3s |                                         #                  | 573.0s  s10:a3:web_search(Recent advances in A)
 571.3s |                                         #                  | 572.3s  s11:a0:agent_turn(round-0)
 571.3s |                                         #                  | 572.2s  s11:a1:agent_turn(round-0)
 571.3s |                                         #                  | 572.2s  s11:a2:agent_turn(round-0)
 571.3s |                                         #                  | 572.2s  s11:a3:agent_turn(round-0)
 571.3s |                                         #                  | 572.2s  s11:a4:agent_turn(round-0)
 572.1s |                                         #                  | 574.3s  s10:a2:web_search(limitations of AI in)
 572.7s |                                         #                  | 575.8s  s10:a1:agent_turn(round-1)
 573.3s |                                         #                  | 574.3s  s12:orch:breakdown
 575.2s |                                         #                  | 577.7s  s10:a0:agent_turn(round-1)
 581.5s |                                          #                 | 584.1s  s10:a4:agent_turn(round-1)
 581.5s |                                          #                 | 582.3s  s13:orch:breakdown
 581.5s |                                          #                 | 582.6s  s14:orch:breakdown
 584.3s |                                          #                 | 586.1s  s11:a3:web_search(impact of new error )
 600.0s |                                           #                | 602.5s  s11:a1:web_search(experimental quantum)
 609.9s |                                            #               | 612.6s  s11:a4:web_search(Emerging algorithms )
 610.8s |                                            #               | 613.0s  s11:a2:web_search(challenges in fault-)
 610.8s |                                            #               | 613.3s  s11:a0:web_search(Recent theoretical d)
 610.8s |                                            #               | 613.0s  s10:a3:agent_turn(round-1)
 610.8s |                                            #               | 611.7s  s12:a0:agent_turn(round-0)
 610.8s |                                            #               | 611.8s  s12:a1:agent_turn(round-0)
 611.6s |                                            #               | 612.6s  s12:a2:agent_turn(round-0)
 611.6s |                                            #               | 612.7s  s12:a3:agent_turn(round-0)
 611.7s |                                            #               | 612.6s  s12:a4:agent_turn(round-0)
 611.7s |                                            #               | 613.9s  s10:a2:agent_turn(round-1)
 612.7s |                                            #               | 613.3s  s13:a0:agent_turn(round-0)
 613.9s |                                            #               | 614.6s  s13:a1:agent_turn(round-0)
 614.0s |                                            #               | 614.8s  s13:a2:agent_turn(round-0)
 617.9s |                                            #               | 618.7s  s13:a3:agent_turn(round-0)
 618.6s |                                            #               | 619.5s  s13:a4:agent_turn(round-0)
 630.3s |                                             #              | 631.4s  s14:a0:agent_turn(round-0)
 631.3s |                                             #              | 632.2s  s14:a1:agent_turn(round-0)
 631.3s |                                             #              | 632.9s  s14:a2:agent_turn(round-0)
 631.3s |                                             #              | 632.4s  s14:a3:agent_turn(round-0)
 631.3s |                                             #              | 632.4s  s14:a4:agent_turn(round-0)
 631.3s |                                             #              | 633.5s  s11:a3:web_search(how noise characteri)
 632.1s |                                             #              | 634.8s  s11:a1:web_search(experimental quantum)
 632.7s |                                             #              | 635.1s  s12:a0:web_search(Recent developments )
 633.3s |                                              #             | 636.2s  s12:a1:web_search(Progress of experime)
 635.2s |                                              #             | 637.5s  s11:a4:web_search(Software tools for q)
 641.5s |                                              #             | 644.3s  s12:a4:web_search(Recent advances in q)
 641.5s |                                              #             | 643.7s  s12:a2:web_search(Challenges and solut)
 641.5s |                                              #             | 643.4s  s12:a3:web_search(Recent advancements )
 644.3s |                                              #             | 653.3s  s11:a2:web_search(key difficulties in )
 660.0s |                                               #            | 662.3s  s11:a0:web_search(Recent advances in s)
 669.9s |                                                #           | 672.3s  s13:a0:web_search(recent developments )
 670.8s |                                                #           | 676.5s  s10:orch:synthesis
 670.8s |                                                #           | 673.1s  s13:a1:web_search(Recent experimental )
 670.8s |                                                #           | 672.8s  s13:a2:web_search(Challenges and solut)
 670.8s |                                                #           | 672.9s  s13:a3:web_search(Impact of new materi)
 670.8s |                                                #           | 673.1s  s13:a4:web_search(recent advances in q)
 671.6s |                                                #           | 675.4s  s14:a0:web_search(Fundamental mechanis)
 671.6s |                                                #           | 673.6s  s14:a1:web_search(efficiencies and spe)
 671.7s |                                                #           | 673.9s  s14:a4:web_search(Regulatory considera)
 671.7s |                                                #           | 674.6s  s14:a3:web_search(Safety profiles and )
 672.7s |                                                #           | 674.6s  s14:a2:web_search(Advantages and limit)
 673.9s |                                                #           | 676.5s  s11:a3:agent_turn(round-1)
 674.0s |                                                #           | 677.0s  s11:a1:agent_turn(round-1)
 677.9s |                                                 #          | 680.1s  s12:a0:web_search(Advances in capabili)
 678.6s |                                                 #          | 680.7s  s12:a1:web_search(Progress of experime)
 690.3s |                                                  #         | 693.0s  s11:a4:agent_turn(round-1)
 691.3s |                                                  #         | 694.0s  s12:a3:web_search(Comparison of effici)
 691.3s |                                                  #         | 694.2s  s12:a2:web_search(Current state of fau)
 691.3s |                                                  #         | 694.2s  s12:a4:web_search(Impacts of quantum e)
 691.3s |                                                  #         | 693.8s  s11:a2:agent_turn(round-1)
 691.3s |                                                  #         | 693.4s  s11:a0:web_search(Recent developments )
 692.1s |                                                  #         | 695.0s  s13:a0:web_search(latest research in q)
 692.7s |                                                  #         | 695.3s  s13:a2:web_search(Recent advancements )
 693.3s |                                                  #         | 695.5s  s13:a3:web_search(Recent developments )
 695.2s |                                                  #         | 698.0s  s13:a1:web_search( Advances in quantum)
 701.5s |                                                  #         | 704.6s  s13:a4:web_search(developments in quan)
 701.5s |                                                  #         | 703.7s  s14:a1:web_search(efficiencies and spe)
 701.5s |                                                  #         | 705.1s  s14:a4:web_search(Ethical consideratio)
 704.3s |                                                   #        | 706.9s  s14:a2:web_search(CRISPR-Cas9 features)
 720.0s |                                                    #       | 722.4s  s14:a3:web_search(Safety profiles and )
 729.9s |                                                     #      | 733.0s  s14:a0:web_search(Differences between )
 730.8s |                                                     #      | 740.4s  s10:r0:review_citations
 730.8s |                                                     #      | 741.7s  s10:r1:review_style
 730.8s |                                                     #      | 738.9s  s10:r2:review_facts
 730.8s |                                                     #      | 733.2s  s12:a0:agent_turn(round-1)
 730.8s |                                                     #      | 733.1s  s12:a1:web_search(Progress of experime)
 731.6s |                                                     #      | 734.8s  s11:a0:agent_turn(round-1)
 731.6s |                                                     #      | 733.4s  s12:a3:agent_turn(round-1)
 731.7s |                                                     #      | 733.4s  s12:a2:agent_turn(round-1)
 731.7s |                                                     #      | 733.9s  s12:a4:agent_turn(round-1)
 732.7s |                                                     #      | 734.8s  s13:a0:agent_turn(round-1)
 733.9s |                                                     #      | 736.8s  s13:a2:agent_turn(round-1)
 734.0s |                                                     #      | 736.0s  s13:a3:agent_turn(round-1)
 737.9s |                                                     #      | 740.2s  s13:a1:agent_turn(round-1)
 738.6s |                                                     #      | 741.7s  s14:a1:agent_turn(round-1)
 750.3s |                                                      #     | 752.5s  s13:a4:web_search(impact of quantum er)
 751.3s |                                                      #     | 753.5s  s14:a4:web_search(Delivery considerati)
 751.3s |                                                      #     | 754.2s  s14:a2:web_search(Base editing feature)
 751.3s |                                                      #     | 755.1s  s14:a3:web_search(Safety profiles and )
 751.3s |                                                      #     | 754.6s  s14:a0:agent_turn(round-1)
 751.3s |                                                      #     | 753.8s  s12:a1:web_search(Progress of experime)
 752.1s |                                                      #     | 756.4s  s11:orch:synthesis
 752.7s |                                                      #     | 761.7s  s10:orch:finalize
 753.3s |                                                      #     | 755.7s  s13:a4:agent_turn(round-1)
 755.2s |                                                      #     | 758.0s  s14:a4:agent_turn(round-1)
 761.5s |                                                       #    | 764.0s  s12:a1:agent_turn(round-1)
 761.5s |                                                       #    | 764.2s  s14:a2:agent_turn(round-1)
 761.5s |                                                       #    | 764.0s  s14:a3:agent_turn(round-1)
 764.3s |                                                       #    | 768.9s  s13:orch:synthesis
 780.0s |                                                        #   | 788.0s  s11:r0:review_citations
 789.9s |                                                         #  | 796.8s  s11:r1:review_style
 790.8s |                                                         #  | 796.4s  s11:r2:review_facts
 790.8s |                                                         #  | 795.9s  s12:orch:synthesis
 790.8s |                                                         #  | 798.3s  s14:orch:synthesis
 790.8s |                                                         #  | 799.1s  s13:r0:review_citations
 790.8s |                                                         #  | 795.9s  s13:r1:review_style
 791.6s |                                                         #  | 799.0s  s13:r2:review_facts
 795.9s |                                                         #  | 803.1s  s12:r0:review_citations
 795.9s |                                                         #  | 800.8s  s12:r1:review_style
 795.9s |                                                         #  | 802.5s  s12:r2:review_facts
 796.8s |                                                         #  | 806.3s  s11:orch:finalize
 798.3s |                                                         #  | 806.3s  s14:r0:review_citations
 798.3s |                                                         #  | 806.6s  s14:r1:review_style
 798.3s |                                                         #  | 808.1s  s14:r2:review_facts
 799.1s |                                                          # | 805.4s  s13:orch:finalize
 810.3s |                                                          # | 817.2s  s12:orch:finalize
 811.3s |                                                          # | 826.0s  s14:orch:finalize
        0<60>826.0s
======================================================================


######################################################################
 SCHEDULER: SJF
######################################################################

============================================================
 BATCH 0: launching 5 sessions
 Arrival delays: 0.0s, 4.0s, 8.0s, 12.0s, 16.0s
============================================================
    0.00s [s0:orch]        START breakdown (pos #1)
    1.12s [s0:orch]        END   breakdown (1.12s)
    1.12s [s0:a0]          START agent_turn(round-0) (pos #2)
    1.12s [s0:a2]          START agent_turn(round-0) (pos #4)
    1.12s [s0:a3]          START agent_turn(round-0) (pos #5)
    1.12s [s0:a1]          START agent_turn(round-0) (pos #3)
    1.12s [s0:a4]          START agent_turn(round-0) (pos #6)
    1.94s [s0:a0]          END   agent_turn(round-0) (0.82s)
    1.94s [s0:a0]          START web_search(recent algorithms and techniques for qua) (pos #7)
    1.95s [s0:a1]          END   agent_turn(round-0) (0.83s)
    1.95s [s0:a1]          START web_search(advancements in quantum error correction) (pos #8)
    1.99s [s0:a3]          END   agent_turn(round-0) (0.87s)
    1.99s [s0:a3]          START web_search(Impact of hardware advances and qubit st) (pos #9)
    2.03s [s0:a4]          END   agent_turn(round-0) (0.91s)
    2.03s [s0:a4]          START web_search(Recent breakthroughs in quantum error co) (pos #10)
    2.56s [s0:a2]          END   agent_turn(round-0) (1.44s)
    2.56s [s0:a2]          START web_search(challenges in implementing quantum error) (pos #11)
    3.99s [s0:a3]          END   web_search(Impact of hardware advances and qubit st) (2.00s)
    3.99s [s0:a3]          START web_search(Recent developments in qubit stability a) (pos #12)
    4.00s [s1:orch]        START breakdown (pos #13)
    4.13s [s0:a4]          END   web_search(Recent breakthroughs in quantum error co) (2.11s)
    4.13s [s0:a4]          START web_search(Applications and implications of quantum) (pos #14)
    4.18s [s0:a1]          END   web_search(advancements in quantum error correction) (2.23s)
    4.18s [s0:a1]          START web_search(comparison of new quantum error correcti) (pos #15)
    4.57s [s0:a0]          END   web_search(recent algorithms and techniques for qua) (2.63s)
    4.57s [s0:a0]          START web_search(latest developments in quantum error cor) (pos #16)
    4.66s [s0:a2]          END   web_search(challenges in implementing quantum error) (2.10s)
    4.66s [s0:a2]          START web_search(limitations of current quantum hardware ) (pos #17)
    4.91s [s1:orch]        END   breakdown (0.90s)
    4.91s [s1:a1]          START agent_turn(round-0) (pos #19)
    4.91s [s1:a3]          START agent_turn(round-0) (pos #21)
    4.91s [s1:a0]          START agent_turn(round-0) (pos #18)
    4.91s [s1:a4]          START agent_turn(round-0) (pos #22)
    4.91s [s1:a2]          START agent_turn(round-0) (pos #20)
    5.63s [s1:a2]          END   agent_turn(round-0) (0.72s)
    5.63s [s1:a0]          END   agent_turn(round-0) (0.73s)
    5.63s [s1:a0]          START web_search(Recent developments in quantum error cor) (pos #24)
    5.63s [s1:a2]          START web_search(Challenges and limitations in scaling qu) (pos #23)
    5.63s [s1:a1]          END   agent_turn(round-0) (0.73s)
    5.64s [s1:a1]          START web_search(Recent advances in experimental quantum ) (pos #25)
    5.67s [s1:a3]          END   agent_turn(round-0) (0.76s)
    5.67s [s1:a3]          START web_search(Impact of novel hardware architectures o) (pos #26)
    5.72s [s0:a3]          END   web_search(Recent developments in qubit stability a) (1.73s)
    5.72s [s0:a3]          START agent_turn(round-1) (pos #27)
    5.82s [s1:a4]          END   agent_turn(round-0) (0.91s)
    5.82s [s1:a4]          START web_search(Emerging algorithms and techniques that ) (pos #28)
    5.98s [s0:a1]          END   web_search(comparison of new quantum error correcti) (1.80s)
    5.98s [s0:a1]          START agent_turn(round-1) (pos #29)
    6.15s [s0:a4]          END   web_search(Applications and implications of quantum) (2.01s)
    6.15s [s0:a4]          START agent_turn(round-1) (pos #30)
    6.75s [s0:a0]          END   web_search(latest developments in quantum error cor) (2.18s)
  [SJF] queue waiting 53.25s for capacity (next: s0:a0:agent_turn, 1391 tokens)
    7.26s [s1:a1]          END   web_search(Recent advances in experimental quantum ) (1.63s)
    7.27s [s0:a3]          END   agent_turn(round-1) (1.55s)
    7.27s [s0:a1]          END   agent_turn(round-1) (1.28s)
    7.44s [s0:a2]          END   web_search(limitations of current quantum hardware ) (2.78s)
    7.88s [s1:a3]          END   web_search(Impact of novel hardware architectures o) (2.21s)
    7.91s [s1:a4]          END   web_search(Emerging algorithms and techniques that ) (2.10s)
    7.95s [s1:a2]          END   web_search(Challenges and limitations in scaling qu) (2.32s)
    8.10s [s1:a0]          END   web_search(Recent developments in quantum error cor) (2.47s)
    8.84s [s0:a4]          END   agent_turn(round-1) (2.69s)
   60.00s [s0:a0]          START agent_turn(round-1) (pos #31)
  [SJF] queue waiting 1.12s for capacity (next: s1:a4:web_search, 65 tokens)
   61.12s [s1:a4]          START web_search(Recent advances in quantum error correct) (pos #35)
   61.12s [s1:a2]          START web_search(Quantum error correction scalability iss) (pos #36)
   61.12s [s1:a1]          START web_search(Improvements in quantum error correction) (pos #32)
   61.12s [s1:a0]          START web_search(theoretical foundations of quantum error) (pos #38)
   61.12s [s1:a3]          START web_search(How hardware design affects quantum erro) (pos #34)
  [SJF] queue waiting 0.82s for capacity (next: s2:orch:breakdown, 81 tokens)
   61.94s [s2:orch]        START breakdown (pos #37)
  [SJF] queue waiting 0.10s for capacity (next: s3:orch:breakdown, 83 tokens)
   62.04s [s3:orch]        START breakdown (pos #39)
   62.04s [s4:orch]        START breakdown (pos #40)
   62.04s [s0:a2]          START agent_turn(round-1) (pos #33)
   62.50s [s0:a0]          END   agent_turn(round-1) (2.50s)
   63.18s [s3:orch]        END   breakdown (1.14s)
   63.18s [s3:a1]          START agent_turn(round-0) (pos #42)
  [SJF] queue waiting 0.80s for capacity (next: s3:a0:agent_turn, 337 tokens)
   63.22s [s4:orch]        END   breakdown (1.18s)
   63.34s [s2:orch]        END   breakdown (1.40s)
   63.53s [s1:a4]          END   web_search(Recent advances in quantum error correct) (2.41s)
   63.60s [s0:a2]          END   agent_turn(round-1) (1.56s)
   63.88s [s1:a3]          END   web_search(How hardware design affects quantum erro) (2.76s)
   63.99s [s3:a0]          START agent_turn(round-0) (pos #41)
  [SJF] queue waiting 0.10s for capacity (next: s4:a2:agent_turn, 329 tokens)
   64.02s [s1:a0]          END   web_search(theoretical foundations of quantum error) (2.90s)
   64.03s [s1:a2]          END   web_search(Quantum error correction scalability iss) (2.91s)
   64.09s [s4:a2]          START agent_turn(round-0) (pos #48)
  [SJF] queue waiting 0.10s for capacity (next: s2:a0:agent_turn, 332 tokens)
   64.12s [s3:a1]          END   agent_turn(round-0) (0.94s)
   64.16s [s1:a1]          END   web_search(Improvements in quantum error correction) (3.04s)
   64.19s [s2:a0]          START agent_turn(round-0) (pos #51)
   64.19s [s3:a1]          START web_search(Off-target effects of CRISPR-Cas9) (pos #61)
  [SJF] queue waiting 0.38s for capacity (next: s2:a1:agent_turn, 332 tokens)
   64.57s [s2:a1]          START agent_turn(round-0) (pos #52)
  [SJF] queue waiting 0.10s for capacity (next: s2:a2:agent_turn, 333 tokens)
   64.68s [s2:a2]          START agent_turn(round-0) (pos #53)
  [SJF] queue waiting 0.23s for capacity (next: s2:a3:agent_turn, 333 tokens)
   64.91s [s2:a3]          START agent_turn(round-0) (pos #54)
   64.91s [s4:a1]          START agent_turn(round-0) (pos #47)
   64.91s [s2:a4]          START agent_turn(round-0) (pos #55)
   64.91s [s4:a0]          START agent_turn(round-0) (pos #46)
   64.91s [s4:a3]          START agent_turn(round-0) (pos #49)
  [SJF] queue waiting 0.72s for capacity (next: s4:a4:agent_turn, 340 tokens)
   64.93s [s4:a2]          END   agent_turn(round-0) (0.84s)
   64.96s [s2:a0]          END   agent_turn(round-0) (0.77s)
   65.18s [s2:a1]          END   agent_turn(round-0) (0.61s)
   65.25s [s2:a2]          END   agent_turn(round-0) (0.57s)
   65.52s [s3:a0]          END   agent_turn(round-0) (1.53s)
   65.63s [s4:a4]          START agent_turn(round-0) (pos #50)
   65.63s [s2:a0]          START web_search(recent advancements in nuclear fusion re) (pos #64)
  [SJF] queue waiting 0.10s for capacity (next: s2:a2:web_search, 69 tokens)
   65.64s [s2:a4]          END   agent_turn(round-0) (0.73s)
   65.69s [s2:a3]          END   agent_turn(round-0) (0.78s)
   65.74s [s2:a2]          START web_search(Current status of fusion experiments and) (pos #66)
   65.74s [s4:a2]          START web_search(current safety concerns and off-target e) (pos #63)
   65.74s [s2:a3]          START web_search(scientific and engineering challenges in) (pos #69)
  [SJF] queue waiting 0.10s for capacity (next: s2:a1:web_search, 74 tokens)
   65.75s [s4:a1]          END   agent_turn(round-0) (0.84s)
   65.76s [s4:a3]          END   agent_turn(round-0) (0.85s)
   65.83s [s4:a0]          END   agent_turn(round-0) (0.92s)
   65.84s [s2:a1]          START web_search(Materials used for plasma containment an) (pos #65)
  [SJF] queue waiting 0.15s for capacity (next: s4:a3:web_search, 70 tokens)
   65.99s [s4:a3]          START web_search(most promising genetic diseases or condi) (pos #71)
  [SJF] queue waiting 0.16s for capacity (next: s4:a0:web_search, 71 tokens)
   66.15s [s4:a0]          START web_search(primary mechanisms of action of CRISPR-C) (pos #72)
  [SJF] queue waiting 53.86s for capacity (next: s2:a4:web_search, 74 tokens)
   66.65s [s4:a4]          END   agent_turn(round-0) (1.02s)
   67.19s [s3:a1]          END   web_search(Off-target effects of CRISPR-Cas9) (3.00s)
   68.09s [s2:a3]          END   web_search(scientific and engineering challenges in) (2.36s)
   68.09s [s4:a2]          END   web_search(current safety concerns and off-target e) (2.36s)
   68.26s [s2:a2]          END   web_search(Current status of fusion experiments and) (2.52s)
   68.36s [s2:a1]          END   web_search(Materials used for plasma containment an) (2.53s)
   68.40s [s4:a3]          END   web_search(most promising genetic diseases or condi) (2.42s)
   68.43s [s2:a0]          END   web_search(recent advancements in nuclear fusion re) (2.79s)
   69.68s [s4:a0]          END   web_search(primary mechanisms of action of CRISPR-C) (3.53s)
  120.00s [s2:a4]          START web_search(current funding, policy, and internation) (pos #68)
  [SJF] queue waiting 1.12s for capacity (next: s3:a1:web_search, 63 tokens)
  121.12s [s3:a1]          START web_search(Off-target effects of base editing) (pos #74)
  121.12s [s2:a0]          START web_search(breakthroughs in nuclear fusion technolo) (pos #80)
  121.12s [s4:a3]          START web_search(applications of CRISPR in genetic diseas) (pos #79)
  121.12s [s2:a3]          START web_search(current state and challenges of nuclear ) (pos #75)
  121.12s [s4:a0]          START web_search(primary mechanisms of action of base edi) (pos #81)
  [SJF] queue waiting 0.82s for capacity (next: s3:a0:web_search, 75 tokens)
  121.94s [s3:a0]          START web_search(CRISPR-Cas9 efficiency and precision lev) (pos #67)
  [SJF] queue waiting 0.10s for capacity (next: s4:a4:web_search, 76 tokens)
  122.04s [s4:a4]          START web_search(regulatory and ethical considerations of) (pos #73)
  122.04s [s4:a1]          START web_search(Comparison of efficiencies and specifici) (pos #70)
  122.04s [s4:a2]          START web_search(safety concerns and off-target effects o) (pos #76)
  [SJF] queue waiting 1.14s for capacity (next: s3:a2:agent_turn, 341 tokens)
  122.36s [s2:a4]          END   web_search(current funding, policy, and internation) (2.36s)
  123.09s [s3:a1]          END   web_search(Off-target effects of base editing) (1.97s)
  123.18s [s2:a0]          END   web_search(breakthroughs in nuclear fusion technolo) (2.06s)
  123.19s [s3:a2]          START agent_turn(round-0) (pos #43)
  [SJF] queue waiting 0.80s for capacity (next: s2:a4:web_search, 66 tokens)
  123.60s [s4:a3]          END   web_search(applications of CRISPR in genetic diseas) (2.48s)
  123.79s [s3:a2]          END   agent_turn(round-0) (0.60s)
  123.81s [s4:a4]          END   web_search(regulatory and ethical considerations of) (1.76s)
  123.83s [s4:a0]          END   web_search(primary mechanisms of action of base edi) (2.71s)
  123.99s [s2:a4]          START web_search(impact of funding and policy on fusion r) (pos #82)
  [SJF] queue waiting 0.10s for capacity (next: s3:a1:web_search, 66 tokens)
  124.09s [s3:a1]          START web_search(Unintended edits in CRISPR-Cas9 vs base ) (pos #83)
  [SJF] queue waiting 0.10s for capacity (next: s3:a2:web_search, 74 tokens)
  124.19s [s3:a2]          START web_search(Advantages and limitations of different ) (pos #86)
  124.19s [s4:a4]          START web_search(regulatory and ethical considerations of) (pos #87)
  [SJF] queue waiting 0.38s for capacity (next: s3:a3:agent_turn, 341 tokens)
  124.36s [s2:a3]          END   web_search(current state and challenges of nuclear ) (3.24s)
  124.58s [s3:a3]          START agent_turn(round-0) (pos #44)
  [SJF] queue waiting 0.10s for capacity (next: s3:a4:agent_turn, 341 tokens)
  124.67s [s4:a1]          END   web_search(Comparison of efficiencies and specifici) (2.63s)
  124.68s [s3:a4]          START agent_turn(round-0) (pos #45)
  [SJF] queue waiting 0.23s for capacity (next: s4:a1:web_search, 65 tokens)
  124.82s [s4:a2]          END   web_search(safety concerns and off-target effects o) (2.78s)
  124.91s [s4:a1]          START web_search(CRISPR-Cas9 vs base editing in gene ther) (pos #90)
  124.91s [s2:a1]          START agent_turn(round-1) (pos #78)
  124.91s [s2:a2]          START agent_turn(round-1) (pos #77)
  124.91s [s4:a0]          START agent_turn(round-1) (pos #88)
  124.91s [s4:a2]          START agent_turn(round-1) (pos #91)
  [SJF] queue waiting 0.72s for capacity (next: s4:a3:agent_turn, 1324 tokens)
  125.20s [s3:a0]          END   web_search(CRISPR-Cas9 efficiency and precision lev) (3.26s)
  125.52s [s3:a3]          END   agent_turn(round-0) (0.95s)
  125.52s [s2:a4]          END   web_search(impact of funding and policy on fusion r) (1.53s)
  125.52s [s3:a4]          END   agent_turn(round-0) (0.85s)
  125.64s [s4:a3]          START agent_turn(round-1) (pos #85)
  125.64s [s3:a0]          START web_search(Base editing efficiency and precision le) (pos #92)
  [SJF] queue waiting 0.10s for capacity (next: s3:a4:web_search, 78 tokens)
  125.74s [s3:a4]          START web_search(ethical considerations and regulatory ch) (pos #95)
  125.74s [s3:a3]          START web_search(Comparison of safety profiles between CR) (pos #93)
  125.74s [s2:a4]          START agent_turn(round-1) (pos #94)
  [SJF] queue waiting 0.10s for capacity (next: s1:a1:agent_turn, 1345 tokens)
  125.84s [s1:a1]          START agent_turn(round-1) (pos #62)
  [SJF] queue waiting 0.15s for capacity (next: s1:a0:agent_turn, 1356 tokens)
  125.99s [s1:a0]          START agent_turn(round-1) (pos #59)
  [SJF] queue waiting 0.16s for capacity (next: s2:a0:agent_turn, 1388 tokens)
  126.00s [s3:a2]          END   web_search(Advantages and limitations of different ) (1.81s)
  126.02s [s2:a2]          END   agent_turn(round-1) (1.11s)
  126.15s [s2:a0]          START agent_turn(round-1) (pos #84)
  [SJF] queue waiting 53.86s for capacity (next: s3:a2:web_search, 69 tokens)
  126.46s [s4:a4]          END   web_search(regulatory and ethical considerations of) (2.27s)
  126.50s [s2:a1]          END   agent_turn(round-1) (1.59s)
  126.76s [s3:a1]          END   web_search(Unintended edits in CRISPR-Cas9 vs base ) (2.67s)
  127.38s [s3:a0]          END   web_search(Base editing efficiency and precision le) (1.75s)
  127.40s [s2:a4]          END   agent_turn(round-1) (1.66s)
  127.48s [s3:a3]          END   web_search(Comparison of safety profiles between CR) (1.74s)
  127.63s [s1:a1]          END   agent_turn(round-1) (1.80s)
  127.70s [s4:a0]          END   agent_turn(round-1) (2.79s)
  127.90s [s3:a4]          END   web_search(ethical considerations and regulatory ch) (2.16s)
  128.06s [s1:a0]          END   agent_turn(round-1) (2.08s)
  128.14s [s4:a1]          END   web_search(CRISPR-Cas9 vs base editing in gene ther) (3.23s)
  128.17s [s4:a3]          END   agent_turn(round-1) (2.54s)
  129.23s [s2:a0]          END   agent_turn(round-1) (3.08s)
  129.37s [s4:a2]          END   agent_turn(round-1) (4.46s)
  180.01s [s3:a2]          START web_search(Applicability of delivery methods to dif) (pos #96)
  [SJF] queue waiting 1.12s for capacity (next: s3:a4:web_search, 66 tokens)
  181.12s [s3:a4]          START web_search(regulatory challenges of gene editing th) (pos #102)
  181.12s [s3:a3]          START web_search(Immunogenic responses of CRISPR-Cas9 ver) (pos #101)
  181.12s [s2:a1]          START summarize(len=574) (pos #98)
  181.12s [s3:a0]          START agent_turn(round-1) (pos #100)
  181.12s [s1:a3]          START agent_turn(round-1) (pos #58)
  [SJF] queue waiting 0.82s for capacity (next: s2:a3:agent_turn, 1402 tokens)
  181.94s [s2:a3]          START agent_turn(round-1) (pos #89)
  [SJF] queue waiting 0.10s for capacity (next: s4:a4:agent_turn, 1416 tokens)
  182.03s [s2:a1]          END   summarize(len=574) (0.90s)
  182.05s [s4:a4]          START agent_turn(round-1) (pos #97)
  182.05s [s2:a1]          START agent_turn(round-2) (pos #104)
  182.05s [s1:a4]          START agent_turn(round-1) (pos #56)
  [SJF] queue waiting 1.14s for capacity (next: s1:a2:agent_turn, 1443 tokens)
  182.18s [s3:a2]          END   web_search(Applicability of delivery methods to dif) (2.17s)
  182.78s [s3:a4]          END   web_search(regulatory challenges of gene editing th) (1.66s)
  183.19s [s1:a2]          START agent_turn(round-1) (pos #60)
  [SJF] queue waiting 0.80s for capacity (next: s3:a2:agent_turn, 1291 tokens)
  183.19s [s2:a1]          END   agent_turn(round-2) (1.15s)
  183.25s [s3:a0]          END   agent_turn(round-1) (2.12s)
  183.44s [s1:a3]          END   agent_turn(round-1) (2.31s)
  183.70s [s1:a4]          END   agent_turn(round-1) (1.65s)
  183.85s [s3:a3]          END   web_search(Immunogenic responses of CRISPR-Cas9 ver) (2.73s)
  183.99s [s3:a2]          START agent_turn(round-1) (pos #105)
  [SJF] queue waiting 0.10s for capacity (next: s3:a4:agent_turn, 1347 tokens)
  184.09s [s3:a4]          START agent_turn(round-1) (pos #106)
  [SJF] queue waiting 0.10s for capacity (next: s3:a3:agent_turn, 1423 tokens)
  184.19s [s3:a3]          START agent_turn(round-1) (pos #107)
  184.19s [s4:a1]          START agent_turn(round-1) (pos #103)
  [SJF] queue waiting 0.38s for capacity (next: s3:a1:agent_turn, 2032 tokens)
  184.21s [s2:a3]          END   agent_turn(round-1) (2.27s)
  184.58s [s3:a1]          START agent_turn(round-1) (pos #99)
  [SJF] queue waiting 0.10s for capacity (next: s2:orch:synthesis, 1952 tokens)
  184.68s [s2:orch]        START synthesis (pos #108)
  [SJF] queue waiting 0.23s for capacity (next: s0:orch:synthesis, 2313 tokens)
  184.84s [s1:a2]          END   agent_turn(round-1) (1.65s)
  184.91s [s0:orch]        START synthesis (pos #57)
  184.91s [s1:orch]        START synthesis (pos #109)
  185.62s [s4:a4]          END   agent_turn(round-1) (3.58s)
  186.01s [s4:a1]          END   agent_turn(round-1) (1.81s)
  186.01s [s4:orch]        START synthesis (pos #110)
  186.15s [s3:a2]          END   agent_turn(round-1) (2.16s)
  186.31s [s3:a4]          END   agent_turn(round-1) (2.22s)
  186.77s [s3:a3]          END   agent_turn(round-1) (2.58s)
  187.26s [s3:a1]          END   agent_turn(round-1) (2.68s)
  187.26s [s3:orch]        START synthesis (pos #111)
  190.15s [s2:orch]        END   synthesis (5.48s)
  190.15s [s2:r1]          START review_style (pos #113)
  190.15s [s2:r0]          START review_citations (pos #112)
  190.15s [s2:r2]          START review_facts (pos #114)
  190.25s [s0:orch]        END   synthesis (5.34s)
  190.25s [s0:r1]          START review_style (pos #116)
  190.25s [s0:r0]          START review_citations (pos #115)
  190.25s [s0:r2]          START review_facts (pos #117)
  190.97s [s1:orch]        END   synthesis (6.06s)
  190.97s [s1:r1]          START review_style (pos #119)
  190.97s [s1:r0]          START review_citations (pos #118)
  190.97s [s1:r2]          START review_facts (pos #120)
  191.44s [s4:orch]        END   synthesis (5.43s)
  [SJF] queue waiting 48.57s for capacity (next: s4:r1:review_style, 1361 tokens)
  192.30s [s3:orch]        END   synthesis (5.05s)
  194.77s [s0:r1]          END   review_style (4.52s)
  196.76s [s0:r2]          END   review_facts (6.51s)
  197.12s [s1:r1]          END   review_style (6.14s)
  197.73s [s2:r1]          END   review_style (7.58s)
  198.24s [s0:r0]          END   review_citations (7.99s)
  201.23s [s1:r2]          END   review_facts (10.26s)
  201.42s [s1:r0]          END   review_citations (10.45s)
  202.59s [s2:r0]          END   review_citations (12.44s)
  203.06s [s2:r2]          END   review_facts (12.90s)
  240.01s [s4:r1]          START review_style (pos #122)
  [SJF] queue waiting 1.12s for capacity (next: s3:r1:review_style, 1258 tokens)
  241.13s [s3:r1]          START review_style (pos #125)
  241.13s [s3:r0]          START review_citations (pos #124)
  241.13s [s3:r2]          START review_facts (pos #126)
  241.13s [s4:r0]          START review_citations (pos #121)
  241.13s [s4:r2]          START review_facts (pos #123)
  [SJF] queue waiting 0.82s for capacity (next: s0:orch:finalize, 5024 tokens)
  241.95s [s0:orch]        START finalize (pos #127)
  [SJF] queue waiting 0.10s for capacity (next: s2:orch:finalize, 6534 tokens)
  242.05s [s2:orch]        START finalize (pos #129)
  242.05s [s1:orch]        START finalize (pos #128)
  244.42s [s4:r1]          END   review_style (4.42s)
  248.01s [s0:orch]        END   finalize (6.07s)
  [batch=0 session=0] done in 248.0s
  249.45s [s4:r0]          END   review_citations (8.32s)
  249.45s [s3:r1]          END   review_style (8.32s)
  249.75s [s3:r2]          END   review_facts (8.63s)
  249.95s [s1:orch]        END   finalize (7.90s)
  [batch=0 session=1] done in 246.0s
  250.03s [s2:orch]        END   finalize (7.98s)
  [batch=0 session=2] done in 242.0s
  250.49s [s3:r0]          END   review_citations (9.37s)
  250.49s [s3:orch]        START finalize (pos #130)
  251.00s [s4:r2]          END   review_facts (9.88s)
  251.00s [s4:orch]        START finalize (pos #131)
  259.79s [s4:orch]        END   finalize (8.79s)
  [batch=0 session=4] done in 243.8s
  262.35s [s3:orch]        END   finalize (11.85s)
  [batch=0 session=3] done in 250.3s

============================================================
 BATCH 0 SUMMARY  (5 ok / 0 failed)
============================================================
  Session durations (successful):
    count  = 5
    mean   = 246.03s
    median = 245.95s
    p95    = 250.35s
    min    = 242.03s
    max    = 250.35s
    stdev  = 3.30s

============================================================
 BATCH 1: launching 5 sessions
 Arrival delays: 0.0s, 4.0s, 8.0s, 12.0s, 16.0s
============================================================
  262.35s [s5:orch]        START breakdown (pos #132)
  263.27s [s5:orch]        END   breakdown (0.92s)
  263.27s [s5:a0]          START agent_turn(round-0) (pos #133)
  263.27s [s5:a3]          START agent_turn(round-0) (pos #136)
  263.27s [s5:a1]          START agent_turn(round-0) (pos #134)
  263.27s [s5:a2]          START agent_turn(round-0) (pos #135)
  263.27s [s5:a4]          START agent_turn(round-0) (pos #137)
  264.11s [s5:a0]          END   agent_turn(round-0) (0.83s)
  264.11s [s5:a0]          START web_search(biological mechanisms of CRISPR-Cas9) (pos #138)
  264.11s [s5:a3]          END   agent_turn(round-0) (0.84s)
  264.11s [s5:a1]          END   agent_turn(round-0) (0.84s)
  264.11s [s5:a2]          END   agent_turn(round-0) (0.84s)
  264.11s [s5:a2]          START web_search(Potential off-target effects and safety ) (pos #141)
  264.11s [s5:a3]          START web_search(Genetic diseases/conditions with greates) (pos #139)
  264.11s [s5:a1]          START web_search(Comparison of efficiencies and accuracy ) (pos #140)
  264.21s [s5:a4]          END   agent_turn(round-0) (0.93s)
  264.21s [s5:a4]          START web_search(current and future regulatory challenges) (pos #142)
  266.05s [s5:a2]          END   web_search(Potential off-target effects and safety ) (1.94s)
  266.05s [s5:a2]          START web_search(Potential off-target effects and safety ) (pos #143)
  266.20s [s5:a4]          END   web_search(current and future regulatory challenges) (2.00s)
  266.20s [s5:a4]          START web_search(ethical challenges of CRISPR-Cas9 and ba) (pos #144)
  266.31s [s5:a0]          END   web_search(biological mechanisms of CRISPR-Cas9) (2.20s)
  266.31s [s5:a0]          START web_search(biological mechanisms of base editing te) (pos #145)
  266.35s [s6:orch]        START breakdown (pos #146)
  266.41s [s5:a1]          END   web_search(Comparison of efficiencies and accuracy ) (2.30s)
  266.41s [s5:a1]          START web_search(Recent advances and challenges of CRISPR) (pos #147)
  266.50s [s5:a3]          END   web_search(Genetic diseases/conditions with greates) (2.39s)
  266.51s [s5:a3]          START web_search(Genetic diseases/conditions with greates) (pos #148)
  267.25s [s6:orch]        END   breakdown (0.90s)
  267.25s [s6:a3]          START agent_turn(round-0) (pos #152)
  267.25s [s6:a0]          START agent_turn(round-0) (pos #149)
  [SJF] queue waiting 32.75s for capacity (next: s6:a2:agent_turn, 342 tokens)
  268.18s [s6:a3]          END   agent_turn(round-0) (0.93s)
  268.40s [s5:a2]          END   web_search(Potential off-target effects and safety ) (2.35s)
  268.64s [s5:a4]          END   web_search(ethical challenges of CRISPR-Cas9 and ba) (2.43s)
  268.70s [s5:a1]          END   web_search(Recent advances and challenges of CRISPR) (2.28s)
  268.83s [s6:a0]          END   agent_turn(round-0) (1.58s)
  268.97s [s5:a0]          END   web_search(biological mechanisms of base editing te) (2.66s)
  269.36s [s5:a3]          END   web_search(Genetic diseases/conditions with greates) (2.85s)
  300.01s [s6:a2]          START agent_turn(round-0) (pos #151)
  [SJF] queue waiting 1.12s for capacity (next: s5:a4:web_search, 71 tokens)
  300.85s [s6:a2]          END   agent_turn(round-0) (0.84s)
  301.13s [s5:a4]          START web_search(clinical challenges of CRISPR-Cas9 and b) (pos #156)
  301.13s [s5:a2]          START web_search(Potential off-target effects and safety ) (pos #155)
  301.13s [s6:a0]          START web_search(Recent theoretical developments in quant) (pos #158)
  301.13s [s6:a3]          START web_search(Impact of new materials and hardware dev) (pos #154)
  301.13s [s7:orch]        START breakdown (pos #161)
  [SJF] queue waiting 0.82s for capacity (next: s9:orch:breakdown, 80 tokens)
  301.95s [s9:orch]        START breakdown (pos #163)
  [SJF] queue waiting 0.10s for capacity (next: s8:orch:breakdown, 81 tokens)
  301.97s [s7:orch]        END   breakdown (0.84s)
  302.05s [s8:orch]        START breakdown (pos #162)
  302.05s [s6:a2]          START web_search(novel strategies or algorithms for impro) (pos #164)
  [SJF] queue waiting 8.44s for capacity (next: s7:a1:agent_turn, 330 tokens)
  302.70s [s6:a3]          END   web_search(Impact of new materials and hardware dev) (1.57s)
  302.82s [s5:a2]          END   web_search(Potential off-target effects and safety ) (1.70s)
  302.84s [s8:orch]        END   breakdown (0.79s)
  302.84s [s9:orch]        END   breakdown (0.89s)
  302.96s [s6:a0]          END   web_search(Recent theoretical developments in quant) (1.83s)
  302.98s [s5:a4]          END   web_search(clinical challenges of CRISPR-Cas9 and b) (1.85s)
  303.54s [s6:a2]          END   web_search(novel strategies or algorithms for impro) (1.49s)
  310.50s [s7:a1]          START agent_turn(round-0) (pos #166)
  [SJF] queue waiting 0.51s for capacity (next: s6:a3:web_search, 72 tokens)
  311.00s [s6:a3]          START web_search(Recent advances in materials and hardwar) (pos #170)
  [SJF] queue waiting 11.34s for capacity (next: s6:a2:web_search, 72 tokens)
  311.18s [s7:a1]          END   agent_turn(round-0) (0.68s)
  312.93s [s6:a3]          END   web_search(Recent advances in materials and hardwar) (1.93s)
  322.35s [s6:a2]          START web_search(recent advances in quantum error correct) (pos #184)
  [SJF] queue waiting 0.92s for capacity (next: s7:a1:web_search, 72 tokens)
  323.27s [s7:a1]          START web_search(impact of deep-sea mining on ocean chemi) (pos #185)
  323.27s [s6:a0]          START web_search(Quantum error correction codes capacity ) (pos #182)
  323.27s [s9:a1]          START agent_turn(round-0) (pos #178)
  323.27s [s8:a0]          START agent_turn(round-0) (pos #172)
  323.27s [s9:a0]          START agent_turn(round-0) (pos #177)
  [SJF] queue waiting 0.83s for capacity (next: s7:a3:agent_turn, 330 tokens)
  324.11s [s7:a3]          START agent_turn(round-0) (pos #168)
  [SJF] queue waiting 0.10s for capacity (next: s7:a4:agent_turn, 330 tokens)
  324.17s [s9:a0]          END   agent_turn(round-0) (0.90s)
  324.21s [s7:a4]          START agent_turn(round-0) (pos #169)
  324.21s [s9:a0]          START web_search(Impact of deep-sea mining on ecosystems ) (pos #187)
  324.21s [s9:a3]          START agent_turn(round-0) (pos #180)
  [SJF] queue waiting 0.10s for capacity (next: s7:a0:agent_turn, 331 tokens)
  324.23s [s9:a1]          END   agent_turn(round-0) (0.96s)
  324.28s [s6:a2]          END   web_search(recent advances in quantum error correct) (1.93s)
  324.31s [s7:a0]          START agent_turn(round-0) (pos #165)
  [SJF] queue waiting 1.74s for capacity (next: s9:a1:web_search, 67 tokens)
  324.40s [s8:a0]          END   agent_turn(round-0) (1.12s)
  325.02s [s7:a0]          END   agent_turn(round-0) (0.71s)
  325.03s [s9:a3]          END   agent_turn(round-0) (0.82s)
  325.06s [s7:a4]          END   agent_turn(round-0) (0.86s)
  325.55s [s7:a1]          END   web_search(impact of deep-sea mining on ocean chemi) (2.28s)
  325.73s [s7:a3]          END   agent_turn(round-0) (1.62s)
  326.05s [s9:a1]          START web_search(Impact of deep-sea mining on biogeochemi) (pos #188)
  [SJF] queue waiting 0.15s for capacity (next: s7:a1:web_search, 64 tokens)
  326.21s [s7:a1]          START web_search(deep-sea mining environmental effects) (pos #194)
  [SJF] queue waiting 0.10s for capacity (next: s8:a0:web_search, 72 tokens)
  326.31s [s8:a0]          START web_search(Recent algorithms and protocols for quan) (pos #190)
  [SJF] queue waiting 0.10s for capacity (next: s7:a3:web_search, 72 tokens)
  326.40s [s9:a0]          END   web_search(Impact of deep-sea mining on ecosystems ) (2.19s)
  326.40s [s6:a0]          END   web_search(Quantum error correction codes capacity ) (3.13s)
  326.41s [s7:a3]          START web_search(impact of deep-sea mining on deep-ocean ) (pos #195)
  [SJF] queue waiting 0.10s for capacity (next: s9:a0:web_search, 64 tokens)
  326.51s [s9:a0]          START web_search(Ecosystems affected by deep-sea mining) (pos #196)
  326.51s [s9:a3]          START web_search(long-term effects of deep-sea mining on ) (pos #192)
  [SJF] queue waiting 0.74s for capacity (next: s7:a4:web_search, 74 tokens)
  327.25s [s7:a4]          START web_search(long-term ecological recovery prospects ) (pos #193)
  327.25s [s7:a0]          START web_search(potential effects of deep-sea mining on ) (pos #191)
  [SJF] queue waiting 32.75s for capacity (next: s8:a2:agent_turn, 331 tokens)
  328.25s [s9:a1]          END   web_search(Impact of deep-sea mining on biogeochemi) (2.20s)
  328.29s [s7:a3]          END   web_search(impact of deep-sea mining on deep-ocean ) (1.88s)
  328.32s [s7:a1]          END   web_search(deep-sea mining environmental effects) (2.11s)
  328.59s [s9:a3]          END   web_search(long-term effects of deep-sea mining on ) (2.08s)
  328.72s [s9:a0]          END   web_search(Ecosystems affected by deep-sea mining) (2.20s)
  328.89s [s8:a0]          END   web_search(Recent algorithms and protocols for quan) (2.58s)
  329.31s [s7:a4]          END   web_search(long-term ecological recovery prospects ) (2.06s)
  329.80s [s7:a0]          END   web_search(potential effects of deep-sea mining on ) (2.55s)
  360.01s [s8:a2]          START agent_turn(round-0) (pos #174)
  [SJF] queue waiting 1.12s for capacity (next: s7:a3:web_search, 65 tokens)
  360.80s [s8:a2]          END   agent_turn(round-0) (0.79s)
  361.13s [s7:a3]          START web_search(environmental effects of deep-sea mining) (pos #199)
  361.13s [s7:a0]          START web_search(impact of deep-sea mining on marine life) (pos #205)
  361.13s [s9:a3]          START web_search(scientific studies on deep-sea mining im) (pos #201)
  361.13s [s7:a4]          START web_search(impact of deep-sea mining on marine ecos) (pos #204)
  361.13s [s9:a1]          START web_search(Environmental effects of deep-sea mining) (pos #198)
  [SJF] queue waiting 0.82s for capacity (next: s8:a0:web_search, 72 tokens)
  361.95s [s8:a0]          START web_search(Latest developments in quantum error cor) (pos #203)
  [SJF] queue waiting 0.10s for capacity (next: s8:a2:web_search, 72 tokens)
  362.05s [s8:a2]          START web_search(challenges in scaling quantum error corr) (pos #206)
  362.05s [s7:a2]          START agent_turn(round-0) (pos #167)
  [SJF] queue waiting 8.44s for capacity (next: s9:a2:agent_turn, 332 tokens)
  362.70s [s9:a1]          END   web_search(Environmental effects of deep-sea mining) (1.58s)
  362.87s [s7:a2]          END   agent_turn(round-0) (0.82s)
  363.01s [s7:a0]          END   web_search(impact of deep-sea mining on marine life) (1.88s)
  363.30s [s9:a3]          END   web_search(scientific studies on deep-sea mining im) (2.17s)
  363.39s [s7:a4]          END   web_search(impact of deep-sea mining on marine ecos) (2.26s)
  363.83s [s7:a3]          END   web_search(environmental effects of deep-sea mining) (2.70s)
  363.92s [s8:a2]          END   web_search(challenges in scaling quantum error corr) (1.87s)
  363.96s [s8:a0]          END   web_search(Latest developments in quantum error cor) (2.01s)
  370.50s [s9:a2]          START agent_turn(round-0) (pos #179)
  [SJF] queue waiting 0.51s for capacity (next: s8:a2:web_search, 65 tokens)
  371.01s [s8:a2]          START web_search(quantum error correction scalability iss) (pos #213)
  [SJF] queue waiting 11.34s for capacity (next: s7:a2:web_search, 71 tokens)
  371.25s [s9:a2]          END   agent_turn(round-0) (0.76s)
  373.48s [s8:a2]          END   web_search(quantum error correction scalability iss) (2.48s)
  382.35s [s7:a2]          START web_search(carbon sequestration and climate implica) (pos #208)
  [SJF] queue waiting 0.92s for capacity (next: s9:a2:web_search, 71 tokens)
  383.28s [s9:a2]          START web_search(Potential for habitat destruction during) (pos #215)
  383.28s [s9:a4]          START agent_turn(round-0) (pos #181)
  383.28s [s8:a1]          START agent_turn(round-0) (pos #173)
  383.28s [s8:a3]          START agent_turn(round-0) (pos #175)
  383.28s [s8:a4]          START agent_turn(round-0) (pos #176)
  [SJF] queue waiting 0.83s for capacity (next: s6:a4:agent_turn, 342 tokens)
  384.04s [s8:a1]          END   agent_turn(round-0) (0.76s)
  384.05s [s9:a4]          END   agent_turn(round-0) (0.77s)
  384.07s [s8:a4]          END   agent_turn(round-0) (0.79s)
  384.11s [s6:a4]          START agent_turn(round-0) (pos #153)
  [SJF] queue waiting 0.10s for capacity (next: s9:a4:web_search, 68 tokens)
  384.17s [s8:a3]          END   agent_turn(round-0) (0.89s)
  384.21s [s9:a4]          START web_search(Environmental monitoring strategies for ) (pos #218)
  384.21s [s8:a1]          START web_search(advancements in hardware and their impac) (pos #217)
  384.21s [s8:a3]          START web_search(recent advances in theoretical models of) (pos #220)
  [SJF] queue waiting 0.10s for capacity (next: s8:a4:web_search, 81 tokens)
  384.31s [s8:a4]          START web_search(Recent quantum error correction strategi) (pos #219)
  [SJF] queue waiting 1.74s for capacity (next: s6:a1:agent_turn, 347 tokens)
  384.79s [s6:a4]          END   agent_turn(round-0) (0.69s)
  384.89s [s7:a2]          END   web_search(carbon sequestration and climate implica) (2.54s)
  385.50s [s9:a2]          END   web_search(Potential for habitat destruction during) (2.22s)
  386.06s [s6:a1]          START agent_turn(round-0) (pos #150)
  [SJF] queue waiting 0.15s for capacity (next: s7:a2:web_search, 64 tokens)
  386.13s [s8:a1]          END   web_search(advancements in hardware and their impac) (1.92s)
  386.21s [s7:a2]          START web_search(deep-sea mining environmental impacts) (pos #222)
  [SJF] queue waiting 0.10s for capacity (next: s9:a2:web_search, 64 tokens)
  386.31s [s9:a2]          START web_search(Sediment plumes during deep-sea mining) (pos #223)
  [SJF] queue waiting 0.10s for capacity (next: s6:a4:web_search, 69 tokens)
  386.41s [s6:a4]          START web_search(current challenges in large-scale quantu) (pos #221)
  [SJF] queue waiting 0.10s for capacity (next: s8:a1:web_search, 72 tokens)
  386.46s [s8:a4]          END   web_search(Recent quantum error correction strategi) (2.15s)
  386.52s [s8:a1]          START web_search(how hardware improvements enhance quantu) (pos #224)
  386.52s [s8:a4]          START web_search(Experimental demonstrations of quantum e) (pos #225)
  [SJF] queue waiting 0.74s for capacity (next: s7:a1:agent_turn, 1204 tokens)
  386.62s [s9:a4]          END   web_search(Environmental monitoring strategies for ) (2.41s)
  386.79s [s8:a3]          END   web_search(recent advances in theoretical models of) (2.58s)
  387.26s [s7:a1]          START agent_turn(round-1) (pos #200)
  387.26s [s9:a4]          START web_search(Mitigation strategies for deep-sea minin) (pos #226)
  [SJF] queue waiting 32.75s for capacity (next: s8:a3:web_search, 77 tokens)
  387.51s [s6:a1]          END   agent_turn(round-0) (1.45s)
  388.64s [s8:a1]          END   web_search(how hardware improvements enhance quantu) (2.12s)
  388.69s [s7:a2]          END   web_search(deep-sea mining environmental impacts) (2.48s)
  388.88s [s9:a2]          END   web_search(Sediment plumes during deep-sea mining) (2.57s)
  389.08s [s9:a4]          END   web_search(Mitigation strategies for deep-sea minin) (1.82s)
  389.45s [s8:a4]          END   web_search(Experimental demonstrations of quantum e) (2.93s)
  389.93s [s7:a1]          END   agent_turn(round-1) (2.68s)
  389.93s [s6:a4]          END   web_search(current challenges in large-scale quantu) (3.52s)
  420.01s [s8:a3]          START web_search(how new theoretical models influence und) (pos #227)
  [SJF] queue waiting 1.12s for capacity (next: s7:a2:web_search, 66 tokens)
  421.13s [s7:a2]          START web_search(climate effects of deep-sea mineral extr) (pos #230)
  421.13s [s6:a4]          START web_search(future directions for quantum error corr) (pos #234)
  421.13s [s6:a1]          START web_search(Recent advancements in quantum error cor) (pos #228)
  421.13s [s9:a1]          START agent_turn(round-1) (pos #207)
  421.13s [s9:a2]          START agent_turn(round-1) (pos #231)
  [SJF] queue waiting 0.82s for capacity (next: s6:a2:agent_turn, 1298 tokens)
  421.46s [s8:a3]          END   web_search(how new theoretical models influence und) (1.44s)
  421.95s [s6:a2]          START agent_turn(round-1) (pos #189)
  [SJF] queue waiting 0.10s for capacity (next: s6:a3:agent_turn, 1318 tokens)
  422.06s [s6:a3]          START agent_turn(round-1) (pos #186)
  422.06s [s7:a0]          START agent_turn(round-1) (pos #209)
  [SJF] queue waiting 8.44s for capacity (next: s8:a1:agent_turn, 1342 tokens)
  422.30s [s7:a2]          END   web_search(climate effects of deep-sea mineral extr) (1.17s)
  423.09s [s6:a4]          END   web_search(future directions for quantum error corr) (1.96s)
  423.34s [s9:a1]          END   agent_turn(round-1) (2.21s)
  423.39s [s9:a2]          END   agent_turn(round-1) (2.26s)
  423.80s [s6:a1]          END   web_search(Recent advancements in quantum error cor) (2.67s)
  423.80s [s7:a0]          END   agent_turn(round-1) (1.75s)
  423.82s [s6:a2]          END   agent_turn(round-1) (1.87s)
  424.47s [s6:a3]          END   agent_turn(round-1) (2.42s)
  430.50s [s8:a1]          START agent_turn(round-1) (pos #229)
  [SJF] queue waiting 0.51s for capacity (next: s6:a1:web_search, 74 tokens)
  431.01s [s6:a1]          START web_search(Recent developments in quantum error cor) (pos #238)
  [SJF] queue waiting 11.34s for capacity (next: s8:a3:agent_turn, 1354 tokens)
  433.41s [s8:a1]          END   agent_turn(round-1) (2.91s)
  433.42s [s6:a1]          END   web_search(Recent developments in quantum error cor) (2.41s)
  442.35s [s8:a3]          START agent_turn(round-1) (pos #235)
  [SJF] queue waiting 0.92s for capacity (next: s5:a0:agent_turn, 1355 tokens)
  443.28s [s5:a0]          START agent_turn(round-1) (pos #159)
  443.28s [s5:a1]          START agent_turn(round-1) (pos #157)
  443.28s [s8:a0]          START agent_turn(round-1) (pos #214)
  443.28s [s9:a4]          START agent_turn(round-1) (pos #232)
  443.28s [s7:a4]          START agent_turn(round-1) (pos #211)
  [SJF] queue waiting 0.83s for capacity (next: s8:a2:agent_turn, 1409 tokens)
  444.11s [s8:a2]          START agent_turn(round-1) (pos #216)
  [SJF] queue waiting 0.10s for capacity (next: s7:a3:agent_turn, 1411 tokens)
  444.21s [s7:a3]          START agent_turn(round-1) (pos #212)
  444.21s [s5:a3]          START agent_turn(round-1) (pos #160)
  444.21s [s8:a4]          START agent_turn(round-1) (pos #233)
  [SJF] queue waiting 0.10s for capacity (next: s9:a3:agent_turn, 1445 tokens)
  444.32s [s9:a3]          START agent_turn(round-1) (pos #210)
  [SJF] queue waiting 1.74s for capacity (next: s9:a0:agent_turn, 1451 tokens)
  444.44s [s8:a3]          END   agent_turn(round-1) (2.09s)
  444.76s [s7:a4]          END   agent_turn(round-1) (1.49s)
  444.89s [s8:a0]          END   agent_turn(round-1) (1.61s)
  444.99s [s5:a1]          END   agent_turn(round-1) (1.72s)
  445.23s [s9:a4]          END   agent_turn(round-1) (1.96s)
  445.43s [s5:a0]          END   agent_turn(round-1) (2.16s)
  446.06s [s9:a0]          START agent_turn(round-1) (pos #202)
  [SJF] queue waiting 0.15s for capacity (next: s6:a0:agent_turn, 1490 tokens)
  446.17s [s8:a4]          END   agent_turn(round-1) (1.96s)
  446.21s [s6:a0]          START agent_turn(round-1) (pos #197)
  [SJF] queue waiting 0.10s for capacity (next: s6:a4:agent_turn, 1506 tokens)
  446.29s [s8:a2]          END   agent_turn(round-1) (2.18s)
  446.32s [s6:a4]          START agent_turn(round-1) (pos #237)
  [SJF] queue waiting 0.10s for capacity (next: s6:a1:agent_turn, 1506 tokens)
  446.32s [s5:a3]          END   agent_turn(round-1) (2.11s)
  446.41s [s9:a3]          END   agent_turn(round-1) (2.10s)
  446.42s [s6:a1]          START agent_turn(round-1) (pos #239)
  [SJF] queue waiting 0.10s for capacity (next: s7:a2:agent_turn, 1821 tokens)
  446.52s [s7:a2]          START agent_turn(round-1) (pos #236)
  446.52s [s5:a2]          START agent_turn(round-1) (pos #171)
  [SJF] queue waiting 0.74s for capacity (next: s5:a4:agent_turn, 1985 tokens)
  446.56s [s7:a3]          END   agent_turn(round-1) (2.34s)
  447.26s [s5:a4]          START agent_turn(round-1) (pos #183)
  447.26s [s8:orch]        START synthesis (pos #240)
  447.42s [s9:a0]          END   agent_turn(round-1) (1.36s)
  [SJF] queue waiting 32.59s for capacity (next: s9:orch:synthesis, 2341 tokens)
  448.31s [s7:a2]          END   agent_turn(round-1) (1.79s)
  448.39s [s6:a4]          END   agent_turn(round-1) (2.07s)
  448.49s [s6:a0]          END   agent_turn(round-1) (2.27s)
  448.92s [s5:a4]          END   agent_turn(round-1) (1.67s)
  449.09s [s6:a1]          END   agent_turn(round-1) (2.67s)
  449.44s [s5:a2]          END   agent_turn(round-1) (2.92s)
  452.49s [s8:orch]        END   synthesis (5.23s)
  480.01s [s9:orch]        START synthesis (pos #241)
  [SJF] queue waiting 1.12s for capacity (next: s8:r1:review_style, 1577 tokens)
  481.13s [s8:r1]          START review_style (pos #246)
  481.13s [s8:r0]          START review_citations (pos #245)
  481.13s [s8:r2]          START review_facts (pos #247)
  481.13s [s7:orch]        START synthesis (pos #242)
  481.13s [s5:orch]        START synthesis (pos #244)
  [SJF] queue waiting 0.82s for capacity (next: s6:orch:synthesis, 2633 tokens)
  481.96s [s6:orch]        START synthesis (pos #243)
  484.74s [s9:orch]        END   synthesis (4.73s)
  484.74s [s9:r1]          START review_style (pos #249)
  484.74s [s9:r0]          START review_citations (pos #248)
  [SJF] queue waiting 5.76s for capacity (next: s9:r2:review_facts, 1247 tokens)
  485.89s [s6:orch]        END   synthesis (3.93s)
  486.23s [s7:orch]        END   synthesis (5.10s)
  486.71s [s8:r1]          END   review_style (5.58s)
  486.78s [s5:orch]        END   synthesis (5.65s)
  488.14s [s9:r1]          END   review_style (3.40s)
  489.56s [s8:r2]          END   review_facts (8.42s)
  490.19s [s8:r0]          END   review_citations (9.06s)
  490.50s [s9:r2]          START review_facts (pos #250)
  [SJF] queue waiting 0.51s for capacity (next: s6:r1:review_style, 1241 tokens)
  491.01s [s6:r1]          START review_style (pos #252)
  [SJF] queue waiting 11.34s for capacity (next: s6:r0:review_citations, 1242 tokens)
  494.99s [s6:r1]          END   review_style (3.98s)
  497.40s [s9:r0]          END   review_citations (12.65s)
  500.91s [s9:r2]          END   review_facts (10.41s)
  502.35s [s6:r0]          START review_citations (pos #251)
  [SJF] queue waiting 0.92s for capacity (next: s6:r2:review_facts, 1261 tokens)
  503.28s [s6:r2]          START review_facts (pos #253)
  503.28s [s5:r1]          START review_style (pos #258)
  503.28s [s5:r0]          START review_citations (pos #257)
  503.28s [s7:r1]          START review_style (pos #255)
  503.28s [s7:r0]          START review_citations (pos #254)
  [SJF] queue waiting 0.83s for capacity (next: s5:r2:review_facts, 1415 tokens)
  504.11s [s5:r2]          START review_facts (pos #259)
  [SJF] queue waiting 0.10s for capacity (next: s7:r2:review_facts, 1423 tokens)
  504.21s [s7:r2]          START review_facts (pos #256)
  504.21s [s9:orch]        START finalize (pos #261)
  504.21s [s8:orch]        START finalize (pos #260)
  506.47s [s7:r1]          END   review_style (3.19s)
  508.13s [s5:r1]          END   review_style (4.85s)
  510.55s [s7:r0]          END   review_citations (7.27s)
  512.02s [s5:r2]          END   review_facts (7.91s)
  512.31s [s9:orch]        END   finalize (8.09s)
  [batch=1 session=9] done in 234.0s
  513.08s [s6:r2]          END   review_facts (9.80s)
  513.89s [s6:r0]          END   review_citations (11.54s)
  513.89s [s6:orch]        START finalize (pos #262)
  515.18s [s7:r2]          END   review_facts (10.97s)
  515.18s [s7:orch]        START finalize (pos #263)
  515.39s [s5:r0]          END   review_citations (12.11s)
  515.39s [s5:orch]        START finalize (pos #264)
  518.32s [s8:orch]        END   finalize (14.10s)
  [batch=1 session=8] done in 244.0s
  523.36s [s5:orch]        END   finalize (7.97s)
  [batch=1 session=5] done in 261.0s
  525.14s [s6:orch]        END   finalize (11.25s)
  [batch=1 session=6] done in 258.8s
  526.75s [s7:orch]        END   finalize (11.57s)
  [batch=1 session=7] done in 256.4s

============================================================
 BATCH 1 SUMMARY  (5 ok / 0 failed)
============================================================
  Session durations (successful):
    count  = 5
    mean   = 250.83s
    median = 256.40s
    p95    = 261.01s
    min    = 233.96s
    max    = 261.01s
    stdev  = 11.51s

============================================================
 BATCH 2: launching 5 sessions
 Arrival delays: 0.0s, 4.0s, 8.0s, 12.0s, 16.0s
============================================================
  526.75s [s10:orch]       START breakdown (pos #265)
  527.77s [s10:orch]       END   breakdown (1.02s)
  527.77s [s10:a1]         START agent_turn(round-0) (pos #267)
  527.77s [s10:a3]         START agent_turn(round-0) (pos #269)
  527.77s [s10:a4]         START agent_turn(round-0) (pos #270)
  527.77s [s10:a0]         START agent_turn(round-0) (pos #266)
  527.77s [s10:a2]         START agent_turn(round-0) (pos #268)
  528.49s [s10:a0]         END   agent_turn(round-0) (0.72s)
  [SJF] queue waiting 11.52s for capacity (next: s10:a0:web_search, 77 tokens)
  528.55s [s10:a2]         END   agent_turn(round-0) (0.77s)
  528.62s [s10:a1]         END   agent_turn(round-0) (0.85s)
  528.65s [s10:a4]         END   agent_turn(round-0) (0.88s)
  528.93s [s10:a3]         END   agent_turn(round-0) (1.15s)
  540.02s [s10:a0]         START web_search(Applications of large language models in) (pos #271)
  [SJF] queue waiting 1.11s for capacity (next: s10:a1:web_search, 72 tokens)
  541.13s [s10:a1]         START web_search(large language models in de novo drug de) (pos #273)
  541.13s [s10:a3]         START web_search(challenges and limitations of deploying ) (pos #275)
  541.13s [s10:a4]         START web_search(Impact of large language models (LLMs) o) (pos #274)
  541.13s [s11:orch]       START breakdown (pos #276)
  541.13s [s12:orch]       START breakdown (pos #277)
  [SJF] queue waiting 0.82s for capacity (next: s13:orch:breakdown, 81 tokens)
  541.38s [s10:a0]         END   web_search(Applications of large language models in) (1.37s)
  541.96s [s13:orch]       START breakdown (pos #278)
  [SJF] queue waiting 2.79s for capacity (next: s10:a0:web_search, 68 tokens)
  541.97s [s12:orch]       END   breakdown (0.84s)
  542.31s [s11:orch]       END   breakdown (1.18s)
  542.70s [s10:a4]         END   web_search(Impact of large language models (LLMs) o) (1.56s)
  542.80s [s13:orch]       END   breakdown (0.84s)
  542.82s [s10:a3]         END   web_search(challenges and limitations of deploying ) (1.69s)
  543.54s [s10:a1]         END   web_search(large language models in de novo drug de) (2.41s)
  544.75s [s10:a0]         START web_search(how large language models are used in dr) (pos #279)
  544.75s [s10:a3]         START web_search(limitations of AI in drug discovery work) (pos #297)
  [SJF] queue waiting 5.76s for capacity (next: s10:a4:web_search, 71 tokens)
  546.34s [s10:a3]         END   web_search(limitations of AI in drug discovery work) (1.59s)
  546.74s [s10:a0]         END   web_search(how large language models are used in dr) (2.00s)
  550.50s [s10:a4]         START web_search(How LLMs are used in pharmaceutical rese) (pos #290)
  [SJF] queue waiting 0.51s for capacity (next: s10:a1:web_search, 71 tokens)
  551.01s [s10:a1]         START web_search(applications of large language models in) (pos #298)
  [SJF] queue waiting 11.34s for capacity (next: s14:orch:breakdown, 83 tokens)
  552.45s [s10:a4]         END   web_search(How LLMs are used in pharmaceutical rese) (1.95s)
  552.96s [s10:a1]         END   web_search(applications of large language models in) (1.95s)
  562.36s [s14:orch]       START breakdown (pos #291)
  [SJF] queue waiting 0.92s for capacity (next: s10:a2:web_search, 86 tokens)
  563.21s [s14:orch]       END   breakdown (0.85s)
  563.28s [s10:a2]         START web_search(How do large language models improve ana) (pos #272)
  563.28s [s13:a0]         START agent_turn(round-0) (pos #292)
  563.28s [s14:a0]         START agent_turn(round-0) (pos #303)
  563.28s [s12:a0]         START agent_turn(round-0) (pos #280)
  563.28s [s11:a1]         START agent_turn(round-0) (pos #286)
  [SJF] queue waiting 0.83s for capacity (next: s13:a2:agent_turn, 331 tokens)
  564.07s [s12:a0]         END   agent_turn(round-0) (0.79s)
  564.10s [s11:a1]         END   agent_turn(round-0) (0.82s)
  564.11s [s13:a2]         START agent_turn(round-0) (pos #294)
  [SJF] queue waiting 0.10s for capacity (next: s12:a0:web_search, 69 tokens)
  564.22s [s12:a0]         START web_search(Recent developments in quantum error cor) (pos #308)
  564.22s [s11:a1]         START web_search(Recent developments in experimental quan) (pos #309)
  564.22s [s12:a1]         START agent_turn(round-0) (pos #281)
  [SJF] queue waiting 9.67s for capacity (next: s12:a3:agent_turn, 332 tokens)
  564.25s [s13:a0]         END   agent_turn(round-0) (0.97s)
  564.85s [s14:a0]         END   agent_turn(round-0) (1.56s)
  564.97s [s13:a2]         END   agent_turn(round-0) (0.86s)
  565.56s [s12:a1]         END   agent_turn(round-0) (1.34s)
  565.60s [s10:a2]         END   web_search(How do large language models improve ana) (2.32s)
  566.20s [s12:a0]         END   web_search(Recent developments in quantum error cor) (1.98s)
  567.17s [s11:a1]         END   web_search(Recent developments in experimental quan) (2.95s)
  573.89s [s12:a3]         START agent_turn(round-0) (pos #283)
  [SJF] queue waiting 1.29s for capacity (next: s14:a0:web_search, 67 tokens)
  574.67s [s12:a3]         END   agent_turn(round-0) (0.78s)
  575.18s [s14:a0]         START web_search(fundamental mechanisms of CRISPR-Cas9 te) (pos #311)
  [SJF] queue waiting 0.21s for capacity (next: s12:a0:web_search, 68 tokens)
  575.39s [s12:a0]         START web_search(Implementation of quantum error correcti) (pos #315)
  [SJF] queue waiting 11.36s for capacity (next: s11:a1:web_search, 69 tokens)
  578.08s [s12:a0]         END   web_search(Implementation of quantum error correcti) (2.69s)
  578.08s [s14:a0]         END   web_search(fundamental mechanisms of CRISPR-Cas9 te) (2.90s)
  586.75s [s11:a1]         START web_search(Advances in quantum error correction exp) (pos #316)
  [SJF] queue waiting 1.02s for capacity (next: s14:a0:web_search, 67 tokens)
  587.77s [s14:a0]         START web_search(fundamental mechanisms of base editing t) (pos #319)
  587.77s [s13:a0]         START web_search(recent algorithms and protocols for quan) (pos #310)
  587.77s [s12:a3]         START web_search(experimental validation of latest quantu) (pos #317)
  587.77s [s10:a2]         START web_search(Applications of large language models in) (pos #314)
  587.77s [s13:a2]         START web_search(novel materials or qubit architectures f) (pos #312)
  [SJF] queue waiting 12.24s for capacity (next: s12:a1:web_search, 83 tokens)
  589.32s [s11:a1]         END   web_search(Advances in quantum error correction exp) (2.57s)
  589.93s [s14:a0]         END   web_search(fundamental mechanisms of base editing t) (2.16s)
  590.44s [s10:a2]         END   web_search(Applications of large language models in) (2.67s)
  590.45s [s13:a0]         END   web_search(recent algorithms and protocols for quan) (2.67s)
  590.53s [s13:a2]         END   web_search(novel materials or qubit architectures f) (2.76s)
  590.72s [s12:a3]         END   web_search(experimental validation of latest quantu) (2.94s)
  600.02s [s12:a1]         START web_search(Recent advancements in quantum error cor) (pos #313)
  [SJF] queue waiting 1.11s for capacity (next: s13:a0:web_search, 70 tokens)
  601.14s [s13:a0]         START web_search(latest developments in quantum error cor) (pos #323)
  601.14s [s12:a3]         START web_search(how quantum error correction protocols a) (pos #325)
  601.14s [s13:a2]         START web_search(recent advances in quantum error correct) (pos #324)
  601.14s [s14:a2]         START agent_turn(round-0) (pos #305)
  601.14s [s14:a1]         START agent_turn(round-0) (pos #304)
  [SJF] queue waiting 0.82s for capacity (next: s11:a2:agent_turn, 335 tokens)
  601.96s [s11:a2]         START agent_turn(round-0) (pos #287)
  [SJF] queue waiting 2.79s for capacity (next: s13:a1:agent_turn, 335 tokens)
  602.45s [s12:a1]         END   web_search(Recent advancements in quantum error cor) (2.43s)
  602.52s [s14:a2]         END   agent_turn(round-0) (1.39s)
  602.59s [s14:a1]         END   agent_turn(round-0) (1.46s)
  602.73s [s12:a3]         END   web_search(how quantum error correction protocols a) (1.59s)
  602.82s [s11:a2]         END   agent_turn(round-0) (0.86s)
  603.01s [s13:a0]         END   web_search(latest developments in quantum error cor) (1.87s)
  604.75s [s13:a1]         START agent_turn(round-0) (pos #293)
  604.75s [s14:a2]         START web_search(Off-target effects and mitigation strate) (pos #327)
  [SJF] queue waiting 5.76s for capacity (next: s14:a1:web_search, 72 tokens)
  605.62s [s13:a1]         END   agent_turn(round-0) (0.87s)
  606.21s [s13:a2]         END   web_search(recent advances in quantum error correct) (5.08s)
  608.23s [s14:a2]         END   web_search(Off-target effects and mitigation strate) (3.48s)
  610.50s [s14:a1]         START web_search(efficiency and specificity of CRISPR-Cas) (pos #328)
  [SJF] queue waiting 0.51s for capacity (next: s14:a2:web_search, 72 tokens)
  611.01s [s14:a2]         START web_search(Off-target effects of RNA interference () (pos #334)
  [SJF] queue waiting 11.34s for capacity (next: s12:a1:web_search, 73 tokens)
  612.97s [s14:a2]         END   web_search(Off-target effects of RNA interference () (1.96s)
  613.07s [s14:a1]         END   web_search(efficiency and specificity of CRISPR-Cas) (2.56s)
  622.36s [s12:a1]         START web_search(How quantum error correction improves fa) (pos #326)
  [SJF] queue waiting 0.92s for capacity (next: s14:a1:web_search, 72 tokens)
  623.28s [s14:a1]         START web_search(efficiency and specificity of base editi) (pos #336)
  623.28s [s11:a2]         START web_search(challenges related to scalability and fa) (pos #330)
  623.28s [s13:a1]         START web_search(improvements in hardware implementations) (pos #332)
  623.28s [s13:a4]         START agent_turn(round-0) (pos #296)
  623.28s [s14:a3]         START agent_turn(round-0) (pos #306)
  [SJF] queue waiting 0.83s for capacity (next: s14:a4:agent_turn, 335 tokens)
  624.02s [s13:a4]         END   agent_turn(round-0) (0.74s)
  624.12s [s14:a4]         START agent_turn(round-0) (pos #307)
  [SJF] queue waiting 0.10s for capacity (next: s13:a4:web_search, 69 tokens)
  624.21s [s14:a3]         END   agent_turn(round-0) (0.92s)
  624.22s [s13:a4]         START web_search(challenges in large-scale quantum error ) (pos #337)
  624.22s [s14:a3]         START web_search(Comparison of therapeutic potential of g) (pos #338)
  624.22s [s12:a4]         START agent_turn(round-0) (pos #284)
  [SJF] queue waiting 9.67s for capacity (next: s11:a0:agent_turn, 336 tokens)
  624.27s [s12:a1]         END   web_search(How quantum error correction improves fa) (1.91s)
  625.05s [s12:a4]         END   agent_turn(round-0) (0.83s)
  625.17s [s14:a4]         END   agent_turn(round-0) (1.06s)
  625.28s [s13:a1]         END   web_search(improvements in hardware implementations) (1.99s)
  625.98s [s14:a1]         END   web_search(efficiency and specificity of base editi) (2.70s)
  626.12s [s13:a4]         END   web_search(challenges in large-scale quantum error ) (1.90s)
  626.18s [s11:a2]         END   web_search(challenges related to scalability and fa) (2.90s)
  626.59s [s14:a3]         END   web_search(Comparison of therapeutic potential of g) (2.37s)
  633.90s [s11:a0]         START agent_turn(round-0) (pos #285)
  [SJF] queue waiting 1.29s for capacity (next: s13:a4:web_search, 69 tokens)
  634.78s [s11:a0]         END   agent_turn(round-0) (0.89s)
  635.18s [s13:a4]         START web_search(current state and challenges of quantum ) (pos #344)
  [SJF] queue waiting 0.21s for capacity (next: s14:a3:web_search, 69 tokens)
  635.39s [s14:a3]         START web_search(Genetic conditions best targeted by gene) (pos #346)
  [SJF] queue waiting 11.36s for capacity (next: s11:a0:web_search, 69 tokens)
  637.14s [s13:a4]         END   web_search(current state and challenges of quantum ) (1.96s)
  637.85s [s14:a3]         END   web_search(Genetic conditions best targeted by gene) (2.46s)
  646.75s [s11:a0]         START web_search(Recent developments in quantum error cor) (pos #347)
  [SJF] queue waiting 1.02s for capacity (next: s14:a3:web_search, 67 tokens)
  647.78s [s14:a3]         START web_search(Genetic conditions best targeted by gene) (pos #349)
  647.78s [s12:a4]         START web_search(future research directions in quantum er) (pos #340)
  647.78s [s13:a1]         START web_search(latest advancements in hardware for scal) (pos #342)
  647.78s [s14:a4]         START web_search(current challenges and future prospects ) (pos #341)
  647.78s [s11:a2]         START web_search(current research on quantum error correc) (pos #345)
  [SJF] queue waiting 12.25s for capacity (next: s11:a3:agent_turn, 336 tokens)
  649.20s [s11:a0]         END   web_search(Recent developments in quantum error cor) (2.45s)
  649.20s [s12:a4]         END   web_search(future research directions in quantum er) (1.43s)
  649.73s [s13:a1]         END   web_search(latest advancements in hardware for scal) (1.96s)
  649.73s [s14:a3]         END   web_search(Genetic conditions best targeted by gene) (1.96s)
  651.17s [s11:a2]         END   web_search(current research on quantum error correc) (3.39s)
  651.46s [s14:a4]         END   web_search(current challenges and future prospects ) (3.68s)
  660.02s [s11:a3]         START agent_turn(round-0) (pos #288)
  [SJF] queue waiting 1.11s for capacity (next: s11:a0:web_search, 67 tokens)
  660.82s [s11:a3]         END   agent_turn(round-0) (0.79s)
  661.14s [s11:a0]         START web_search(Advantages of new quantum error correcti) (pos #350)
  661.14s [s12:a4]         START web_search(approaches to reduce error rates in quan) (pos #351)
  661.14s [s14:a4]         START web_search(current challenges and future prospects ) (pos #355)
  661.14s [s11:a3]         START web_search(impact of new materials and hardware tec) (pos #356)
  661.14s [s13:a3]         START agent_turn(round-0) (pos #295)
  [SJF] queue waiting 0.82s for capacity (next: s12:a2:agent_turn, 337 tokens)
  661.96s [s12:a2]         START agent_turn(round-0) (pos #282)
  [SJF] queue waiting 2.79s for capacity (next: s11:a4:agent_turn, 339 tokens)
  661.98s [s13:a3]         END   agent_turn(round-0) (0.84s)
  662.59s [s11:a0]         END   web_search(Advantages of new quantum error correcti) (1.45s)
  662.62s [s12:a2]         END   agent_turn(round-0) (0.65s)
  662.81s [s12:a4]         END   web_search(approaches to reduce error rates in quan) (1.67s)
  663.03s [s14:a4]         END   web_search(current challenges and future prospects ) (1.89s)
  663.56s [s11:a3]         END   web_search(impact of new materials and hardware tec) (2.42s)
  664.75s [s11:a4]         START agent_turn(round-0) (pos #289)
  664.75s [s11:a3]         START web_search(advances in hardware technologies for qu) (pos #362)
  [SJF] queue waiting 5.76s for capacity (next: s11:a0:web_search, 72 tokens)
  665.40s [s11:a4]         END   agent_turn(round-0) (0.65s)
  666.85s [s11:a3]         END   web_search(advances in hardware technologies for qu) (2.10s)
  670.51s [s11:a0]         START web_search(Recent research papers on theoretical qu) (pos #358)
  [SJF] queue waiting 0.51s for capacity (next: s12:a2:web_search, 73 tokens)
  671.01s [s12:a2]         START web_search(challenges of scaling quantum error corr) (pos #359)
  [SJF] queue waiting 11.34s for capacity (next: s13:a3:web_search, 76 tokens)
  673.05s [s12:a2]         END   web_search(challenges of scaling quantum error corr) (2.04s)
  674.62s [s11:a0]         END   web_search(Recent research papers on theoretical qu) (4.11s)
  682.36s [s13:a3]         START web_search(Recent advances in fault-tolerant quantu) (pos #357)
  [SJF] queue waiting 0.92s for capacity (next: s12:a2:web_search, 75 tokens)
  683.28s [s12:a2]         START web_search(problems in implementing quantum error c) (pos #365)
  683.28s [s11:a4]         START web_search(Emerging algorithms and protocols integr) (pos #363)
  683.28s [s12:a4]         START agent_turn(round-1) (pos #360)
  683.28s [s10:a0]         START agent_turn(round-1) (pos #300)
  683.28s [s10:a3]         START agent_turn(round-1) (pos #299)
  [SJF] queue waiting 0.83s for capacity (next: s10:a4:agent_turn, 1274 tokens)
  684.12s [s10:a4]         START agent_turn(round-1) (pos #301)
  [SJF] queue waiting 0.10s for capacity (next: s12:a0:agent_turn, 1292 tokens)
  684.22s [s12:a0]         START agent_turn(round-1) (pos #318)
  684.22s [s10:a2]         START agent_turn(round-1) (pos #322)
  684.22s [s14:a2]         START agent_turn(round-1) (pos #335)
  [SJF] queue waiting 9.68s for capacity (next: s13:a4:agent_turn, 1371 tokens)
  684.38s [s13:a3]         END   web_search(Recent advances in fault-tolerant quantu) (2.02s)
  685.08s [s12:a4]         END   agent_turn(round-1) (1.80s)
  685.47s [s12:a2]         END   web_search(problems in implementing quantum error c) (2.19s)
  685.61s [s11:a4]         END   web_search(Emerging algorithms and protocols integr) (2.32s)
  685.77s [s10:a0]         END   agent_turn(round-1) (2.48s)
  686.39s [s10:a4]         END   agent_turn(round-1) (2.27s)
  686.62s [s10:a3]         END   agent_turn(round-1) (3.33s)
  686.64s [s12:a0]         END   agent_turn(round-1) (2.41s)
  686.80s [s10:a2]         END   agent_turn(round-1) (2.58s)
  687.34s [s14:a2]         END   agent_turn(round-1) (3.12s)
  693.90s [s13:a4]         START agent_turn(round-1) (pos #348)
  [SJF] queue waiting 1.29s for capacity (next: s13:a3:web_search, 74 tokens)
  695.19s [s13:a3]         START web_search(Impact of fault-tolerant quantum computi) (pos #367)
  [SJF] queue waiting 0.21s for capacity (next: s11:a4:agent_turn, 964 tokens)
  695.39s [s11:a4]         START agent_turn(round-1) (pos #369)
  [SJF] queue waiting 11.36s for capacity (next: s14:a1:agent_turn, 1380 tokens)
  695.79s [s13:a4]         END   agent_turn(round-1) (1.90s)
  696.67s [s11:a4]         END   agent_turn(round-1) (1.27s)
  697.66s [s13:a3]         END   web_search(Impact of fault-tolerant quantum computi) (2.47s)
  706.75s [s14:a1]         START agent_turn(round-1) (pos #343)
  [SJF] queue waiting 1.02s for capacity (next: s11:a4:summarize, 223 tokens)
  707.78s [s11:a4]         START summarize(len=772) (pos #370)
  707.78s [s11:a3]         START agent_turn(round-1) (pos #364)
  707.78s [s14:a0]         START agent_turn(round-1) (pos #321)
  707.78s [s13:a2]         START agent_turn(round-1) (pos #333)
  707.78s [s14:a4]         START agent_turn(round-1) (pos #361)
  [SJF] queue waiting 12.25s for capacity (next: s13:a0:agent_turn, 1428 tokens)
  708.64s [s11:a4]         END   summarize(len=772) (0.86s)
  709.76s [s14:a0]         END   agent_turn(round-1) (1.99s)
  709.82s [s11:a3]         END   agent_turn(round-1) (2.04s)
  709.89s [s14:a1]         END   agent_turn(round-1) (3.13s)
  709.95s [s14:a4]         END   agent_turn(round-1) (2.18s)
  710.56s [s13:a2]         END   agent_turn(round-1) (2.78s)
  720.03s [s13:a0]         START agent_turn(round-1) (pos #331)
  [SJF] queue waiting 1.11s for capacity (next: s11:a4:agent_turn, 1398 tokens)
  721.14s [s11:a4]         START agent_turn(round-2) (pos #372)
  721.14s [s13:a1]         START agent_turn(round-1) (pos #352)
  721.14s [s12:a1]         START agent_turn(round-1) (pos #339)
  721.14s [s12:a2]         START agent_turn(round-1) (pos #368)
  721.14s [s11:a1]         START agent_turn(round-1) (pos #320)
  [SJF] queue waiting 0.82s for capacity (next: s12:a3:agent_turn, 1451 tokens)
  721.96s [s12:a3]         START agent_turn(round-1) (pos #329)
  [SJF] queue waiting 2.79s for capacity (next: s10:a1:agent_turn, 1479 tokens)
  722.16s [s13:a0]         END   agent_turn(round-1) (2.13s)
  722.27s [s11:a4]         END   agent_turn(round-2) (1.13s)
  723.05s [s13:a1]         END   agent_turn(round-1) (1.91s)
  723.44s [s12:a1]         END   agent_turn(round-1) (2.30s)
  723.45s [s11:a1]         END   agent_turn(round-1) (2.32s)
  723.57s [s12:a2]         END   agent_turn(round-1) (2.43s)
  723.86s [s12:a3]         END   agent_turn(round-1) (1.90s)
  724.75s [s10:a1]         START agent_turn(round-1) (pos #302)
  724.75s [s11:a2]         START agent_turn(round-1) (pos #354)
  [SJF] queue waiting 5.75s for capacity (next: s13:a3:agent_turn, 1568 tokens)
  727.63s [s11:a2]         END   agent_turn(round-1) (2.88s)
  728.27s [s10:a1]         END   agent_turn(round-1) (3.52s)
  730.51s [s13:a3]         START agent_turn(round-1) (pos #371)
  [SJF] queue waiting 0.50s for capacity (next: s14:a3:agent_turn, 1744 tokens)
  731.02s [s14:a3]         START agent_turn(round-1) (pos #353)
  [SJF] queue waiting 11.34s for capacity (next: s11:a0:agent_turn, 1828 tokens)
  733.19s [s14:a3]         END   agent_turn(round-1) (2.17s)
  733.20s [s13:a3]         END   agent_turn(round-1) (2.69s)
  742.36s [s11:a0]         START agent_turn(round-1) (pos #366)
  [SJF] queue waiting 0.92s for capacity (next: s13:orch:synthesis, 2203 tokens)
  743.29s [s13:orch]       START synthesis (pos #376)
  743.29s [s14:orch]       START synthesis (pos #375)
  743.29s [s12:orch]       START synthesis (pos #373)
  743.29s [s10:orch]       START synthesis (pos #374)
  744.82s [s11:a0]         END   agent_turn(round-1) (2.46s)
  744.82s [s11:orch]       START synthesis (pos #377)
  747.30s [s10:orch]       END   synthesis (4.01s)
  747.30s [s10:r1]         START review_style (pos #379)
  747.30s [s10:r0]         START review_citations (pos #378)
  747.30s [s10:r2]         START review_facts (pos #380)
  748.04s [s13:orch]       END   synthesis (4.75s)
  748.04s [s13:r1]         START review_style (pos #382)
  [SJF] queue waiting 5.86s for capacity (next: s13:r0:review_citations, 1202 tokens)
  748.49s [s14:orch]       END   synthesis (5.21s)
  750.07s [s12:orch]       END   synthesis (6.78s)
  750.45s [s11:orch]       END   synthesis (5.63s)
  751.73s [s13:r1]         END   review_style (3.69s)
  752.16s [s10:r1]         END   review_style (4.86s)
  753.90s [s13:r0]         START review_citations (pos #381)
  [SJF] queue waiting 1.29s for capacity (next: s13:r2:review_facts, 1221 tokens)
  754.78s [s10:r0]         END   review_citations (7.48s)
  755.19s [s13:r2]         START review_facts (pos #383)
  [SJF] queue waiting 0.21s for capacity (next: s14:r1:review_style, 1356 tokens)
  755.39s [s14:r1]         START review_style (pos #385)
  [SJF] queue waiting 11.36s for capacity (next: s14:r0:review_citations, 1357 tokens)
  755.72s [s10:r2]         END   review_facts (8.42s)
  761.66s [s13:r0]         END   review_citations (7.76s)
  763.16s [s13:r2]         END   review_facts (7.98s)
  763.91s [s14:r1]         END   review_style (8.52s)
  766.76s [s14:r0]         START review_citations (pos #384)
  [SJF] queue waiting 1.02s for capacity (next: s14:r2:review_facts, 1376 tokens)
  767.78s [s14:r2]         START review_facts (pos #386)
  767.78s [s12:r1]         START review_style (pos #388)
  767.78s [s12:r0]         START review_citations (pos #387)
  767.78s [s12:r2]         START review_facts (pos #389)
  767.78s [s11:r1]         START review_style (pos #391)
  [SJF] queue waiting 12.25s for capacity (next: s11:r0:review_citations, 1448 tokens)
  772.30s [s12:r1]         END   review_style (4.52s)
  773.16s [s11:r1]         END   review_style (5.38s)
  774.77s [s14:r2]         END   review_facts (6.99s)
  775.27s [s14:r0]         END   review_citations (8.52s)
  775.27s [s12:r2]         END   review_facts (7.49s)
  777.48s [s12:r0]         END   review_citations (9.70s)
  780.03s [s11:r0]         START review_citations (pos #390)
  [SJF] queue waiting 1.11s for capacity (next: s11:r2:review_facts, 1467 tokens)
  781.14s [s11:r2]         START review_facts (pos #392)
  781.14s [s13:orch]       START finalize (pos #394)
  781.14s [s10:orch]       START finalize (pos #393)
  781.14s [s12:orch]       START finalize (pos #396)
  781.14s [s14:orch]       START finalize (pos #395)
  786.25s [s10:orch]       END   finalize (5.11s)
  [batch=2 session=10] done in 259.5s
  787.46s [s14:orch]       END   finalize (6.32s)
  [batch=2 session=14] done in 244.7s
  787.63s [s13:orch]       END   finalize (6.49s)
  [batch=2 session=13] done in 248.9s
  787.80s [s11:r0]         END   review_citations (7.77s)
  788.36s [s11:r2]         END   review_facts (7.22s)
  788.36s [s11:orch]       START finalize (pos #397)
  791.15s [s12:orch]       END   finalize (10.01s)
  [batch=2 session=12] done in 256.4s
  797.50s [s11:orch]       END   finalize (9.14s)
  [batch=2 session=11] done in 266.8s

============================================================
 BATCH 2 SUMMARY  (5 ok / 0 failed)
============================================================
  Session durations (successful):
    count  = 5
    mean   = 255.25s
    median = 256.40s
    p95    = 266.75s
    min    = 244.71s
    max    = 266.75s
    stdev  = 8.71s

======================================================================
 AGGREGATE SUMMARY  (15 ok / 0 failed)
======================================================================
  Session durations across all batches:
    count  = 15
    mean   = 250.70s
    median = 248.88s
    p95    = 266.75s
    p99    = 266.75s
    min    = 233.96s
    max    = 266.75s
    stdev  = 8.82s

  Cost:
  Total LLM calls:      397
  Total input tokens:   226,093
  Total output tokens:  156,522
  Total cost:           $0.0852 / $5.00
======================================================================


======================================================================
 TRACE SUMMARY
======================================================================
 Total wall time: 797.50s
 Total LLM calls: 397

 Per agent:
   s0:a0            4 calls, 8.13s LLM
   s0:a1            4 calls, 6.15s LLM
   s0:a2            4 calls, 7.88s LLM
   s0:a3            4 calls, 6.15s LLM
   s0:a4            4 calls, 7.72s LLM
   s0:orch          3 calls, 12.52s LLM
   s0:r0            1 calls, 7.99s LLM
   s0:r1            1 calls, 4.52s LLM
   s0:r2            1 calls, 6.51s LLM
   s10:a0           4 calls, 6.57s LLM
   s10:a1           4 calls, 8.73s LLM
   s10:a2           4 calls, 8.34s LLM
   s10:a3           4 calls, 7.77s LLM
   s10:a4           4 calls, 6.66s LLM
   s10:orch         3 calls, 10.15s LLM
   s10:r0           1 calls, 7.48s LLM
   s10:r1           1 calls, 4.86s LLM
   s10:r2           1 calls, 8.42s LLM
   s11:a0           5 calls, 11.35s LLM
   s11:a1           4 calls, 8.66s LLM
   s11:a2           4 calls, 10.03s LLM
   s11:a3           4 calls, 7.36s LLM
   s11:a4           5 calls, 6.24s LLM
   s11:orch         3 calls, 15.95s LLM
   s11:r0           1 calls, 7.77s LLM
   s11:r1           1 calls, 5.38s LLM
   s11:r2           1 calls, 7.22s LLM
   s12:a0           4 calls, 7.88s LLM
   s12:a1           4 calls, 7.98s LLM
   s12:a2           4 calls, 7.31s LLM
   s12:a3           4 calls, 7.21s LLM
   s12:a4           4 calls, 5.72s LLM
   s12:orch         3 calls, 17.63s LLM
   s12:r0           1 calls, 9.70s LLM
   s12:r1           1 calls, 4.52s LLM
   s12:r2           1 calls, 7.49s LLM
   s13:a0           4 calls, 7.64s LLM
   s13:a1           4 calls, 6.74s LLM
   s13:a2           4 calls, 11.48s LLM
   s13:a3           4 calls, 8.03s LLM
   s13:a4           4 calls, 6.49s LLM
   s13:orch         3 calls, 12.09s LLM
   s13:r0           1 calls, 7.76s LLM
   s13:r1           1 calls, 3.69s LLM
   s13:r2           1 calls, 7.98s LLM
   s14:a0           4 calls, 8.61s LLM
   s14:a1           4 calls, 9.85s LLM
   s14:a2           4 calls, 9.94s LLM
   s14:a3           5 calls, 9.88s LLM
   s14:a4           4 calls, 8.81s LLM
   s14:orch         3 calls, 12.38s LLM
   s14:r0           1 calls, 8.52s LLM
   s14:r1           1 calls, 8.52s LLM
   s14:r2           1 calls, 6.99s LLM
   s1:a0            4 calls, 8.18s LLM
   s1:a1            4 calls, 7.19s LLM
   s1:a2            4 calls, 7.60s LLM
   s1:a3            4 calls, 8.04s LLM
   s1:a4            4 calls, 7.07s LLM
   s1:orch          3 calls, 14.87s LLM
   s1:r0            1 calls, 10.45s LLM
   s1:r1            1 calls, 6.14s LLM
   s1:r2            1 calls, 10.26s LLM
   s2:a0            4 calls, 8.70s LLM
   s2:a1            5 calls, 6.77s LLM
   s2:a2            3 calls, 4.20s LLM
   s2:a3            4 calls, 8.64s LLM
   s2:a4            4 calls, 6.29s LLM
   s2:orch          3 calls, 14.86s LLM
   s2:r0            1 calls, 12.44s LLM
   s2:r1            1 calls, 7.58s LLM
   s2:r2            1 calls, 12.90s LLM
   s3:a0            4 calls, 8.66s LLM
   s3:a1            5 calls, 11.25s LLM
   s3:a2            4 calls, 6.75s LLM
   s3:a3            4 calls, 8.00s LLM
   s3:a4            4 calls, 6.89s LLM
   s3:orch          3 calls, 18.04s LLM
   s3:r0            1 calls, 9.37s LLM
   s3:r1            1 calls, 8.32s LLM
   s3:r2            1 calls, 8.63s LLM
   s4:a0            4 calls, 9.95s LLM
   s4:a1            4 calls, 8.50s LLM
   s4:a2            4 calls, 10.44s LLM
   s4:a3            4 calls, 8.29s LLM
   s4:a4            4 calls, 8.63s LLM
   s4:orch          3 calls, 15.40s LLM
   s4:r0            1 calls, 8.32s LLM
   s4:r1            1 calls, 4.42s LLM
   s4:r2            1 calls, 9.88s LLM
   s5:a0            4 calls, 7.85s LLM
   s5:a1            4 calls, 7.14s LLM
   s5:a2            5 calls, 9.74s LLM
   s5:a3            4 calls, 8.19s LLM
   s5:a4            5 calls, 8.88s LLM
   s5:orch          3 calls, 14.54s LLM
   s5:r0            1 calls, 12.11s LLM
   s5:r1            1 calls, 4.85s LLM
   s5:r2            1 calls, 7.91s LLM
   s6:a0            4 calls, 8.81s LLM
   s6:a1            4 calls, 9.21s LLM
   s6:a2            4 calls, 6.13s LLM
   s6:a3            4 calls, 6.86s LLM
   s6:a4            4 calls, 8.25s LLM
   s6:orch          3 calls, 16.09s LLM
   s6:r0            1 calls, 11.54s LLM
   s6:r1            1 calls, 3.98s LLM
   s6:r2            1 calls, 9.80s LLM
   s7:a0            4 calls, 6.88s LLM
   s7:a1            4 calls, 7.75s LLM
   s7:a2            5 calls, 8.80s LLM
   s7:a3            4 calls, 8.55s LLM
   s7:a4            4 calls, 6.66s LLM
   s7:orch          3 calls, 17.50s LLM
   s7:r0            1 calls, 7.27s LLM
   s7:r1            1 calls, 3.19s LLM
   s7:r2            1 calls, 10.97s LLM
   s8:a0            4 calls, 7.32s LLM
   s8:a1            4 calls, 7.71s LLM
   s8:a2            4 calls, 7.31s LLM
   s8:a3            4 calls, 7.00s LLM
   s8:a4            4 calls, 7.82s LLM
   s8:orch          3 calls, 20.12s LLM
   s8:r0            1 calls, 9.06s LLM
   s8:r1            1 calls, 5.58s LLM
   s8:r2            1 calls, 8.42s LLM
   s9:a0            4 calls, 6.65s LLM
   s9:a1            4 calls, 6.94s LLM
   s9:a2            4 calls, 7.80s LLM
   s9:a3            4 calls, 7.16s LLM
   s9:a4            4 calls, 6.96s LLM
   s9:orch          3 calls, 13.72s LLM
   s9:r0            1 calls, 12.65s LLM
   s9:r1            1 calls, 3.40s LLM
   s9:r2            1 calls, 10.41s LLM

 Per call type:
   agent_turn       152 calls, 238.51s total
   breakdown        15 calls, 14.83s total
   finalize         15 calls, 132.65s total
   review_citations 15 calls, 142.43s total
   review_facts     15 calls, 133.80s total
   review_style     15 calls, 78.95s total
   summarize        2 calls, 1.76s total
   synthesis        15 calls, 78.38s total
   web_search       153 calls, 353.43s total

 Queue stats:
   Queued calls: 397/397

 Total LLM time (sum): 1174.75s
 Wall time:            797.50s
 Parallelism ratio:    1.5x

======================================================================
 TIMELINE
======================================================================
   0.0s |#                                                           |   1.1s  s0:orch:breakdown
   1.1s |#                                                           |   1.9s  s0:a0:agent_turn(round-0)
   1.1s |#                                                           |   2.6s  s0:a2:agent_turn(round-0)
   1.1s |#                                                           |   2.0s  s0:a3:agent_turn(round-0)
   1.1s |#                                                           |   1.9s  s0:a1:agent_turn(round-0)
   1.1s |#                                                           |   2.0s  s0:a4:agent_turn(round-0)
   1.9s |#                                                           |   4.6s  s0:a0:web_search(recent algorithms an)
   1.9s |#                                                           |   4.2s  s0:a1:web_search(advancements in quan)
   2.0s |#                                                           |   4.0s  s0:a3:web_search(Impact of hardware a)
   2.0s |#                                                           |   4.1s  s0:a4:web_search(Recent breakthroughs)
   2.6s |#                                                           |   4.7s  s0:a2:web_search(challenges in implem)
   4.0s |#                                                           |   5.7s  s0:a3:web_search(Recent developments )
   4.0s |#                                                           |   4.9s  s1:orch:breakdown
   4.1s |#                                                           |   6.1s  s0:a4:web_search(Applications and imp)
   4.2s |#                                                           |   6.0s  s0:a1:web_search(comparison of new qu)
   4.6s |#                                                           |   6.8s  s0:a0:web_search(latest developments )
   4.7s |#                                                           |   7.4s  s0:a2:web_search(limitations of curre)
   4.9s |#                                                           |   5.6s  s1:a1:agent_turn(round-0)
   4.9s |#                                                           |   5.7s  s1:a3:agent_turn(round-0)
   4.9s |#                                                           |   5.6s  s1:a0:agent_turn(round-0)
   4.9s |#                                                           |   5.8s  s1:a4:agent_turn(round-0)
   4.9s |#                                                           |   5.6s  s1:a2:agent_turn(round-0)
   5.6s |#                                                           |   8.1s  s1:a0:web_search(Recent developments )
   5.6s |#                                                           |   8.0s  s1:a2:web_search(Challenges and limit)
   5.6s |#                                                           |   7.3s  s1:a1:web_search(Recent advances in e)
   5.7s |#                                                           |   7.9s  s1:a3:web_search(Impact of novel hard)
   5.7s |#                                                           |   7.3s  s0:a3:agent_turn(round-1)
   5.8s |#                                                           |   7.9s  s1:a4:web_search(Emerging algorithms )
   6.0s |#                                                           |   7.3s  s0:a1:agent_turn(round-1)
   6.1s |#                                                           |   8.8s  s0:a4:agent_turn(round-1)
  60.0s |    #                                                       |  62.5s  s0:a0:agent_turn(round-1)
  61.1s |    #                                                       |  63.5s  s1:a4:web_search(Recent advances in q)
  61.1s |    #                                                       |  64.0s  s1:a2:web_search(Quantum error correc)
  61.1s |    #                                                       |  64.2s  s1:a1:web_search(Improvements in quan)
  61.1s |    #                                                       |  64.0s  s1:a0:web_search(theoretical foundati)
  61.1s |    #                                                       |  63.9s  s1:a3:web_search(How hardware design )
  61.9s |    #                                                       |  63.3s  s2:orch:breakdown
  62.0s |    #                                                       |  63.2s  s3:orch:breakdown
  62.0s |    #                                                       |  63.2s  s4:orch:breakdown
  62.0s |    #                                                       |  63.6s  s0:a2:agent_turn(round-1)
  63.2s |    #                                                       |  64.1s  s3:a1:agent_turn(round-0)
  64.0s |    #                                                       |  65.5s  s3:a0:agent_turn(round-0)
  64.1s |    #                                                       |  64.9s  s4:a2:agent_turn(round-0)
  64.2s |    #                                                       |  65.0s  s2:a0:agent_turn(round-0)
  64.2s |    #                                                       |  67.2s  s3:a1:web_search(Off-target effects o)
  64.6s |    #                                                       |  65.2s  s2:a1:agent_turn(round-0)
  64.7s |    #                                                       |  65.2s  s2:a2:agent_turn(round-0)
  64.9s |    #                                                       |  65.7s  s2:a3:agent_turn(round-0)
  64.9s |    #                                                       |  65.7s  s4:a1:agent_turn(round-0)
  64.9s |    #                                                       |  65.6s  s2:a4:agent_turn(round-0)
  64.9s |    #                                                       |  65.8s  s4:a0:agent_turn(round-0)
  64.9s |    #                                                       |  65.8s  s4:a3:agent_turn(round-0)
  65.6s |    #                                                       |  66.7s  s4:a4:agent_turn(round-0)
  65.6s |    #                                                       |  68.4s  s2:a0:web_search(recent advancements )
  65.7s |    #                                                       |  68.3s  s2:a2:web_search(Current status of fu)
  65.7s |    #                                                       |  68.1s  s4:a2:web_search(current safety conce)
  65.7s |    #                                                       |  68.1s  s2:a3:web_search(scientific and engin)
  65.8s |    #                                                       |  68.4s  s2:a1:web_search(Materials used for p)
  66.0s |    #                                                       |  68.4s  s4:a3:web_search(most promising genet)
  66.1s |    #                                                       |  69.7s  s4:a0:web_search(primary mechanisms o)
 120.0s |         #                                                  | 122.4s  s2:a4:web_search(current funding, pol)
 121.1s |         #                                                  | 123.1s  s3:a1:web_search(Off-target effects o)
 121.1s |         #                                                  | 123.2s  s2:a0:web_search(breakthroughs in nuc)
 121.1s |         #                                                  | 123.6s  s4:a3:web_search(applications of CRIS)
 121.1s |         #                                                  | 124.4s  s2:a3:web_search(current state and ch)
 121.1s |         #                                                  | 123.8s  s4:a0:web_search(primary mechanisms o)
 121.9s |         #                                                  | 125.2s  s3:a0:web_search(CRISPR-Cas9 efficien)
 122.0s |         #                                                  | 123.8s  s4:a4:web_search(regulatory and ethic)
 122.0s |         #                                                  | 124.7s  s4:a1:web_search(Comparison of effici)
 122.0s |         #                                                  | 124.8s  s4:a2:web_search(safety concerns and )
 123.2s |         #                                                  | 123.8s  s3:a2:agent_turn(round-0)
 124.0s |         #                                                  | 125.5s  s2:a4:web_search(impact of funding an)
 124.1s |         #                                                  | 126.8s  s3:a1:web_search(Unintended edits in )
 124.2s |         #                                                  | 126.0s  s3:a2:web_search(Advantages and limit)
 124.2s |         #                                                  | 126.5s  s4:a4:web_search(regulatory and ethic)
 124.6s |         #                                                  | 125.5s  s3:a3:agent_turn(round-0)
 124.7s |         #                                                  | 125.5s  s3:a4:agent_turn(round-0)
 124.9s |         #                                                  | 128.1s  s4:a1:web_search(CRISPR-Cas9 vs base )
 124.9s |         #                                                  | 126.5s  s2:a1:agent_turn(round-1)
 124.9s |         #                                                  | 126.0s  s2:a2:agent_turn(round-1)
 124.9s |         #                                                  | 127.7s  s4:a0:agent_turn(round-1)
 124.9s |         #                                                  | 129.4s  s4:a2:agent_turn(round-1)
 125.6s |         #                                                  | 128.2s  s4:a3:agent_turn(round-1)
 125.6s |         #                                                  | 127.4s  s3:a0:web_search(Base editing efficie)
 125.7s |         #                                                  | 127.9s  s3:a4:web_search(ethical consideratio)
 125.7s |         #                                                  | 127.5s  s3:a3:web_search(Comparison of safety)
 125.7s |         #                                                  | 127.4s  s2:a4:agent_turn(round-1)
 125.8s |         #                                                  | 127.6s  s1:a1:agent_turn(round-1)
 126.0s |         #                                                  | 128.1s  s1:a0:agent_turn(round-1)
 126.1s |         #                                                  | 129.2s  s2:a0:agent_turn(round-1)
 180.0s |             #                                              | 182.2s  s3:a2:web_search(Applicability of del)
 181.1s |             #                                              | 182.8s  s3:a4:web_search(regulatory challenge)
 181.1s |             #                                              | 183.9s  s3:a3:web_search(Immunogenic response)
 181.1s |             #                                              | 182.0s  s2:a1:summarize(len=574)
 181.1s |             #                                              | 183.2s  s3:a0:agent_turn(round-1)
 181.1s |             #                                              | 183.4s  s1:a3:agent_turn(round-1)
 181.9s |             #                                              | 184.2s  s2:a3:agent_turn(round-1)
 182.0s |             #                                              | 185.6s  s4:a4:agent_turn(round-1)
 182.0s |             #                                              | 183.2s  s2:a1:agent_turn(round-2)
 182.0s |             #                                              | 183.7s  s1:a4:agent_turn(round-1)
 183.2s |             #                                              | 184.8s  s1:a2:agent_turn(round-1)
 184.0s |             #                                              | 186.1s  s3:a2:agent_turn(round-1)
 184.1s |             #                                              | 186.3s  s3:a4:agent_turn(round-1)
 184.2s |             #                                              | 186.8s  s3:a3:agent_turn(round-1)
 184.2s |             #                                              | 186.0s  s4:a1:agent_turn(round-1)
 184.6s |             #                                              | 187.3s  s3:a1:agent_turn(round-1)
 184.7s |             #                                              | 190.2s  s2:orch:synthesis
 184.9s |             #                                              | 190.2s  s0:orch:synthesis
 184.9s |             #                                              | 191.0s  s1:orch:synthesis
 186.0s |             #                                              | 191.4s  s4:orch:synthesis
 187.3s |              #                                             | 192.3s  s3:orch:synthesis
 190.2s |              #                                             | 197.7s  s2:r1:review_style
 190.2s |              #                                             | 202.6s  s2:r0:review_citations
 190.2s |              #                                             | 203.1s  s2:r2:review_facts
 190.2s |              #                                             | 194.8s  s0:r1:review_style
 190.2s |              #                                             | 198.2s  s0:r0:review_citations
 190.2s |              #                                             | 196.8s  s0:r2:review_facts
 191.0s |              #                                             | 197.1s  s1:r1:review_style
 191.0s |              #                                             | 201.4s  s1:r0:review_citations
 191.0s |              #                                             | 201.2s  s1:r2:review_facts
 240.0s |                  #                                         | 244.4s  s4:r1:review_style
 241.1s |                  #                                         | 249.4s  s3:r1:review_style
 241.1s |                  #                                         | 250.5s  s3:r0:review_citations
 241.1s |                  #                                         | 249.8s  s3:r2:review_facts
 241.1s |                  #                                         | 249.4s  s4:r0:review_citations
 241.1s |                  #                                         | 251.0s  s4:r2:review_facts
 241.9s |                  #                                         | 248.0s  s0:orch:finalize
 242.0s |                  #                                         | 250.0s  s2:orch:finalize
 242.0s |                  #                                         | 250.0s  s1:orch:finalize
 250.5s |                  #                                         | 262.3s  s3:orch:finalize
 251.0s |                  #                                         | 259.8s  s4:orch:finalize
 262.3s |                   #                                        | 263.3s  s5:orch:breakdown
 263.3s |                   #                                        | 264.1s  s5:a0:agent_turn(round-0)
 263.3s |                   #                                        | 264.1s  s5:a3:agent_turn(round-0)
 263.3s |                   #                                        | 264.1s  s5:a1:agent_turn(round-0)
 263.3s |                   #                                        | 264.1s  s5:a2:agent_turn(round-0)
 263.3s |                   #                                        | 264.2s  s5:a4:agent_turn(round-0)
 264.1s |                   #                                        | 266.3s  s5:a0:web_search(biological mechanism)
 264.1s |                   #                                        | 266.1s  s5:a2:web_search(Potential off-target)
 264.1s |                   #                                        | 266.5s  s5:a3:web_search(Genetic diseases/con)
 264.1s |                   #                                        | 266.4s  s5:a1:web_search(Comparison of effici)
 264.2s |                   #                                        | 266.2s  s5:a4:web_search(current and future r)
 266.1s |                    #                                       | 268.4s  s5:a2:web_search(Potential off-target)
 266.2s |                    #                                       | 268.6s  s5:a4:web_search(ethical challenges o)
 266.3s |                    #                                       | 269.0s  s5:a0:web_search(biological mechanism)
 266.3s |                    #                                       | 267.3s  s6:orch:breakdown
 266.4s |                    #                                       | 268.7s  s5:a1:web_search(Recent advances and )
 266.5s |                    #                                       | 269.4s  s5:a3:web_search(Genetic diseases/con)
 267.3s |                    #                                       | 268.2s  s6:a3:agent_turn(round-0)
 267.3s |                    #                                       | 268.8s  s6:a0:agent_turn(round-0)
 300.0s |                      #                                     | 300.8s  s6:a2:agent_turn(round-0)
 301.1s |                      #                                     | 303.0s  s5:a4:web_search(clinical challenges )
 301.1s |                      #                                     | 302.8s  s5:a2:web_search(Potential off-target)
 301.1s |                      #                                     | 303.0s  s6:a0:web_search(Recent theoretical d)
 301.1s |                      #                                     | 302.7s  s6:a3:web_search(Impact of new materi)
 301.1s |                      #                                     | 302.0s  s7:orch:breakdown
 301.9s |                      #                                     | 302.8s  s9:orch:breakdown
 302.0s |                      #                                     | 302.8s  s8:orch:breakdown
 302.0s |                      #                                     | 303.5s  s6:a2:web_search(novel strategies or )
 310.5s |                       #                                    | 311.2s  s7:a1:agent_turn(round-0)
 311.0s |                       #                                    | 312.9s  s6:a3:web_search(Recent advances in m)
 322.3s |                        #                                   | 324.3s  s6:a2:web_search(recent advances in q)
 323.3s |                        #                                   | 325.6s  s7:a1:web_search(impact of deep-sea m)
 323.3s |                        #                                   | 326.4s  s6:a0:web_search(Quantum error correc)
 323.3s |                        #                                   | 324.2s  s9:a1:agent_turn(round-0)
 323.3s |                        #                                   | 324.4s  s8:a0:agent_turn(round-0)
 323.3s |                        #                                   | 324.2s  s9:a0:agent_turn(round-0)
 324.1s |                        #                                   | 325.7s  s7:a3:agent_turn(round-0)
 324.2s |                        #                                   | 325.1s  s7:a4:agent_turn(round-0)
 324.2s |                        #                                   | 326.4s  s9:a0:web_search(Impact of deep-sea m)
 324.2s |                        #                                   | 325.0s  s9:a3:agent_turn(round-0)
 324.3s |                        #                                   | 325.0s  s7:a0:agent_turn(round-0)
 326.1s |                        #                                   | 328.3s  s9:a1:web_search(Impact of deep-sea m)
 326.2s |                        #                                   | 328.3s  s7:a1:web_search(deep-sea mining envi)
 326.3s |                        #                                   | 328.9s  s8:a0:web_search(Recent algorithms an)
 326.4s |                        #                                   | 328.3s  s7:a3:web_search(impact of deep-sea m)
 326.5s |                        #                                   | 328.7s  s9:a0:web_search(Ecosystems affected )
 326.5s |                        #                                   | 328.6s  s9:a3:web_search(long-term effects of)
 327.3s |                        #                                   | 329.3s  s7:a4:web_search(long-term ecological)
 327.3s |                        #                                   | 329.8s  s7:a0:web_search(potential effects of)
 360.0s |                           #                                | 360.8s  s8:a2:agent_turn(round-0)
 361.1s |                           #                                | 363.8s  s7:a3:web_search(environmental effect)
 361.1s |                           #                                | 363.0s  s7:a0:web_search(impact of deep-sea m)
 361.1s |                           #                                | 363.3s  s9:a3:web_search(scientific studies o)
 361.1s |                           #                                | 363.4s  s7:a4:web_search(impact of deep-sea m)
 361.1s |                           #                                | 362.7s  s9:a1:web_search(Environmental effect)
 362.0s |                           #                                | 364.0s  s8:a0:web_search(Latest developments )
 362.1s |                           #                                | 363.9s  s8:a2:web_search(challenges in scalin)
 362.1s |                           #                                | 362.9s  s7:a2:agent_turn(round-0)
 370.5s |                           #                                | 371.3s  s9:a2:agent_turn(round-0)
 371.0s |                           #                                | 373.5s  s8:a2:web_search(quantum error correc)
 382.4s |                            #                               | 384.9s  s7:a2:web_search(carbon sequestration)
 383.3s |                            #                               | 385.5s  s9:a2:web_search(Potential for habita)
 383.3s |                            #                               | 384.0s  s9:a4:agent_turn(round-0)
 383.3s |                            #                               | 384.0s  s8:a1:agent_turn(round-0)
 383.3s |                            #                               | 384.2s  s8:a3:agent_turn(round-0)
 383.3s |                            #                               | 384.1s  s8:a4:agent_turn(round-0)
 384.1s |                            #                               | 384.8s  s6:a4:agent_turn(round-0)
 384.2s |                            #                               | 386.6s  s9:a4:web_search(Environmental monito)
 384.2s |                            #                               | 386.1s  s8:a1:web_search(advancements in hard)
 384.2s |                            #                               | 386.8s  s8:a3:web_search(recent advances in t)
 384.3s |                            #                               | 386.5s  s8:a4:web_search(Recent quantum error)
 386.1s |                             #                              | 387.5s  s6:a1:agent_turn(round-0)
 386.2s |                             #                              | 388.7s  s7:a2:web_search(deep-sea mining envi)
 386.3s |                             #                              | 388.9s  s9:a2:web_search(Sediment plumes duri)
 386.4s |                             #                              | 389.9s  s6:a4:web_search(current challenges i)
 386.5s |                             #                              | 388.6s  s8:a1:web_search(how hardware improve)
 386.5s |                             #                              | 389.4s  s8:a4:web_search(Experimental demonst)
 387.3s |                             #                              | 389.9s  s7:a1:agent_turn(round-1)
 387.3s |                             #                              | 389.1s  s9:a4:web_search(Mitigation strategie)
 420.0s |                               #                            | 421.5s  s8:a3:web_search(how new theoretical )
 421.1s |                               #                            | 422.3s  s7:a2:web_search(climate effects of d)
 421.1s |                               #                            | 423.1s  s6:a4:web_search(future directions fo)
 421.1s |                               #                            | 423.8s  s6:a1:web_search(Recent advancements )
 421.1s |                               #                            | 423.3s  s9:a1:agent_turn(round-1)
 421.1s |                               #                            | 423.4s  s9:a2:agent_turn(round-1)
 422.0s |                               #                            | 423.8s  s6:a2:agent_turn(round-1)
 422.1s |                               #                            | 424.5s  s6:a3:agent_turn(round-1)
 422.1s |                               #                            | 423.8s  s7:a0:agent_turn(round-1)
 430.5s |                                #                           | 433.4s  s8:a1:agent_turn(round-1)
 431.0s |                                #                           | 433.4s  s6:a1:web_search(Recent developments )
 442.4s |                                 #                          | 444.4s  s8:a3:agent_turn(round-1)
 443.3s |                                 #                          | 445.4s  s5:a0:agent_turn(round-1)
 443.3s |                                 #                          | 445.0s  s5:a1:agent_turn(round-1)
 443.3s |                                 #                          | 444.9s  s8:a0:agent_turn(round-1)
 443.3s |                                 #                          | 445.2s  s9:a4:agent_turn(round-1)
 443.3s |                                 #                          | 444.8s  s7:a4:agent_turn(round-1)
 444.1s |                                 #                          | 446.3s  s8:a2:agent_turn(round-1)
 444.2s |                                 #                          | 446.6s  s7:a3:agent_turn(round-1)
 444.2s |                                 #                          | 446.3s  s5:a3:agent_turn(round-1)
 444.2s |                                 #                          | 446.2s  s8:a4:agent_turn(round-1)
 444.3s |                                 #                          | 446.4s  s9:a3:agent_turn(round-1)
 446.1s |                                 #                          | 447.4s  s9:a0:agent_turn(round-1)
 446.2s |                                 #                          | 448.5s  s6:a0:agent_turn(round-1)
 446.3s |                                 #                          | 448.4s  s6:a4:agent_turn(round-1)
 446.4s |                                 #                          | 449.1s  s6:a1:agent_turn(round-1)
 446.5s |                                 #                          | 448.3s  s7:a2:agent_turn(round-1)
 446.5s |                                 #                          | 449.4s  s5:a2:agent_turn(round-1)
 447.3s |                                 #                          | 448.9s  s5:a4:agent_turn(round-1)
 447.3s |                                 #                          | 452.5s  s8:orch:synthesis
 480.0s |                                    #                       | 484.7s  s9:orch:synthesis
 481.1s |                                    #                       | 486.7s  s8:r1:review_style
 481.1s |                                    #                       | 490.2s  s8:r0:review_citations
 481.1s |                                    #                       | 489.6s  s8:r2:review_facts
 481.1s |                                    #                       | 486.2s  s7:orch:synthesis
 481.1s |                                    #                       | 486.8s  s5:orch:synthesis
 482.0s |                                    #                       | 485.9s  s6:orch:synthesis
 484.7s |                                    #                       | 488.1s  s9:r1:review_style
 484.7s |                                    #                       | 497.4s  s9:r0:review_citations
 490.5s |                                    #                       | 500.9s  s9:r2:review_facts
 491.0s |                                    #                       | 495.0s  s6:r1:review_style
 502.4s |                                     #                      | 513.9s  s6:r0:review_citations
 503.3s |                                     #                      | 513.1s  s6:r2:review_facts
 503.3s |                                     #                      | 508.1s  s5:r1:review_style
 503.3s |                                     #                      | 515.4s  s5:r0:review_citations
 503.3s |                                     #                      | 506.5s  s7:r1:review_style
 503.3s |                                     #                      | 510.6s  s7:r0:review_citations
 504.1s |                                     #                      | 512.0s  s5:r2:review_facts
 504.2s |                                     #                      | 515.2s  s7:r2:review_facts
 504.2s |                                     #                      | 512.3s  s9:orch:finalize
 504.2s |                                     #                      | 518.3s  s8:orch:finalize
 513.9s |                                      #                     | 525.1s  s6:orch:finalize
 515.2s |                                      #                     | 526.7s  s7:orch:finalize
 515.4s |                                      #                     | 523.4s  s5:orch:finalize
 526.7s |                                       #                    | 527.8s  s10:orch:breakdown
 527.8s |                                       #                    | 528.6s  s10:a1:agent_turn(round-0)
 527.8s |                                       #                    | 528.9s  s10:a3:agent_turn(round-0)
 527.8s |                                       #                    | 528.7s  s10:a4:agent_turn(round-0)
 527.8s |                                       #                    | 528.5s  s10:a0:agent_turn(round-0)
 527.8s |                                       #                    | 528.5s  s10:a2:agent_turn(round-0)
 540.0s |                                        #                   | 541.4s  s10:a0:web_search(Applications of larg)
 541.1s |                                        #                   | 543.5s  s10:a1:web_search(large language model)
 541.1s |                                        #                   | 542.8s  s10:a3:web_search(challenges and limit)
 541.1s |                                        #                   | 542.7s  s10:a4:web_search(Impact of large lang)
 541.1s |                                        #                   | 542.3s  s11:orch:breakdown
 541.1s |                                        #                   | 542.0s  s12:orch:breakdown
 542.0s |                                        #                   | 542.8s  s13:orch:breakdown
 544.7s |                                        #                   | 546.7s  s10:a0:web_search(how large language m)
 544.7s |                                        #                   | 546.3s  s10:a3:web_search(limitations of AI in)
 550.5s |                                         #                  | 552.5s  s10:a4:web_search(How LLMs are used in)
 551.0s |                                         #                  | 553.0s  s10:a1:web_search(applications of larg)
 562.4s |                                          #                 | 563.2s  s14:orch:breakdown
 563.3s |                                          #                 | 565.6s  s10:a2:web_search(How do large languag)
 563.3s |                                          #                 | 564.2s  s13:a0:agent_turn(round-0)
 563.3s |                                          #                 | 564.8s  s14:a0:agent_turn(round-0)
 563.3s |                                          #                 | 564.1s  s12:a0:agent_turn(round-0)
 563.3s |                                          #                 | 564.1s  s11:a1:agent_turn(round-0)
 564.1s |                                          #                 | 565.0s  s13:a2:agent_turn(round-0)
 564.2s |                                          #                 | 566.2s  s12:a0:web_search(Recent developments )
 564.2s |                                          #                 | 567.2s  s11:a1:web_search(Recent developments )
 564.2s |                                          #                 | 565.6s  s12:a1:agent_turn(round-0)
 573.9s |                                           #                | 574.7s  s12:a3:agent_turn(round-0)
 575.2s |                                           #                | 578.1s  s14:a0:web_search(fundamental mechanis)
 575.4s |                                           #                | 578.1s  s12:a0:web_search(Implementation of qu)
 586.8s |                                            #               | 589.3s  s11:a1:web_search(Advances in quantum )
 587.8s |                                            #               | 589.9s  s14:a0:web_search(fundamental mechanis)
 587.8s |                                            #               | 590.4s  s13:a0:web_search(recent algorithms an)
 587.8s |                                            #               | 590.7s  s12:a3:web_search(experimental validat)
 587.8s |                                            #               | 590.4s  s10:a2:web_search(Applications of larg)
 587.8s |                                            #               | 590.5s  s13:a2:web_search(novel materials or q)
 600.0s |                                             #              | 602.5s  s12:a1:web_search(Recent advancements )
 601.1s |                                             #              | 603.0s  s13:a0:web_search(latest developments )
 601.1s |                                             #              | 602.7s  s12:a3:web_search(how quantum error co)
 601.1s |                                             #              | 606.2s  s13:a2:web_search(recent advances in q)
 601.1s |                                             #              | 602.5s  s14:a2:agent_turn(round-0)
 601.1s |                                             #              | 602.6s  s14:a1:agent_turn(round-0)
 602.0s |                                             #              | 602.8s  s11:a2:agent_turn(round-0)
 604.7s |                                             #              | 605.6s  s13:a1:agent_turn(round-0)
 604.7s |                                             #              | 608.2s  s14:a2:web_search(Off-target effects a)
 610.5s |                                             #              | 613.1s  s14:a1:web_search(efficiency and speci)
 611.0s |                                             #              | 613.0s  s14:a2:web_search(Off-target effects o)
 622.4s |                                              #             | 624.3s  s12:a1:web_search(How quantum error co)
 623.3s |                                              #             | 626.0s  s14:a1:web_search(efficiency and speci)
 623.3s |                                              #             | 626.2s  s11:a2:web_search(challenges related t)
 623.3s |                                              #             | 625.3s  s13:a1:web_search(improvements in hard)
 623.3s |                                              #             | 624.0s  s13:a4:agent_turn(round-0)
 623.3s |                                              #             | 624.2s  s14:a3:agent_turn(round-0)
 624.1s |                                              #             | 625.2s  s14:a4:agent_turn(round-0)
 624.2s |                                              #             | 626.1s  s13:a4:web_search(challenges in large-)
 624.2s |                                              #             | 626.6s  s14:a3:web_search(Comparison of therap)
 624.2s |                                              #             | 625.0s  s12:a4:agent_turn(round-0)
 633.9s |                                               #            | 634.8s  s11:a0:agent_turn(round-0)
 635.2s |                                               #            | 637.1s  s13:a4:web_search(current state and ch)
 635.4s |                                               #            | 637.9s  s14:a3:web_search(Genetic conditions b)
 646.8s |                                                #           | 649.2s  s11:a0:web_search(Recent developments )
 647.8s |                                                #           | 649.7s  s14:a3:web_search(Genetic conditions b)
 647.8s |                                                #           | 649.2s  s12:a4:web_search(future research dire)
 647.8s |                                                #           | 649.7s  s13:a1:web_search(latest advancements )
 647.8s |                                                #           | 651.5s  s14:a4:web_search(current challenges a)
 647.8s |                                                #           | 651.2s  s11:a2:web_search(current research on )
 660.0s |                                                 #          | 660.8s  s11:a3:agent_turn(round-0)
 661.1s |                                                 #          | 662.6s  s11:a0:web_search(Advantages of new qu)
 661.1s |                                                 #          | 662.8s  s12:a4:web_search(approaches to reduce)
 661.1s |                                                 #          | 663.0s  s14:a4:web_search(current challenges a)
 661.1s |                                                 #          | 663.6s  s11:a3:web_search(impact of new materi)
 661.1s |                                                 #          | 662.0s  s13:a3:agent_turn(round-0)
 662.0s |                                                 #          | 662.6s  s12:a2:agent_turn(round-0)
 664.7s |                                                  #         | 665.4s  s11:a4:agent_turn(round-0)
 664.7s |                                                  #         | 666.8s  s11:a3:web_search(advances in hardware)
 670.5s |                                                  #         | 674.6s  s11:a0:web_search(Recent research pape)
 671.0s |                                                  #         | 673.1s  s12:a2:web_search(challenges of scalin)
 682.4s |                                                   #        | 684.4s  s13:a3:web_search(Recent advances in f)
 683.3s |                                                   #        | 685.5s  s12:a2:web_search(problems in implemen)
 683.3s |                                                   #        | 685.6s  s11:a4:web_search(Emerging algorithms )
 683.3s |                                                   #        | 685.1s  s12:a4:agent_turn(round-1)
 683.3s |                                                   #        | 685.8s  s10:a0:agent_turn(round-1)
 683.3s |                                                   #        | 686.6s  s10:a3:agent_turn(round-1)
 684.1s |                                                   #        | 686.4s  s10:a4:agent_turn(round-1)
 684.2s |                                                   #        | 686.6s  s12:a0:agent_turn(round-1)
 684.2s |                                                   #        | 686.8s  s10:a2:agent_turn(round-1)
 684.2s |                                                   #        | 687.3s  s14:a2:agent_turn(round-1)
 693.9s |                                                    #       | 695.8s  s13:a4:agent_turn(round-1)
 695.2s |                                                    #       | 697.7s  s13:a3:web_search(Impact of fault-tole)
 695.4s |                                                    #       | 696.7s  s11:a4:agent_turn(round-1)
 706.8s |                                                     #      | 709.9s  s14:a1:agent_turn(round-1)
 707.8s |                                                     #      | 708.6s  s11:a4:summarize(len=772)
 707.8s |                                                     #      | 709.8s  s11:a3:agent_turn(round-1)
 707.8s |                                                     #      | 709.8s  s14:a0:agent_turn(round-1)
 707.8s |                                                     #      | 710.6s  s13:a2:agent_turn(round-1)
 707.8s |                                                     #      | 710.0s  s14:a4:agent_turn(round-1)
 720.0s |                                                      #     | 722.2s  s13:a0:agent_turn(round-1)
 721.1s |                                                      #     | 722.3s  s11:a4:agent_turn(round-2)
 721.1s |                                                      #     | 723.1s  s13:a1:agent_turn(round-1)
 721.1s |                                                      #     | 723.4s  s12:a1:agent_turn(round-1)
 721.1s |                                                      #     | 723.6s  s12:a2:agent_turn(round-1)
 721.1s |                                                      #     | 723.5s  s11:a1:agent_turn(round-1)
 722.0s |                                                      #     | 723.9s  s12:a3:agent_turn(round-1)
 724.8s |                                                      #     | 728.3s  s10:a1:agent_turn(round-1)
 724.8s |                                                      #     | 727.6s  s11:a2:agent_turn(round-1)
 730.5s |                                                      #     | 733.2s  s13:a3:agent_turn(round-1)
 731.0s |                                                      #     | 733.2s  s14:a3:agent_turn(round-1)
 742.4s |                                                       #    | 744.8s  s11:a0:agent_turn(round-1)
 743.3s |                                                       #    | 748.0s  s13:orch:synthesis
 743.3s |                                                       #    | 748.5s  s14:orch:synthesis
 743.3s |                                                       #    | 750.1s  s12:orch:synthesis
 743.3s |                                                       #    | 747.3s  s10:orch:synthesis
 744.8s |                                                        #   | 750.5s  s11:orch:synthesis
 747.3s |                                                        #   | 752.2s  s10:r1:review_style
 747.3s |                                                        #   | 754.8s  s10:r0:review_citations
 747.3s |                                                        #   | 755.7s  s10:r2:review_facts
 748.0s |                                                        #   | 751.7s  s13:r1:review_style
 753.9s |                                                        #   | 761.7s  s13:r0:review_citations
 755.2s |                                                        #   | 763.2s  s13:r2:review_facts
 755.4s |                                                        #   | 763.9s  s14:r1:review_style
 766.8s |                                                         #  | 775.3s  s14:r0:review_citations
 767.8s |                                                         #  | 774.8s  s14:r2:review_facts
 767.8s |                                                         #  | 772.3s  s12:r1:review_style
 767.8s |                                                         #  | 777.5s  s12:r0:review_citations
 767.8s |                                                         #  | 775.3s  s12:r2:review_facts
 767.8s |                                                         #  | 773.2s  s11:r1:review_style
 780.0s |                                                          # | 787.8s  s11:r0:review_citations
 781.1s |                                                          # | 788.4s  s11:r2:review_facts
 781.1s |                                                          # | 787.6s  s13:orch:finalize
 781.1s |                                                          # | 786.3s  s10:orch:finalize
 781.1s |                                                          # | 791.2s  s12:orch:finalize
 781.1s |                                                          # | 787.5s  s14:orch:finalize
 788.4s |                                                           #| 797.5s  s11:orch:finalize
        0<60>797.5s
======================================================================


######################################################################
 SCHEDULER: MAPREDUCE
######################################################################

============================================================
 BATCH 0: launching 5 sessions
 Arrival delays: 0.0s, 4.0s, 8.0s, 12.0s, 16.0s
============================================================
    0.00s [s0:orch]        START breakdown (pos #1)
    1.05s [s0:orch]        END   breakdown (1.05s)
    1.05s [s0:a0]          START agent_turn(round-0) (pos #2)
    1.05s [s0:a1]          START agent_turn(round-0) (pos #3)
    1.05s [s0:a2]          START agent_turn(round-0) (pos #4)
    1.05s [s0:a3]          START agent_turn(round-0) (pos #5)
    1.05s [s0:a4]          START agent_turn(round-0) (pos #6)
    1.84s [s0:a0]          END   agent_turn(round-0) (0.78s)
    1.84s [s0:a0]          START web_search(Recent developments in quantum error cor) (pos #7)
    2.18s [s0:a4]          END   agent_turn(round-0) (1.13s)
    2.18s [s0:a4]          START web_search(remaining challenges for fault-tolerant ) (pos #8)
    2.24s [s0:a3]          END   agent_turn(round-0) (1.19s)
    2.24s [s0:a3]          START web_search(Recent advances in quantum hardware and ) (pos #9)
    2.35s [s0:a2]          END   agent_turn(round-0) (1.30s)
    2.35s [s0:a2]          START web_search(new techniques to detect and correct err) (pos #10)
    3.31s [s0:a1]          END   agent_turn(round-0) (2.26s)
    3.31s [s0:a1]          START web_search(Recent advancements in experimental quan) (pos #11)
    3.52s [s0:a0]          END   web_search(Recent developments in quantum error cor) (1.68s)
    3.52s [s0:a0]          START web_search(Effectiveness of new quantum error corre) (pos #12)
    4.00s [s1:orch]        START breakdown (pos #13)
    4.15s [s0:a4]          END   web_search(remaining challenges for fault-tolerant ) (1.97s)
    4.15s [s0:a4]          START web_search(future directions in fault-tolerant quan) (pos #14)
    4.35s [s0:a2]          END   web_search(new techniques to detect and correct err) (2.00s)
    4.35s [s0:a2]          START web_search(advances in quantum error correction met) (pos #15)
    4.61s [s0:a3]          END   web_search(Recent advances in quantum hardware and ) (2.37s)
    4.61s [s0:a3]          START web_search(Design and performance of quantum error ) (pos #16)
    5.31s [s0:a1]          END   web_search(Recent advancements in experimental quan) (2.01s)
    5.31s [s0:a1]          START web_search(Improvements in quantum error correction) (pos #17)
    5.35s [s1:orch]        END   breakdown (1.35s)
    5.35s [s1:a0]          START agent_turn(round-0) (pos #18)
    5.35s [s1:a1]          START agent_turn(round-0) (pos #19)
    5.35s [s1:a2]          START agent_turn(round-0) (pos #20)
    5.35s [s1:a3]          START agent_turn(round-0) (pos #21)
    5.35s [s1:a4]          START agent_turn(round-0) (pos #22)
    5.77s [s0:a4]          END   web_search(future directions in fault-tolerant quan) (1.63s)
    5.77s [s0:a4]          START agent_turn(round-1) (pos #23)
    5.82s [s0:a0]          END   web_search(Effectiveness of new quantum error corre) (2.30s)
    5.82s [s0:a0]          START agent_turn(round-1) (pos #24)
    6.03s [s1:a1]          END   agent_turn(round-0) (0.68s)
    6.03s [s1:a1]          START web_search(Recent experimental implementations of q) (pos #25)
    6.03s [s1:a2]          END   agent_turn(round-0) (0.68s)
    6.03s [s1:a2]          START web_search(novel physical qubit platforms used in q) (pos #26)
    6.06s [s0:a3]          END   web_search(Design and performance of quantum error ) (1.45s)
    6.06s [s0:a3]          START agent_turn(round-1) (pos #27)
    6.15s [s0:a2]          END   web_search(advances in quantum error correction met) (1.80s)
    6.15s [s0:a2]          START agent_turn(round-1) (pos #28)
    6.16s [s1:a3]          END   agent_turn(round-0) (0.82s)
    6.16s [s1:a3]          START web_search(current quantum error correction methods) (pos #29)
    6.20s [s1:a4]          END   agent_turn(round-0) (0.86s)
    6.20s [s1:a4]          START web_search(Challenges and future directions for int) (pos #30)
    6.25s [s1:a0]          END   agent_turn(round-0) (0.90s)
  [MR] queue waiting 53.75s for capacity (next: s1:a0:web_search, pri=0.20)
    7.07s [s0:a1]          END   web_search(Improvements in quantum error correction) (1.76s)
    7.91s [s1:a3]          END   web_search(current quantum error correction methods) (1.75s)
    7.94s [s1:a1]          END   web_search(Recent experimental implementations of q) (1.91s)
    7.98s [s0:a2]          END   agent_turn(round-1) (1.82s)
    8.12s [s0:a0]          END   agent_turn(round-1) (2.31s)
    8.19s [s1:a4]          END   web_search(Challenges and future directions for int) (1.98s)
    8.28s [s0:a3]          END   agent_turn(round-1) (2.22s)
    8.36s [s1:a2]          END   web_search(novel physical qubit platforms used in q) (2.33s)
    8.65s [s0:a4]          END   agent_turn(round-1) (2.87s)
   60.00s [s0:a1]          START agent_turn(round-1) (pos #32)
  [MR] queue waiting 1.05s for capacity (next: s2:orch:breakdown, pri=1.00)
   61.05s [s2:orch]        START breakdown (pos #35)
   61.05s [s3:orch]        START breakdown (pos #38)
   61.05s [s4:orch]        START breakdown (pos #39)
   61.05s [s1:a0]          START web_search(Recent developments in quantum error cor) (pos #31)
   61.05s [s1:a3]          START web_search(quantum error correction techniques and ) (pos #33)
  [MR] queue waiting 0.78s for capacity (next: s1:a1:web_search, pri=0.20)
   61.84s [s1:a1]          START web_search(Advances in quantum error correction exp) (pos #34)
  [MR] queue waiting 0.34s for capacity (next: s1:a4:web_search, pri=0.20)
   61.91s [s4:orch]        END   breakdown (0.86s)
   61.93s [s3:orch]        END   breakdown (0.88s)
   61.96s [s2:orch]        END   breakdown (0.91s)
   62.18s [s1:a4]          START web_search(Recent advancements in quantum error cor) (pos #36)
  [MR] queue waiting 0.10s for capacity (next: s1:a2:web_search, pri=0.20)
   62.28s [s1:a2]          START web_search(latest developments in physical qubits f) (pos #37)
  [MR] queue waiting 0.10s for capacity (next: s4:a0:agent_turn, pri=0.20)
   62.37s [s0:a1]          END   agent_turn(round-1) (2.37s)
   62.38s [s0:orch]        START synthesis (pos #55)
  [MR] queue waiting 0.92s for capacity (next: s4:a0:agent_turn, pri=0.20)
   62.87s [s1:a3]          END   web_search(quantum error correction techniques and ) (1.81s)
   62.87s [s1:a0]          END   web_search(Recent developments in quantum error cor) (1.82s)
   63.31s [s4:a0]          START agent_turn(round-0) (pos #40)
  [MR] queue waiting 0.21s for capacity (next: s4:a1:agent_turn, pri=0.20)
   63.52s [s4:a1]          START agent_turn(round-0) (pos #41)
  [MR] queue waiting 0.48s for capacity (next: s4:a2:agent_turn, pri=0.20)
   63.62s [s1:a1]          END   web_search(Advances in quantum error correction exp) (1.78s)
   63.91s [s4:a0]          END   agent_turn(round-0) (0.60s)
   64.00s [s4:a2]          START agent_turn(round-0) (pos #42)
  [MR] queue waiting 0.14s for capacity (next: s4:a3:agent_turn, pri=0.20)
   64.15s [s4:a3]          START agent_turn(round-0) (pos #43)
  [MR] queue waiting 0.20s for capacity (next: s4:a4:agent_turn, pri=0.20)
   64.28s [s4:a1]          END   agent_turn(round-0) (0.76s)
   64.35s [s4:a4]          START agent_turn(round-0) (pos #44)
  [MR] queue waiting 0.26s for capacity (next: s3:a0:agent_turn, pri=0.20)
   64.41s [s1:a4]          END   web_search(Recent advancements in quantum error cor) (2.23s)
   64.62s [s3:a0]          START agent_turn(round-0) (pos #45)
  [MR] queue waiting 0.70s for capacity (next: s3:a1:agent_turn, pri=0.20)
   64.82s [s4:a2]          END   agent_turn(round-0) (0.82s)
   64.95s [s4:a3]          END   agent_turn(round-0) (0.80s)
   64.97s [s1:a2]          END   web_search(latest developments in physical qubits f) (2.69s)
   65.08s [s4:a4]          END   agent_turn(round-0) (0.73s)
   65.32s [s3:a1]          START agent_turn(round-0) (pos #46)
  [MR] queue waiting 0.10s for capacity (next: s3:a2:agent_turn, pri=0.20)
   65.42s [s3:a2]          START agent_turn(round-0) (pos #47)
   65.42s [s3:a3]          START agent_turn(round-0) (pos #48)
   65.42s [s3:a4]          START agent_turn(round-0) (pos #49)
   65.42s [s2:a0]          START agent_turn(round-0) (pos #50)
   65.42s [s2:a1]          START agent_turn(round-0) (pos #51)
  [MR] queue waiting 0.35s for capacity (next: s2:a2:agent_turn, pri=0.20)
   65.77s [s2:a2]          START agent_turn(round-0) (pos #52)
  [MR] queue waiting 0.10s for capacity (next: s2:a3:agent_turn, pri=0.20)
   65.79s [s3:a0]          END   agent_turn(round-0) (1.18s)
   65.88s [s2:a3]          START agent_turn(round-0) (pos #53)
  [MR] queue waiting 0.15s for capacity (next: s2:a4:agent_turn, pri=0.20)
   65.95s [s3:a4]          END   agent_turn(round-0) (0.54s)
   66.03s [s2:a4]          START agent_turn(round-0) (pos #54)
  [MR] queue waiting 0.10s for capacity (next: s1:a3:agent_turn, pri=0.20)
   66.06s [s2:a1]          END   agent_turn(round-0) (0.64s)
   66.13s [s1:a3]          START agent_turn(round-1) (pos #56)
   66.13s [s1:a0]          START web_search(Quantum error correction codes error thr) (pos #57)
  [MR] queue waiting 0.10s for capacity (next: s1:a1:agent_turn, pri=0.20)
   66.18s [s3:a1]          END   agent_turn(round-0) (0.86s)
   66.23s [s1:a1]          START agent_turn(round-1) (pos #58)
   66.23s [s4:a0]          START web_search(Molecular mechanisms of CRISPR-Cas9) (pos #59)
   66.23s [s4:a1]          START web_search(CRISPR-Cas9 vs base editing efficiency a) (pos #60)
  [MR] queue waiting 53.77s for capacity (next: s1:a4:agent_turn, pri=0.20)
   66.24s [s3:a3]          END   agent_turn(round-0) (0.82s)
   66.24s [s3:a2]          END   agent_turn(round-0) (0.82s)
   66.28s [s2:a0]          END   agent_turn(round-0) (0.86s)
   66.58s [s2:a3]          END   agent_turn(round-0) (0.71s)
   66.59s [s2:a2]          END   agent_turn(round-0) (0.81s)
   66.83s [s2:a4]          END   agent_turn(round-0) (0.81s)
   67.27s [s0:orch]        END   synthesis (4.88s)
   68.29s [s1:a3]          END   agent_turn(round-1) (2.16s)
   68.30s [s1:a0]          END   web_search(Quantum error correction codes error thr) (2.17s)
   68.30s [s4:a1]          END   web_search(CRISPR-Cas9 vs base editing efficiency a) (2.07s)
   68.43s [s1:a1]          END   agent_turn(round-1) (2.20s)
   68.52s [s4:a0]          END   web_search(Molecular mechanisms of CRISPR-Cas9) (2.29s)
  120.00s [s1:a4]          START agent_turn(round-1) (pos #61)
  [MR] queue waiting 1.05s for capacity (next: s1:a2:agent_turn, pri=0.33)
  121.05s [s1:a2]          START agent_turn(round-1) (pos #64)
  121.05s [s0:r0]          START review_citations (pos #76)
  121.05s [s0:r1]          START review_style (pos #77)
  121.05s [s0:r2]          START review_facts (pos #78)
  121.05s [s1:a0]          START agent_turn(round-1) (pos #79)
  [MR] queue waiting 0.78s for capacity (next: s4:a2:web_search, pri=0.20)
  121.84s [s4:a2]          START web_search(Safety profiles and off-target effects o) (pos #62)
  [MR] queue waiting 0.34s for capacity (next: s4:a3:web_search, pri=0.20)
  122.18s [s4:a3]          START web_search(limitations and challenges of CRISPR-Cas) (pos #63)
  [MR] queue waiting 0.10s for capacity (next: s4:a4:web_search, pri=0.20)
  122.29s [s4:a4]          START web_search(Applications and future prospects of gen) (pos #65)
  [MR] queue waiting 0.10s for capacity (next: s3:a0:web_search, pri=0.20)
  122.39s [s3:a0]          START web_search(Fundamental mechanisms of CRISPR-Cas9) (pos #66)
  [MR] queue waiting 0.92s for capacity (next: s3:a4:web_search, pri=0.20)
  122.59s [s1:a4]          END   agent_turn(round-1) (2.59s)
  123.06s [s1:a2]          END   agent_turn(round-1) (2.00s)
  123.31s [s3:a4]          START web_search(ethical safety regulatory considerations) (pos #67)
  [MR] queue waiting 0.21s for capacity (next: s2:a1:web_search, pri=0.20)
  123.50s [s1:a0]          END   agent_turn(round-1) (2.45s)
  123.52s [s1:orch]        START synthesis (pos #82)
  [MR] queue waiting 0.48s for capacity (next: s2:a1:web_search, pri=0.20)
  124.00s [s2:a1]          START web_search(main technical challenges of nuclear fus) (pos #68)
  [MR] queue waiting 0.14s for capacity (next: s3:a1:web_search, pri=0.20)
  124.15s [s3:a1]          START web_search(Comparison of CRISPR-Cas9 and base editi) (pos #69)
  [MR] queue waiting 0.20s for capacity (next: s3:a3:web_search, pri=0.20)
  124.35s [s3:a3]          START web_search(Delivery methods and efficiency of CRISP) (pos #70)
  [MR] queue waiting 0.26s for capacity (next: s3:a2:web_search, pri=0.20)
  124.62s [s3:a2]          START web_search(therapeutic applications of CRISPR-Cas9 ) (pos #71)
  [MR] queue waiting 0.70s for capacity (next: s2:a0:web_search, pri=0.20)
  124.79s [s4:a4]          END   web_search(Applications and future prospects of gen) (2.51s)
  125.00s [s4:a3]          END   web_search(limitations and challenges of CRISPR-Cas) (2.82s)
  125.08s [s3:a0]          END   web_search(Fundamental mechanisms of CRISPR-Cas9) (2.69s)
  125.23s [s4:a2]          END   web_search(Safety profiles and off-target effects o) (3.39s)
  125.32s [s2:a0]          START web_search(latest advancements in nuclear fusion re) (pos #72)
  [MR] queue waiting 0.10s for capacity (next: s2:a3:web_search, pri=0.20)
  125.42s [s2:a3]          START web_search(Materials needed for sustainable fusion ) (pos #73)
  125.42s [s2:a2]          START web_search(Current status of fusion experiments at ) (pos #74)
  125.42s [s2:a4]          START web_search(economic implications of transitioning t) (pos #75)
  125.42s [s4:a1]          START web_search(Comparison of CRISPR-Cas9 and base editi) (pos #80)
  125.42s [s4:a0]          START web_search(Molecular mechanisms of base editing sys) (pos #81)
  [MR] queue waiting 0.36s for capacity (next: s4:a4:web_search, pri=0.20)
  125.78s [s4:a4]          START web_search(Use of gene editing in genetic condition) (pos #83)
  [MR] queue waiting 0.10s for capacity (next: s4:a3:web_search, pri=0.20)
  125.88s [s4:a3]          START web_search(current challenges in therapeutic applic) (pos #84)
  [MR] queue waiting 0.15s for capacity (next: s3:a0:web_search, pri=0.20)
  125.90s [s3:a4]          END   web_search(ethical safety regulatory considerations) (2.59s)
  125.92s [s2:a1]          END   web_search(main technical challenges of nuclear fus) (1.91s)
  126.02s [s3:a1]          END   web_search(Comparison of CRISPR-Cas9 and base editi) (1.87s)
  126.03s [s3:a0]          START web_search(Fundamental mechanisms of base editing) (pos #85)
  [MR] queue waiting 0.10s for capacity (next: s4:a2:web_search, pri=0.20)
  126.13s [s4:a2]          START web_search(Recent research on off-target effects of) (pos #86)
  126.13s [s3:a4]          START agent_turn(round-1) (pos #87)
  [MR] queue waiting 0.10s for capacity (next: s2:a1:web_search, pri=0.20)
  126.23s [s2:a1]          START web_search(limitations facing practical nuclear fus) (pos #88)
  126.23s [s3:a1]          START web_search(CRISPR-Cas9 vs base editing off-target e) (pos #89)
  126.55s [s0:r1]          END   review_style (5.49s)
  126.55s [s3:a3]          END   web_search(Delivery methods and efficiency of CRISP) (2.20s)
  126.55s [s3:a3]          START web_search(Delivery methods and efficiency of base ) (pos #90)
  126.82s [s2:a0]          END   web_search(latest advancements in nuclear fusion re) (1.50s)
  [MR] queue waiting 53.18s for capacity (next: s2:a0:web_search, pri=0.20)
  127.05s [s3:a2]          END   web_search(therapeutic applications of CRISPR-Cas9 ) (2.43s)
  127.33s [s3:a4]          END   agent_turn(round-1) (1.19s)
  127.41s [s4:a0]          END   web_search(Molecular mechanisms of base editing sys) (1.99s)
  127.49s [s2:a4]          END   web_search(economic implications of transitioning t) (2.07s)
  127.57s [s1:orch]        END   synthesis (4.05s)
  128.07s [s4:a3]          END   web_search(current challenges in therapeutic applic) (2.19s)
  128.12s [s2:a2]          END   web_search(Current status of fusion experiments at ) (2.70s)
  128.41s [s0:r0]          END   review_citations (7.35s)
  128.41s [s3:a3]          END   web_search(Delivery methods and efficiency of base ) (1.86s)
  128.42s [s4:a4]          END   web_search(Use of gene editing in genetic condition) (2.65s)
  128.71s [s0:r2]          END   review_facts (7.66s)
  128.71s [s2:a3]          END   web_search(Materials needed for sustainable fusion ) (3.29s)
  128.75s [s3:a1]          END   web_search(CRISPR-Cas9 vs base editing off-target e) (2.52s)
  128.95s [s2:a1]          END   web_search(limitations facing practical nuclear fus) (2.71s)
  129.04s [s4:a2]          END   web_search(Recent research on off-target effects of) (2.91s)
  129.16s [s3:a0]          END   web_search(Fundamental mechanisms of base editing) (3.13s)
  129.55s [s4:a1]          END   web_search(Comparison of CRISPR-Cas9 and base editi) (4.13s)
  180.00s [s0:orch]        START finalize (pos #104)
  [MR] queue waiting 1.05s for capacity (next: s1:r0:review_citations, pri=0.33)
  181.06s [s1:r0]          START review_citations (pos #96)
  181.06s [s1:r1]          START review_style (pos #97)
  181.06s [s1:r2]          START review_facts (pos #98)
  181.06s [s2:a0]          START web_search(recent breakthroughs in nuclear fusion t) (pos #91)
  181.06s [s3:a2]          START web_search(limitations of CRISPR-Cas9 and base edit) (pos #92)
  [MR] queue waiting 0.78s for capacity (next: s3:a4:summarize, pri=0.20)
  181.84s [s3:a4]          START summarize(len=417) (pos #93)
  [MR] queue waiting 0.34s for capacity (next: s4:a0:agent_turn, pri=0.20)
  182.19s [s4:a0]          START agent_turn(round-1) (pos #94)
  [MR] queue waiting 0.10s for capacity (next: s2:a4:web_search, pri=0.20)
  182.29s [s2:a4]          START web_search(environmental implications of transition) (pos #95)
  [MR] queue waiting 0.10s for capacity (next: s4:a3:agent_turn, pri=0.20)
  182.39s [s4:a3]          START agent_turn(round-1) (pos #99)
  [MR] queue waiting 0.92s for capacity (next: s2:a2:agent_turn, pri=0.20)
  182.56s [s3:a2]          END   web_search(limitations of CRISPR-Cas9 and base edit) (1.50s)
  182.57s [s3:a4]          END   summarize(len=417) (0.73s)
  183.02s [s2:a0]          END   web_search(recent breakthroughs in nuclear fusion t) (1.96s)
  183.31s [s2:a2]          START agent_turn(round-1) (pos #100)
  [MR] queue waiting 0.21s for capacity (next: s3:a3:agent_turn, pri=0.20)
  183.52s [s3:a3]          START agent_turn(round-1) (pos #101)
  [MR] queue waiting 0.48s for capacity (next: s4:a4:agent_turn, pri=0.20)
  184.00s [s4:a4]          START agent_turn(round-1) (pos #102)
  [MR] queue waiting 0.14s for capacity (next: s2:a3:web_search, pri=0.20)
  184.15s [s2:a3]          START web_search(Safety protocols for future fusion react) (pos #103)
  [MR] queue waiting 0.20s for capacity (next: s3:a1:agent_turn, pri=0.20)
  184.35s [s3:a1]          START agent_turn(round-1) (pos #105)
  [MR] queue waiting 0.26s for capacity (next: s2:a1:agent_turn, pri=0.20)
  184.51s [s2:a4]          END   web_search(environmental implications of transition) (2.22s)
  184.62s [s2:a1]          START agent_turn(round-1) (pos #106)
  [MR] queue waiting 0.70s for capacity (next: s4:a2:agent_turn, pri=0.20)
  184.66s [s4:a3]          END   agent_turn(round-1) (2.28s)
  184.69s [s1:r1]          END   review_style (3.64s)
  185.02s [s2:a2]          END   agent_turn(round-1) (1.70s)
  185.32s [s4:a2]          START agent_turn(round-1) (pos #107)
  [MR] queue waiting 0.10s for capacity (next: s4:a1:agent_turn, pri=0.25)
  185.35s [s3:a3]          END   agent_turn(round-1) (1.82s)
  185.35s [s4:a0]          END   agent_turn(round-1) (3.16s)
  185.42s [s4:a1]          START agent_turn(round-1) (pos #109)
  185.42s [s3:a0]          START agent_turn(round-1) (pos #108)
  185.42s [s3:a2]          START agent_turn(round-1) (pos #110)
  185.42s [s3:a4]          START summarize(len=461) (pos #111)
  185.42s [s2:a0]          START agent_turn(round-1) (pos #112)
  [MR] queue waiting 0.36s for capacity (next: s2:a4:agent_turn, pri=0.25)
  185.66s [s2:a3]          END   web_search(Safety protocols for future fusion react) (1.51s)
  185.78s [s2:a4]          START agent_turn(round-1) (pos #113)
  [MR] queue waiting 0.10s for capacity (next: s2:a3:agent_turn, pri=0.25)
  185.88s [s2:a3]          START agent_turn(round-1) (pos #114)
  186.08s [s3:a4]          END   summarize(len=461) (0.66s)
  186.08s [s3:a4]          START agent_turn(round-2) (pos #115)
  186.20s [s4:a4]          END   agent_turn(round-1) (2.20s)
  186.55s [s3:a1]          END   agent_turn(round-1) (2.20s)
  186.87s [s2:a1]          END   agent_turn(round-1) (2.25s)
  186.91s [s1:r2]          END   review_facts (5.86s)
  187.38s [s2:a0]          END   agent_turn(round-1) (1.96s)
  187.41s [s3:a2]          END   agent_turn(round-1) (1.99s)
  187.54s [s2:a4]          END   agent_turn(round-1) (1.77s)
  187.59s [s4:a1]          END   agent_turn(round-1) (2.17s)
  187.61s [s3:a4]          END   agent_turn(round-2) (1.53s)
  187.80s [s4:a2]          END   agent_turn(round-1) (2.48s)
  187.80s [s4:orch]        START synthesis (pos #116)
  187.85s [s2:a3]          END   agent_turn(round-1) (1.97s)
  187.85s [s2:orch]        START synthesis (pos #117)
  187.88s [s0:orch]        END   finalize (7.87s)
  [batch=0 session=0] done in 187.9s
  187.90s [s3:a0]          END   agent_turn(round-1) (2.48s)
  187.90s [s3:orch]        START synthesis (pos #118)
  189.23s [s1:r0]          END   review_citations (8.17s)
  189.23s [s1:orch]        START finalize (pos #119)
  193.00s [s2:orch]        END   synthesis (5.15s)
  193.00s [s2:r0]          START review_citations (pos #120)
  [MR] queue waiting 47.01s for capacity (next: s2:r1:review_style, pri=0.33)
  193.58s [s3:orch]        END   synthesis (5.68s)
  195.58s [s4:orch]        END   synthesis (7.78s)
  195.71s [s1:orch]        END   finalize (6.48s)
  [batch=0 session=1] done in 191.7s
  201.67s [s2:r0]          END   review_citations (8.67s)
  240.01s [s2:r1]          START review_style (pos #121)
  [MR] queue waiting 1.05s for capacity (next: s2:r2:review_facts, pri=0.50)
  241.06s [s2:r2]          START review_facts (pos #122)
  241.06s [s3:r0]          START review_citations (pos #123)
  241.06s [s3:r1]          START review_style (pos #124)
  241.06s [s3:r2]          START review_facts (pos #125)
  241.06s [s4:r0]          START review_citations (pos #126)
  [MR] queue waiting 0.78s for capacity (next: s4:r1:review_style, pri=0.33)
  241.84s [s4:r1]          START review_style (pos #127)
  [MR] queue waiting 0.34s for capacity (next: s4:r2:review_facts, pri=0.33)
  242.19s [s4:r2]          START review_facts (pos #128)
  244.05s [s2:r1]          END   review_style (4.04s)
  245.01s [s3:r1]          END   review_style (3.96s)
  248.29s [s2:r2]          END   review_facts (7.24s)
  248.29s [s2:orch]        START finalize (pos #129)
  248.93s [s4:r1]          END   review_style (7.08s)
  249.03s [s3:r2]          END   review_facts (7.97s)
  249.65s [s3:r0]          END   review_citations (8.59s)
  249.65s [s3:orch]        START finalize (pos #130)
  250.23s [s4:r0]          END   review_citations (9.18s)
  251.80s [s4:r2]          END   review_facts (9.61s)
  251.80s [s4:orch]        START finalize (pos #131)
  253.85s [s2:orch]        END   finalize (5.55s)
  [batch=0 session=2] done in 245.8s
  257.33s [s3:orch]        END   finalize (7.68s)
  [batch=0 session=3] done in 245.3s
  258.04s [s4:orch]        END   finalize (6.24s)
  [batch=0 session=4] done in 242.0s

============================================================
 BATCH 0 SUMMARY  (5 ok / 0 failed)
============================================================
  Session durations (successful):
    count  = 5
    mean   = 222.56s
    median = 242.04s
    p95    = 245.84s
    min    = 187.88s
    max    = 245.84s
    stdev  = 29.98s

============================================================
 BATCH 1: launching 5 sessions
 Arrival delays: 0.0s, 4.0s, 8.0s, 12.0s, 16.0s
============================================================
  258.04s [s5:orch]        START breakdown (pos #132)
  258.90s [s5:orch]        END   breakdown (0.86s)
  258.90s [s5:a0]          START agent_turn(round-0) (pos #133)
  258.90s [s5:a1]          START agent_turn(round-0) (pos #134)
  258.90s [s5:a2]          START agent_turn(round-0) (pos #135)
  258.90s [s5:a3]          START agent_turn(round-0) (pos #136)
  258.90s [s5:a4]          START agent_turn(round-0) (pos #137)
  259.63s [s5:a0]          END   agent_turn(round-0) (0.73s)
  259.63s [s5:a0]          START web_search(Mechanisms of action of CRISPR-Cas9 in g) (pos #138)
  259.64s [s5:a2]          END   agent_turn(round-0) (0.74s)
  259.64s [s5:a2]          START web_search(off-target effects and safety concerns o) (pos #139)
  259.65s [s5:a4]          END   agent_turn(round-0) (0.74s)
  259.65s [s5:a4]          START web_search(regulatory challenges and developmental ) (pos #140)
  259.66s [s5:a3]          END   agent_turn(round-0) (0.76s)
  259.66s [s5:a3]          START web_search(Applications of gene editing technologie) (pos #141)
  259.73s [s5:a1]          END   agent_turn(round-0) (0.82s)
  259.73s [s5:a1]          START web_search(efficiencies and specificities of CRISPR) (pos #142)
  261.43s [s5:a1]          END   web_search(efficiencies and specificities of CRISPR) (1.70s)
  261.43s [s5:a1]          START web_search(efficiencies and specificities of base e) (pos #143)
  261.61s [s5:a0]          END   web_search(Mechanisms of action of CRISPR-Cas9 in g) (1.98s)
  261.61s [s5:a0]          START web_search(Mechanisms of action of base editing in ) (pos #144)
  261.63s [s5:a4]          END   web_search(regulatory challenges and developmental ) (1.98s)
  261.63s [s5:a4]          START web_search(regulatory challenges and developmental ) (pos #145)
  261.95s [s5:a3]          END   web_search(Applications of gene editing technologie) (2.29s)
  261.95s [s5:a3]          START web_search(Use of gene therapy in specific genetic ) (pos #146)
  262.05s [s6:orch]        START breakdown (pos #147)
  262.55s [s5:a2]          END   web_search(off-target effects and safety concerns o) (2.90s)
  262.55s [s5:a2]          START web_search(off-target effects and safety concerns o) (pos #148)
  262.96s [s6:orch]        END   breakdown (0.91s)
  262.96s [s6:a0]          START agent_turn(round-0) (pos #149)
  262.96s [s6:a1]          START agent_turn(round-0) (pos #150)
  [MR] queue waiting 37.05s for capacity (next: s6:a2:agent_turn, pri=0.20)
  263.58s [s5:a1]          END   web_search(efficiencies and specificities of base e) (2.15s)
  263.65s [s6:a0]          END   agent_turn(round-0) (0.70s)
  263.83s [s5:a4]          END   web_search(regulatory challenges and developmental ) (2.20s)
  264.00s [s6:a1]          END   agent_turn(round-0) (1.04s)
  264.03s [s5:a0]          END   web_search(Mechanisms of action of base editing in ) (2.42s)
  264.71s [s5:a3]          END   web_search(Use of gene therapy in specific genetic ) (2.75s)
  264.95s [s5:a2]          END   web_search(off-target effects and safety concerns o) (2.41s)
  300.01s [s7:orch]        START breakdown (pos #161)
  [MR] queue waiting 1.05s for capacity (next: s8:orch:breakdown, pri=1.00)
  300.82s [s7:orch]        END   breakdown (0.81s)
  301.06s [s8:orch]        START breakdown (pos #162)
  301.06s [s9:orch]        START breakdown (pos #163)
  301.06s [s6:a2]          START agent_turn(round-0) (pos #151)
  301.06s [s6:a3]          START agent_turn(round-0) (pos #152)
  301.06s [s6:a4]          START agent_turn(round-0) (pos #153)
  [MR] queue waiting 0.78s for capacity (next: s5:a1:agent_turn, pri=0.20)
  301.77s [s6:a3]          END   agent_turn(round-0) (0.71s)
  301.77s [s9:orch]        END   breakdown (0.71s)
  301.77s [s8:orch]        END   breakdown (0.71s)
  301.79s [s6:a2]          END   agent_turn(round-0) (0.73s)
  301.84s [s5:a1]          START agent_turn(round-1) (pos #154)
  [MR] queue waiting 0.34s for capacity (next: s6:a0:web_search, pri=0.20)
  301.85s [s6:a4]          END   agent_turn(round-0) (0.79s)
  302.19s [s6:a0]          START web_search(Recent theoretical developments in quant) (pos #155)
  [MR] queue waiting 6.10s for capacity (next: s5:a4:agent_turn, pri=0.20)
  304.12s [s6:a0]          END   web_search(Recent theoretical developments in quant) (1.93s)
  304.50s [s5:a1]          END   agent_turn(round-1) (2.66s)
  308.30s [s5:a4]          START agent_turn(round-1) (pos #156)
  [MR] queue waiting 1.35s for capacity (next: s5:a0:agent_turn, pri=0.25)
  309.65s [s5:a0]          START agent_turn(round-1) (pos #158)
  [MR] queue waiting 2.15s for capacity (next: s5:a3:agent_turn, pri=0.25)
  311.80s [s5:a3]          START agent_turn(round-1) (pos #159)
  [MR] queue waiting 6.24s for capacity (next: s5:a2:agent_turn, pri=0.25)
  311.82s [s5:a4]          END   agent_turn(round-1) (3.52s)
  312.83s [s5:a0]          END   agent_turn(round-1) (3.18s)
  314.26s [s5:a3]          END   agent_turn(round-1) (2.46s)
  318.05s [s5:a2]          START agent_turn(round-1) (pos #160)
  [MR] queue waiting 0.86s for capacity (next: s6:a1:web_search, pri=0.20)
  318.90s [s6:a1]          START web_search(experimental implementations of quantum ) (pos #157)
  318.90s [s7:a0]          START agent_turn(round-0) (pos #164)
  318.90s [s7:a1]          START agent_turn(round-0) (pos #165)
  318.90s [s7:a2]          START agent_turn(round-0) (pos #166)
  318.90s [s7:a3]          START agent_turn(round-0) (pos #167)
  [MR] queue waiting 0.72s for capacity (next: s7:a4:agent_turn, pri=0.20)
  319.63s [s7:a4]          START agent_turn(round-0) (pos #168)
  [MR] queue waiting 0.10s for capacity (next: s6:a3:web_search, pri=0.20)
  319.68s [s7:a1]          END   agent_turn(round-0) (0.77s)
  319.73s [s6:a3]          START web_search(Comparative analysis of quantum error co) (pos #169)
  319.73s [s9:a0]          START agent_turn(round-0) (pos #170)
  319.73s [s9:a1]          START agent_turn(round-0) (pos #171)
  319.73s [s9:a2]          START agent_turn(round-0) (pos #172)
  [MR] queue waiting 1.69s for capacity (next: s9:a3:agent_turn, pri=0.20)
  319.75s [s5:a2]          END   agent_turn(round-1) (1.71s)
  319.76s [s7:a3]          END   agent_turn(round-0) (0.85s)
  320.20s [s7:a0]          END   agent_turn(round-0) (1.30s)
  320.26s [s7:a2]          END   agent_turn(round-0) (1.35s)
  320.38s [s7:a4]          END   agent_turn(round-0) (0.75s)
  320.41s [s9:a2]          END   agent_turn(round-0) (0.68s)
  320.48s [s9:a0]          END   agent_turn(round-0) (0.74s)
  320.54s [s9:a1]          END   agent_turn(round-0) (0.80s)
  321.13s [s6:a1]          END   web_search(experimental implementations of quantum ) (2.23s)
  321.43s [s5:orch]        START synthesis (pos #184)
  [MR] queue waiting 0.18s for capacity (next: s9:a3:agent_turn, pri=0.20)
  321.61s [s9:a3]          START agent_turn(round-0) (pos #173)
  [MR] queue waiting 0.10s for capacity (next: s9:a4:agent_turn, pri=0.20)
  321.71s [s9:a4]          START agent_turn(round-0) (pos #174)
  [MR] queue waiting 0.24s for capacity (next: s8:a0:agent_turn, pri=0.20)
  321.85s [s6:a3]          END   web_search(Comparative analysis of quantum error co) (2.12s)
  321.96s [s8:a0]          START agent_turn(round-0) (pos #175)
  [MR] queue waiting 0.10s for capacity (next: s8:a1:agent_turn, pri=0.20)
  322.06s [s8:a1]          START agent_turn(round-0) (pos #176)
  [MR] queue waiting 0.49s for capacity (next: s8:a2:agent_turn, pri=0.20)
  322.30s [s9:a3]          END   agent_turn(round-0) (0.69s)
  322.55s [s8:a2]          START agent_turn(round-0) (pos #177)
  [MR] queue waiting 0.41s for capacity (next: s8:a3:agent_turn, pri=0.20)
  322.70s [s8:a0]          END   agent_turn(round-0) (0.75s)
  322.82s [s8:a1]          END   agent_turn(round-0) (0.77s)
  322.96s [s8:a3]          START agent_turn(round-0) (pos #178)
  322.96s [s8:a4]          START agent_turn(round-0) (pos #179)
  [MR] queue waiting 37.05s for capacity (next: s6:a2:web_search, pri=0.20)
  323.17s [s8:a2]          END   agent_turn(round-0) (0.62s)
  323.34s [s9:a4]          END   agent_turn(round-0) (1.63s)
  323.95s [s8:a4]          END   agent_turn(round-0) (0.99s)
  323.96s [s8:a3]          END   agent_turn(round-0) (1.00s)
  326.65s [s5:orch]        END   synthesis (5.23s)
  360.01s [s5:r0]          START review_citations (pos #201)
  [MR] queue waiting 1.05s for capacity (next: s5:r1:review_style, pri=0.33)
  361.06s [s5:r1]          START review_style (pos #202)
  361.06s [s5:r2]          START review_facts (pos #203)
  361.06s [s6:a2]          START web_search(challenges and solutions in fault-tolera) (pos #180)
  361.06s [s6:a4]          START web_search(future directions and emerging technolog) (pos #181)
  361.06s [s6:a0]          START web_search(Mathematical frameworks for quantum erro) (pos #182)
  [MR] queue waiting 0.78s for capacity (next: s7:a1:web_search, pri=0.20)
  361.85s [s7:a1]          START web_search(impact of deep-sea mining on oceanic che) (pos #183)
  [MR] queue waiting 0.34s for capacity (next: s7:a3:web_search, pri=0.20)
  362.19s [s7:a3]          START web_search(Impact of deep-sea mining on carbon cycl) (pos #185)
  [MR] queue waiting 6.10s for capacity (next: s7:a0:web_search, pri=0.20)
  362.97s [s6:a4]          END   web_search(future directions and emerging technolog) (1.91s)
  363.99s [s6:a2]          END   web_search(challenges and solutions in fault-tolera) (2.93s)
  364.24s [s6:a0]          END   web_search(Mathematical frameworks for quantum erro) (3.18s)
  364.64s [s7:a1]          END   web_search(impact of deep-sea mining on oceanic che) (2.80s)
  365.56s [s7:a3]          END   web_search(Impact of deep-sea mining on carbon cycl) (3.37s)
  366.90s [s5:r1]          END   review_style (5.84s)
  367.82s [s5:r0]          END   review_citations (7.80s)
  368.30s [s7:a0]          START web_search(impact of deep-sea mining on ecosystems ) (pos #186)
  [MR] queue waiting 1.35s for capacity (next: s7:a2:web_search, pri=0.20)
  368.41s [s5:r2]          END   review_facts (7.35s)
  369.65s [s5:orch]        START finalize (pos #209)
  [MR] queue waiting 2.15s for capacity (next: s7:a2:web_search, pri=0.20)
  370.68s [s7:a0]          END   web_search(impact of deep-sea mining on ecosystems ) (2.38s)
  371.80s [s7:a2]          START web_search(potential for habitat destruction and bi) (pos #187)
  [MR] queue waiting 6.24s for capacity (next: s7:a4:web_search, pri=0.20)
  378.05s [s7:a4]          START web_search(mitigation strategies for environmental ) (pos #188)
  [MR] queue waiting 0.86s for capacity (next: s9:a2:web_search, pri=0.20)
  378.07s [s7:a2]          END   web_search(potential for habitat destruction and bi) (6.27s)
  378.91s [s9:a2]          START web_search(Impacts of deep-sea mining on fisheries ) (pos #189)
  378.91s [s9:a0]          START web_search(potential effects of deep-sea mining on ) (pos #190)
  378.91s [s9:a1]          START web_search(impact of deep-sea mining on ocean chemi) (pos #191)
  378.91s [s6:a1]          START web_search(progress and challenges of quantum error) (pos #192)
  378.91s [s6:a3]          START web_search(Overview of quantum error correction tec) (pos #193)
  [MR] queue waiting 0.72s for capacity (next: s9:a3:web_search, pri=0.20)
  379.63s [s9:a3]          START web_search(Deep-sea mining and greenhouse gas emiss) (pos #194)
  [MR] queue waiting 0.10s for capacity (next: s8:a0:web_search, pri=0.20)
  379.74s [s8:a0]          START web_search(Recent developments in quantum error cor) (pos #195)
  379.74s [s8:a1]          START web_search(impact of new fault-tolerance thresholds) (pos #196)
  379.74s [s8:a2]          START web_search(role of hardware-specific error models i) (pos #197)
  379.74s [s9:a4]          START web_search(long-term environmental risks of deep-se) (pos #198)
  [MR] queue waiting 1.69s for capacity (next: s8:a4:web_search, pri=0.20)
  380.50s [s7:a4]          END   web_search(mitigation strategies for environmental ) (2.45s)
  380.70s [s9:a2]          END   web_search(Impacts of deep-sea mining on fisheries ) (1.79s)
  380.88s [s6:a1]          END   web_search(progress and challenges of quantum error) (1.98s)
  380.93s [s9:a0]          END   web_search(potential effects of deep-sea mining on ) (2.02s)
  380.95s [s9:a1]          END   web_search(impact of deep-sea mining on ocean chemi) (2.04s)
  380.99s [s6:a3]          END   web_search(Overview of quantum error correction tec) (2.08s)
  381.43s [s8:a4]          START web_search(challenges in implementing scalable quan) (pos #199)
  [MR] queue waiting 0.18s for capacity (next: s8:a3:web_search, pri=0.20)
  381.61s [s8:a3]          START web_search(Machine learning techniques in quantum e) (pos #200)
  [MR] queue waiting 0.10s for capacity (next: s6:a4:web_search, pri=0.20)
  381.66s [s8:a0]          END   web_search(Recent developments in quantum error cor) (1.93s)
  381.72s [s6:a4]          START web_search(latest research on quantum error correct) (pos #204)
  [MR] queue waiting 0.24s for capacity (next: s6:a2:web_search, pri=0.20)
  381.82s [s9:a3]          END   web_search(Deep-sea mining and greenhouse gas emiss) (2.18s)
  381.96s [s6:a2]          START web_search(current research on fault-tolerant quant) (pos #205)
  [MR] queue waiting 0.10s for capacity (next: s6:a0:agent_turn, pri=0.20)
  382.06s [s6:a0]          START agent_turn(round-1) (pos #206)
  [MR] queue waiting 0.49s for capacity (next: s7:a1:web_search, pri=0.20)
  382.55s [s7:a1]          START web_search(effects of deep-sea mining on ocean phys) (pos #207)
  [MR] queue waiting 0.41s for capacity (next: s7:a3:web_search, pri=0.20)
  382.71s [s8:a2]          END   web_search(role of hardware-specific error models i) (2.97s)
  382.96s [s7:a3]          START web_search(How deep-sea mining affects carbon seque) (pos #208)
  382.96s [s7:a0]          START web_search(most affected ecosystems by deep-sea min) (pos #210)
  [MR] queue waiting 37.05s for capacity (next: s7:a2:web_search, pri=0.20)
  383.38s [s5:orch]        END   finalize (13.73s)
  [batch=1 session=5] done in 125.3s
  383.44s [s8:a1]          END   web_search(impact of new fault-tolerance thresholds) (3.70s)
  383.51s [s9:a4]          END   web_search(long-term environmental risks of deep-se) (3.78s)
  384.05s [s6:a4]          END   web_search(latest research on quantum error correct) (2.34s)
  384.12s [s8:a4]          END   web_search(challenges in implementing scalable quan) (2.70s)
  384.13s [s8:a3]          END   web_search(Machine learning techniques in quantum e) (2.51s)
  384.25s [s7:a1]          END   web_search(effects of deep-sea mining on ocean phys) (1.70s)
  384.44s [s6:a0]          END   agent_turn(round-1) (2.38s)
  385.11s [s6:a2]          END   web_search(current research on fault-tolerant quant) (3.15s)
  385.35s [s7:a0]          END   web_search(most affected ecosystems by deep-sea min) (2.39s)
  385.94s [s7:a3]          END   web_search(How deep-sea mining affects carbon seque) (2.98s)
  420.01s [s6:a1]          START agent_turn(round-1) (pos #214)
  [MR] queue waiting 1.05s for capacity (next: s6:a3:agent_turn, pri=0.25)
  421.06s [s6:a3]          START agent_turn(round-1) (pos #217)
  421.06s [s6:a4]          START agent_turn(round-1) (pos #223)
  421.06s [s6:a2]          START agent_turn(round-1) (pos #227)
  421.06s [s7:a2]          START web_search(impact of deep-sea mining on marine ecos) (pos #211)
  421.06s [s7:a4]          START web_search(policy measures for deep-sea mining envi) (pos #212)
  [MR] queue waiting 0.78s for capacity (next: s9:a2:web_search, pri=0.20)
  421.85s [s9:a2]          START web_search(Environmental and socio-economic effects) (pos #213)
  [MR] queue waiting 0.34s for capacity (next: s9:a0:web_search, pri=0.20)
  422.19s [s9:a0]          START web_search(environmental impact of deep-sea mining) (pos #215)
  [MR] queue waiting 6.11s for capacity (next: s9:a1:web_search, pri=0.20)
  422.79s [s6:a1]          END   agent_turn(round-1) (2.78s)
  422.81s [s7:a2]          END   web_search(impact of deep-sea mining on marine ecos) (1.75s)
  422.85s [s6:a4]          END   agent_turn(round-1) (1.79s)
  422.96s [s7:a4]          END   web_search(policy measures for deep-sea mining envi) (1.90s)
  423.85s [s6:a3]          END   agent_turn(round-1) (2.78s)
  424.01s [s9:a0]          END   web_search(environmental impact of deep-sea mining) (1.81s)
  424.14s [s9:a2]          END   web_search(Environmental and socio-economic effects) (2.29s)
  424.15s [s6:a2]          END   agent_turn(round-1) (3.09s)
  428.30s [s6:orch]        START synthesis (pos #234)
  [MR] queue waiting 1.35s for capacity (next: s9:a1:web_search, pri=0.20)
  429.65s [s9:a1]          START web_search(effects of deep-sea mining on marine eco) (pos #216)
  [MR] queue waiting 2.15s for capacity (next: s8:a0:web_search, pri=0.20)
  431.61s [s9:a1]          END   web_search(effects of deep-sea mining on marine eco) (1.96s)
  431.80s [s8:a0]          START web_search(Efficiency of quantum error correction c) (pos #218)
  [MR] queue waiting 6.24s for capacity (next: s9:a3:web_search, pri=0.20)
  433.91s [s6:orch]        END   synthesis (5.61s)
  433.94s [s8:a0]          END   web_search(Efficiency of quantum error correction c) (2.14s)
  438.05s [s6:r0]          START review_citations (pos #236)
  [MR] queue waiting 0.86s for capacity (next: s6:r1:review_style, pri=0.33)
  438.91s [s6:r1]          START review_style (pos #237)
  438.91s [s6:r2]          START review_facts (pos #238)
  438.91s [s9:a3]          START web_search(Impact of deep-sea mining on climate cha) (pos #219)
  438.91s [s8:a2]          START agent_turn(round-1) (pos #220)
  438.91s [s8:a1]          START web_search(recent developments in quantum fault-tol) (pos #221)
  [MR] queue waiting 0.72s for capacity (next: s9:a4:web_search, pri=0.20)
  439.63s [s9:a4]          START web_search(recovery prospects of deep-sea mining en) (pos #222)
  [MR] queue waiting 0.10s for capacity (next: s8:a4:web_search, pri=0.20)
  439.74s [s8:a4]          START web_search(current status and challenges of quantum) (pos #224)
  439.74s [s8:a3]          START web_search(Recent advancements in quantum error cor) (pos #225)
  439.74s [s7:a1]          START agent_turn(round-1) (pos #226)
  439.74s [s7:a0]          START agent_turn(round-1) (pos #228)
  [MR] queue waiting 1.69s for capacity (next: s7:a3:agent_turn, pri=0.20)
  440.72s [s9:a3]          END   web_search(Impact of deep-sea mining on climate cha) (1.82s)
  440.79s [s8:a1]          END   web_search(recent developments in quantum fault-tol) (1.88s)
  440.90s [s8:a2]          END   agent_turn(round-1) (1.99s)
  441.40s [s9:a4]          END   web_search(recovery prospects of deep-sea mining en) (1.77s)
  441.43s [s7:a3]          START agent_turn(round-1) (pos #229)
  [MR] queue waiting 0.18s for capacity (next: s7:a2:agent_turn, pri=0.20)
  441.61s [s8:a3]          END   web_search(Recent advancements in quantum error cor) (1.87s)
  441.61s [s7:a2]          START agent_turn(round-1) (pos #230)
  [MR] queue waiting 0.10s for capacity (next: s7:a4:agent_turn, pri=0.20)
  441.72s [s7:a4]          START agent_turn(round-1) (pos #231)
  [MR] queue waiting 0.24s for capacity (next: s9:a0:agent_turn, pri=0.20)
  441.96s [s7:a1]          END   agent_turn(round-1) (2.22s)
  441.96s [s9:a0]          START agent_turn(round-1) (pos #232)
  [MR] queue waiting 0.10s for capacity (next: s9:a2:agent_turn, pri=0.20)
  441.98s [s7:a0]          END   agent_turn(round-1) (2.25s)
  442.03s [s8:a4]          END   web_search(current status and challenges of quantum) (2.29s)
  442.06s [s9:a2]          START agent_turn(round-1) (pos #233)
  [MR] queue waiting 0.49s for capacity (next: s9:a1:agent_turn, pri=0.20)
  442.55s [s9:a1]          START agent_turn(round-1) (pos #235)
  [MR] queue waiting 0.41s for capacity (next: s8:a0:agent_turn, pri=0.20)
  442.96s [s8:a0]          START agent_turn(round-1) (pos #239)
  442.96s [s9:a3]          START agent_turn(round-1) (pos #240)
  [MR] queue waiting 37.05s for capacity (next: s8:a1:agent_turn, pri=0.20)
  443.02s [s7:a2]          END   agent_turn(round-1) (1.40s)
  443.39s [s7:a3]          END   agent_turn(round-1) (1.96s)
  444.05s [s9:a3]          END   agent_turn(round-1) (1.09s)
  444.27s [s7:a4]          END   agent_turn(round-1) (2.55s)
  444.30s [s9:a0]          END   agent_turn(round-1) (2.34s)
  444.31s [s9:a2]          END   agent_turn(round-1) (2.25s)
  445.13s [s8:a0]          END   agent_turn(round-1) (2.17s)
  445.43s [s6:r1]          END   review_style (6.52s)
  445.75s [s9:a1]          END   agent_turn(round-1) (3.19s)
  447.59s [s6:r0]          END   review_citations (9.54s)
  448.41s [s6:r2]          END   review_facts (9.50s)
  480.02s [s9:a4]          START agent_turn(round-1) (pos #243)
  [MR] queue waiting 1.05s for capacity (next: s7:orch:synthesis, pri=1.00)
  481.06s [s7:orch]        START synthesis (pos #246)
  481.06s [s6:orch]        START finalize (pos #247)
  481.06s [s8:a1]          START agent_turn(round-1) (pos #241)
  481.06s [s8:a2]          START summarize(len=730) (pos #242)
  481.06s [s8:a3]          START agent_turn(round-1) (pos #244)
  [MR] queue waiting 0.78s for capacity (next: s8:a4:agent_turn, pri=0.25)
  481.85s [s8:a4]          START agent_turn(round-1) (pos #245)
  481.91s [s8:a2]          END   summarize(len=730) (0.85s)
  [MR] queue waiting 0.28s for capacity (next: s8:a2:summarize, pri=0.25)
  482.09s [s9:a4]          END   agent_turn(round-1) (2.08s)
  482.20s [s9:orch]        START synthesis (pos #249)
  [MR] queue waiting 6.10s for capacity (next: s8:a2:summarize, pri=0.25)
  483.32s [s8:a3]          END   agent_turn(round-1) (2.25s)
  483.73s [s8:a1]          END   agent_turn(round-1) (2.67s)
  484.06s [s8:a4]          END   agent_turn(round-1) (2.21s)
  486.29s [s9:orch]        END   synthesis (4.10s)
  486.49s [s7:orch]        END   synthesis (5.42s)
  488.30s [s8:a2]          START summarize(len=632) (pos #248)
  [MR] queue waiting 1.35s for capacity (next: s9:r0:review_citations, pri=0.33)
  488.31s [s6:orch]        END   finalize (7.25s)
  [batch=1 session=6] done in 226.3s
  489.32s [s8:a2]          END   summarize(len=632) (1.01s)
  489.66s [s8:a2]          START agent_turn(round-2) (pos #256)
  [MR] queue waiting 2.15s for capacity (next: s9:r0:review_citations, pri=0.33)
  491.28s [s8:a2]          END   agent_turn(round-2) (1.62s)
  491.81s [s8:orch]        START synthesis (pos #257)
  [MR] queue waiting 6.24s for capacity (next: s9:r0:review_citations, pri=0.33)
  497.25s [s8:orch]        END   synthesis (5.45s)
  498.05s [s9:r0]          START review_citations (pos #250)
  [MR] queue waiting 0.86s for capacity (next: s9:r1:review_style, pri=0.33)
  498.91s [s9:r1]          START review_style (pos #251)
  498.91s [s9:r2]          START review_facts (pos #252)
  498.91s [s7:r0]          START review_citations (pos #253)
  498.91s [s7:r1]          START review_style (pos #254)
  498.91s [s7:r2]          START review_facts (pos #255)
  [MR] queue waiting 0.72s for capacity (next: s8:r0:review_citations, pri=0.33)
  499.64s [s8:r0]          START review_citations (pos #258)
  [MR] queue waiting 0.10s for capacity (next: s8:r1:review_style, pri=0.33)
  499.74s [s8:r1]          START review_style (pos #259)
  499.74s [s8:r2]          START review_facts (pos #260)
  502.24s [s7:r1]          END   review_style (3.33s)
  502.89s [s9:r1]          END   review_style (3.98s)
  505.19s [s7:r2]          END   review_facts (6.28s)
  505.27s [s8:r1]          END   review_style (5.53s)
  505.85s [s7:r0]          END   review_citations (6.94s)
  505.85s [s7:orch]        START finalize (pos #261)
  507.44s [s9:r2]          END   review_facts (8.53s)
  507.54s [s8:r0]          END   review_citations (7.91s)
  508.02s [s9:r0]          END   review_citations (9.97s)
  508.02s [s9:orch]        START finalize (pos #262)
  509.33s [s8:r2]          END   review_facts (9.60s)
  509.34s [s8:orch]        START finalize (pos #263)
  512.80s [s7:orch]        END   finalize (6.95s)
  [batch=1 session=7] done in 246.8s
  514.56s [s9:orch]        END   finalize (6.54s)
  [batch=1 session=9] done in 240.5s
  518.76s [s8:orch]        END   finalize (9.42s)
  [batch=1 session=8] done in 248.7s

============================================================
 BATCH 1 SUMMARY  (5 ok / 0 failed)
============================================================
  Session durations (successful):
    count  = 5
    mean   = 217.52s
    median = 240.51s
    p95    = 248.71s
    min    = 125.34s
    max    = 248.71s
    stdev  = 52.27s

============================================================
 BATCH 2: launching 5 sessions
 Arrival delays: 0.0s, 4.0s, 8.0s, 12.0s, 16.0s
============================================================
  518.76s [s10:orch]       START breakdown (pos #264)
  519.68s [s10:orch]       END   breakdown (0.92s)
  519.68s [s10:a0]         START agent_turn(round-0) (pos #265)
  519.68s [s10:a1]         START agent_turn(round-0) (pos #266)
  519.68s [s10:a2]         START agent_turn(round-0) (pos #267)
  519.68s [s10:a3]         START agent_turn(round-0) (pos #268)
  519.68s [s10:a4]         START agent_turn(round-0) (pos #269)
  520.50s [s10:a3]         END   agent_turn(round-0) (0.82s)
  520.50s [s10:a4]         END   agent_turn(round-0) (0.83s)
  520.51s [s10:a1]         END   agent_turn(round-0) (0.83s)
  520.51s [s10:a3]         START web_search(how language models assist in analyzing ) (pos #270)
  [MR] queue waiting 19.51s for capacity (next: s10:a4:web_search, pri=0.20)
  521.01s [s10:a0]         END   agent_turn(round-0) (1.33s)
  521.01s [s10:a2]         END   agent_turn(round-0) (1.33s)
  522.75s [s10:a3]         END   web_search(how language models assist in analyzing ) (2.24s)
  540.02s [s11:orch]       START breakdown (pos #276)
  [MR] queue waiting 1.05s for capacity (next: s12:orch:breakdown, pri=1.00)
  540.94s [s11:orch]       END   breakdown (0.93s)
  541.07s [s12:orch]       START breakdown (pos #277)
  541.07s [s13:orch]       START breakdown (pos #278)
  541.07s [s14:orch]       START breakdown (pos #279)
  541.07s [s10:a4]         START web_search(Ethical considerations and data biases i) (pos #271)
  541.07s [s10:a1]         START web_search(how large language models contribute to ) (pos #272)
  [MR] queue waiting 0.78s for capacity (next: s10:a0:web_search, pri=0.20)
  541.85s [s10:a0]         START web_search(applications of large language models in) (pos #273)
  [MR] queue waiting 0.34s for capacity (next: s10:a2:web_search, pri=0.20)
  541.93s [s13:orch]       END   breakdown (0.86s)
  542.17s [s12:orch]       END   breakdown (1.11s)
  542.20s [s10:a2]         START web_search(Advantages and limitations of using lang) (pos #274)
  [MR] queue waiting 6.10s for capacity (next: s10:a3:web_search, pri=0.20)
  542.92s [s14:orch]       END   breakdown (1.86s)
  543.43s [s10:a4]         END   web_search(Ethical considerations and data biases i) (2.37s)
  543.95s [s10:a1]         END   web_search(how large language models contribute to ) (2.88s)
  544.36s [s10:a0]         END   web_search(applications of large language models in) (2.51s)
  544.69s [s10:a2]         END   web_search(Advantages and limitations of using lang) (2.49s)
  548.30s [s10:a3]         START web_search(applications of language models in biome) (pos #275)
  [MR] queue waiting 1.35s for capacity (next: s11:a0:agent_turn, pri=0.20)
  549.66s [s11:a0]         START agent_turn(round-0) (pos #280)
  [MR] queue waiting 2.15s for capacity (next: s11:a1:agent_turn, pri=0.20)
  549.90s [s10:a3]         END   web_search(applications of language models in biome) (1.59s)
  550.40s [s11:a0]         END   agent_turn(round-0) (0.74s)
  551.81s [s11:a1]         START agent_turn(round-0) (pos #281)
  [MR] queue waiting 6.24s for capacity (next: s11:a2:agent_turn, pri=0.20)
  552.55s [s11:a1]         END   agent_turn(round-0) (0.74s)
  558.05s [s11:a2]         START agent_turn(round-0) (pos #282)
  [MR] queue waiting 0.86s for capacity (next: s11:a3:agent_turn, pri=0.20)
  558.84s [s11:a2]         END   agent_turn(round-0) (0.79s)
  558.91s [s11:a3]         START agent_turn(round-0) (pos #283)
  558.91s [s11:a4]         START agent_turn(round-0) (pos #284)
  558.91s [s13:a0]         START agent_turn(round-0) (pos #285)
  558.91s [s13:a1]         START agent_turn(round-0) (pos #286)
  558.91s [s13:a2]         START agent_turn(round-0) (pos #287)
  [MR] queue waiting 0.72s for capacity (next: s13:a3:agent_turn, pri=0.20)
  559.64s [s13:a3]         START agent_turn(round-0) (pos #288)
  [MR] queue waiting 0.10s for capacity (next: s13:a4:agent_turn, pri=0.20)
  559.64s [s11:a3]         END   agent_turn(round-0) (0.73s)
  559.66s [s13:a1]         END   agent_turn(round-0) (0.74s)
  559.66s [s13:a0]         END   agent_turn(round-0) (0.75s)
  559.69s [s11:a4]         END   agent_turn(round-0) (0.77s)
  559.72s [s13:a2]         END   agent_turn(round-0) (0.81s)
  559.74s [s13:a4]         START agent_turn(round-0) (pos #289)
  559.74s [s12:a0]         START agent_turn(round-0) (pos #290)
  [MR] queue waiting 6.11s for capacity (next: s12:a1:agent_turn, pri=0.20)
  560.40s [s13:a4]         END   agent_turn(round-0) (0.66s)
  560.50s [s13:a3]         END   agent_turn(round-0) (0.87s)
  561.17s [s12:a0]         END   agent_turn(round-0) (1.43s)
  565.85s [s12:a1]         START agent_turn(round-0) (pos #291)
  [MR] queue waiting 2.16s for capacity (next: s12:a2:agent_turn, pri=0.20)
  566.59s [s12:a1]         END   agent_turn(round-0) (0.73s)
  568.02s [s12:a2]         START agent_turn(round-0) (pos #292)
  [MR] queue waiting 1.31s for capacity (next: s12:a3:agent_turn, pri=0.20)
  568.73s [s12:a2]         END   agent_turn(round-0) (0.71s)
  569.34s [s12:a3]         START agent_turn(round-0) (pos #293)
  [MR] queue waiting 9.42s for capacity (next: s12:a4:agent_turn, pri=0.20)
  570.08s [s12:a3]         END   agent_turn(round-0) (0.74s)
  578.76s [s12:a4]         START agent_turn(round-0) (pos #294)
  [MR] queue waiting 0.92s for capacity (next: s14:a0:agent_turn, pri=0.20)
  579.48s [s12:a4]         END   agent_turn(round-0) (0.72s)
  579.68s [s14:a0]         START agent_turn(round-0) (pos #295)
  579.68s [s14:a1]         START agent_turn(round-0) (pos #296)
  579.68s [s14:a2]         START agent_turn(round-0) (pos #297)
  579.68s [s14:a3]         START agent_turn(round-0) (pos #298)
  579.68s [s14:a4]         START agent_turn(round-0) (pos #299)
  [MR] queue waiting 0.82s for capacity (next: s10:a4:web_search, pri=0.20)
  580.51s [s14:a0]         END   agent_turn(round-0) (0.82s)
  580.51s [s14:a3]         END   agent_turn(round-0) (0.83s)
  580.51s [s10:a4]         START web_search(How are data biases addressed when using) (pos #300)
  [MR] queue waiting 19.51s for capacity (next: s10:a1:web_search, pri=0.20)
  580.84s [s14:a4]         END   agent_turn(round-0) (1.16s)
  581.22s [s14:a2]         END   agent_turn(round-0) (1.54s)
  581.24s [s14:a1]         END   agent_turn(round-0) (1.56s)
  582.66s [s10:a4]         END   web_search(How are data biases addressed when using) (2.15s)
  600.02s [s10:a1]         START web_search(use of machine learning in drug-target i) (pos #301)
  [MR] queue waiting 1.05s for capacity (next: s10:a0:web_search, pri=0.20)
  601.07s [s10:a0]         START web_search(current use of large language models in ) (pos #302)
  601.07s [s10:a2]         START web_search(Traditional methods of de novo drug desi) (pos #303)
  601.07s [s10:a3]         START agent_turn(round-1) (pos #304)
  601.07s [s11:a0]         START web_search(Recent developments in quantum error cor) (pos #305)
  601.07s [s11:a1]         START web_search(Recent developments in experimental quan) (pos #306)
  [MR] queue waiting 0.78s for capacity (next: s11:a2:web_search, pri=0.20)
  601.85s [s11:a2]         START web_search(main challenges in scaling quantum error) (pos #307)
  [MR] queue waiting 0.34s for capacity (next: s11:a3:web_search, pri=0.20)
  602.20s [s11:a3]         START web_search(How do new algorithms and protocols impr) (pos #308)
  [MR] queue waiting 6.10s for capacity (next: s13:a1:web_search, pri=0.20)
  603.01s [s10:a1]         END   web_search(use of machine learning in drug-target i) (2.99s)
  603.13s [s10:a0]         END   web_search(current use of large language models in ) (2.07s)
  603.27s [s11:a0]         END   web_search(Recent developments in quantum error cor) (2.21s)
  603.38s [s10:a2]         END   web_search(Traditional methods of de novo drug desi) (2.31s)
  604.00s [s10:a3]         END   agent_turn(round-1) (2.93s)
  604.10s [s11:a2]         END   web_search(main challenges in scaling quantum error) (2.25s)
  604.57s [s11:a1]         END   web_search(Recent developments in experimental quan) (3.50s)
  604.62s [s11:a3]         END   web_search(How do new algorithms and protocols impr) (2.42s)
  608.30s [s10:a4]         START agent_turn(round-1) (pos #325)
  [MR] queue waiting 1.35s for capacity (next: s10:a1:agent_turn, pri=0.25)
  609.66s [s10:a1]         START agent_turn(round-1) (pos #326)
  [MR] queue waiting 2.15s for capacity (next: s10:a0:agent_turn, pri=0.25)
  610.51s [s10:a4]         END   agent_turn(round-1) (2.21s)
  611.46s [s10:a1]         END   agent_turn(round-1) (1.80s)
  611.81s [s10:a0]         START agent_turn(round-1) (pos #327)
  [MR] queue waiting 6.25s for capacity (next: s10:a2:agent_turn, pri=0.50)
  613.38s [s10:a0]         END   agent_turn(round-1) (1.57s)
  618.06s [s10:a2]         START agent_turn(round-1) (pos #329)
  [MR] queue waiting 0.86s for capacity (next: s13:a1:web_search, pri=0.20)
  618.91s [s13:a1]         START web_search(impact of current quantum hardware on qu) (pos #309)
  618.91s [s13:a0]         START web_search(Recent theoretical developments in quant) (pos #310)
  618.91s [s11:a4]         START web_search(Prospects and potential applications of ) (pos #311)
  618.91s [s13:a2]         START web_search(advancements in fault-tolerant quantum c) (pos #312)
  618.91s [s13:a4]         START web_search(challenges and prospects for scalable, r) (pos #313)
  [MR] queue waiting 0.73s for capacity (next: s13:a3:web_search, pri=0.20)
  619.64s [s13:a3]         START web_search(impact of novel error models and noise c) (pos #314)
  [MR] queue waiting 0.10s for capacity (next: s12:a0:web_search, pri=0.20)
  619.74s [s12:a0]         START web_search(recent advancements in quantum error cor) (pos #315)
  619.74s [s12:a1]         START web_search(Fault-tolerant architectures in quantum ) (pos #316)
  [MR] queue waiting 6.11s for capacity (next: s12:a2:web_search, pri=0.20)
  620.54s [s13:a2]         END   web_search(advancements in fault-tolerant quantum c) (1.63s)
  620.72s [s13:a0]         END   web_search(Recent theoretical developments in quant) (1.81s)
  620.89s [s10:a2]         END   agent_turn(round-1) (2.84s)
  620.93s [s13:a1]         END   web_search(impact of current quantum hardware on qu) (2.02s)
  621.36s [s13:a4]         END   web_search(challenges and prospects for scalable, r) (2.45s)
  621.36s [s11:a4]         END   web_search(Prospects and potential applications of ) (2.45s)
  621.39s [s12:a1]         END   web_search(Fault-tolerant architectures in quantum ) (1.64s)
  621.88s [s13:a3]         END   web_search(impact of novel error models and noise c) (2.24s)
  622.14s [s12:a0]         END   web_search(recent advancements in quantum error cor) (2.40s)
  625.86s [s10:orch]       START synthesis (pos #335)
  [MR] queue waiting 2.16s for capacity (next: s12:a2:web_search, pri=0.20)
  628.02s [s12:a2]         START web_search(Challenges and solutions for implementin) (pos #317)
  [MR] queue waiting 1.32s for capacity (next: s12:a3:web_search, pri=0.20)
  629.34s [s12:a3]         START web_search(hybrid error correction methods in quant) (pos #318)
  [MR] queue waiting 9.42s for capacity (next: s12:a4:web_search, pri=0.20)
  630.99s [s12:a2]         END   web_search(Challenges and solutions for implementin) (2.97s)
  631.09s [s10:orch]       END   synthesis (5.24s)
  631.40s [s12:a3]         END   web_search(hybrid error correction methods in quant) (2.06s)
  638.76s [s10:r0]         START review_citations (pos #343)
  [MR] queue waiting 0.92s for capacity (next: s10:r1:review_style, pri=0.33)
  639.68s [s10:r1]         START review_style (pos #344)
  639.68s [s10:r2]         START review_facts (pos #345)
  639.68s [s12:a4]         START web_search(Implications of recent advances in quant) (pos #319)
  639.68s [s14:a0]         START web_search(Molecular mechanisms of CRISPR-Cas9) (pos #320)
  639.68s [s14:a3]         START web_search(limitations and challenges of using CRIS) (pos #321)
  [MR] queue waiting 0.83s for capacity (next: s14:a4:web_search, pri=0.20)
  640.51s [s14:a4]         START web_search(Ethical, regulatory, and safety consider) (pos #322)
  [MR] queue waiting 19.51s for capacity (next: s14:a2:web_search, pri=0.20)
  641.93s [s12:a4]         END   web_search(Implications of recent advances in quant) (2.25s)
  641.97s [s14:a3]         END   web_search(limitations and challenges of using CRIS) (2.29s)
  642.20s [s14:a0]         END   web_search(Molecular mechanisms of CRISPR-Cas9) (2.52s)
  642.65s [s14:a4]         END   web_search(Ethical, regulatory, and safety consider) (2.14s)
  645.27s [s10:r2]         END   review_facts (5.59s)
  645.92s [s10:r0]         END   review_citations (7.16s)
  647.11s [s10:r1]         END   review_style (7.43s)
  660.02s [s10:orch]       START finalize (pos #351)
  [MR] queue waiting 1.05s for capacity (next: s14:a2:web_search, pri=0.20)
  661.07s [s14:a2]         START web_search(Impact of delivery methods on CRISPR-Cas) (pos #323)
  661.07s [s14:a1]         START web_search(Differences in efficiency, precision, an) (pos #324)
  661.07s [s11:a0]         START web_search(Theoretical foundations of quantum error) (pos #328)
  661.07s [s11:a2]         START web_search(quantum error correction scalability iss) (pos #330)
  661.07s [s11:a1]         START web_search(Advances in quantum error correction imp) (pos #331)
  [MR] queue waiting 0.79s for capacity (next: s11:a3:agent_turn, pri=0.20)
  661.85s [s11:a3]         START agent_turn(round-1) (pos #332)
  [MR] queue waiting 0.34s for capacity (next: s13:a2:web_search, pri=0.20)
  662.20s [s13:a2]         START web_search(latest research on quantum error correct) (pos #333)
  [MR] queue waiting 6.10s for capacity (next: s13:a0:web_search, pri=0.20)
  662.66s [s14:a1]         END   web_search(Differences in efficiency, precision, an) (1.59s)
  662.76s [s11:a1]         END   web_search(Advances in quantum error correction imp) (1.69s)
  662.86s [s11:a2]         END   web_search(quantum error correction scalability iss) (1.79s)
  663.04s [s14:a2]         END   web_search(Impact of delivery methods on CRISPR-Cas) (1.98s)
  663.12s [s11:a0]         END   web_search(Theoretical foundations of quantum error) (2.06s)
  663.35s [s11:a3]         END   agent_turn(round-1) (1.50s)
  664.41s [s13:a2]         END   web_search(latest research on quantum error correct) (2.21s)
  666.19s [s10:orch]       END   finalize (6.17s)
  [batch=2 session=10] done in 147.4s
  668.31s [s11:a4]         START web_search(Recent developments and future trends in) (pos #338)
  [MR] queue waiting 1.35s for capacity (next: s11:a1:agent_turn, pri=0.25)
  669.66s [s11:a1]         START agent_turn(round-1) (pos #353)
  [MR] queue waiting 2.15s for capacity (next: s11:a2:agent_turn, pri=0.25)
  670.22s [s11:a4]         END   web_search(Recent developments and future trends in) (1.91s)
  671.55s [s11:a1]         END   agent_turn(round-1) (1.88s)
  671.81s [s11:a2]         START agent_turn(round-1) (pos #354)
  [MR] queue waiting 6.25s for capacity (next: s11:a0:agent_turn, pri=0.33)
  673.29s [s11:a2]         END   agent_turn(round-1) (1.49s)
  678.06s [s11:a0]         START agent_turn(round-1) (pos #356)
  [MR] queue waiting 0.86s for capacity (next: s11:a4:agent_turn, pri=0.50)
  678.91s [s11:a4]         START agent_turn(round-1) (pos #358)
  678.91s [s13:a0]         START web_search(Underlying algorithms in quantum error c) (pos #334)
  678.91s [s13:a1]         START web_search(how hardware constraints influence quant) (pos #336)
  678.91s [s13:a4]         START web_search(current state of quantum error correctio) (pos #337)
  678.91s [s12:a1]         START web_search(How fault-tolerance improves robustness ) (pos #339)
  [MR] queue waiting 0.73s for capacity (next: s13:a3:web_search, pri=0.20)
  679.64s [s13:a3]         START web_search(quantum error correction and noise model) (pos #340)
  [MR] queue waiting 0.10s for capacity (next: s12:a0:web_search, pri=0.20)
  679.73s [s11:a0]         END   agent_turn(round-1) (1.67s)
  679.74s [s12:a0]         START web_search(efficiency of recent quantum error corre) (pos #341)
  679.74s [s12:a2]         START web_search(Quantum error correction techniques in d) (pos #342)
  [MR] queue waiting 6.11s for capacity (next: s12:a3:web_search, pri=0.20)
  680.65s [s13:a1]         END   web_search(how hardware constraints influence quant) (1.74s)
  680.96s [s11:a4]         END   agent_turn(round-1) (2.05s)
  680.98s [s13:a4]         END   web_search(current state of quantum error correctio) (2.06s)
  681.04s [s13:a0]         END   web_search(Underlying algorithms in quantum error c) (2.12s)
  681.05s [s12:a1]         END   web_search(How fault-tolerance improves robustness ) (2.14s)
  681.48s [s12:a0]         END   web_search(efficiency of recent quantum error corre) (1.74s)
  681.61s [s13:a3]         END   web_search(quantum error correction and noise model) (1.97s)
  682.19s [s12:a2]         END   web_search(Quantum error correction techniques in d) (2.44s)
  685.86s [s11:orch]       START synthesis (pos #360)
  [MR] queue waiting 2.17s for capacity (next: s12:a3:web_search, pri=0.20)
  688.02s [s12:a3]         START web_search(classical error correction techniques) (pos #346)
  [MR] queue waiting 1.32s for capacity (next: s12:a4:web_search, pri=0.20)
  689.34s [s12:a4]         START web_search(Quantum error correction and scalability) (pos #347)
  [MR] queue waiting 9.42s for capacity (next: s14:a3:web_search, pri=0.20)
  690.09s [s11:orch]       END   synthesis (4.23s)
  690.29s [s12:a3]         END   web_search(classical error correction techniques) (2.26s)
  692.03s [s12:a4]         END   web_search(Quantum error correction and scalability) (2.69s)
  698.76s [s11:r0]         START review_citations (pos #367)
  [MR] queue waiting 0.92s for capacity (next: s11:r1:review_style, pri=0.33)
  699.68s [s11:r1]         START review_style (pos #368)
  699.68s [s11:r2]         START review_facts (pos #369)
  699.68s [s14:a3]         START web_search(limitations and challenges of using base) (pos #348)
  699.68s [s14:a0]         START web_search(Molecular mechanisms of base editing tec) (pos #349)
  699.68s [s14:a4]         START web_search(Ethical, regulatory, and safety consider) (pos #350)
  [MR] queue waiting 0.83s for capacity (next: s14:a1:web_search, pri=0.20)
  700.51s [s14:a1]         START web_search(CRISPR-Cas9 vs base editing in gene ther) (pos #352)
  [MR] queue waiting 19.51s for capacity (next: s14:a2:web_search, pri=0.20)
  701.58s [s14:a4]         END   web_search(Ethical, regulatory, and safety consider) (1.90s)
  701.77s [s14:a3]         END   web_search(limitations and challenges of using base) (2.08s)
  702.10s [s14:a0]         END   web_search(Molecular mechanisms of base editing tec) (2.41s)
  702.98s [s14:a1]         END   web_search(CRISPR-Cas9 vs base editing in gene ther) (2.47s)
  704.09s [s11:r1]         END   review_style (4.40s)
  704.56s [s11:r2]         END   review_facts (4.87s)
  707.33s [s11:r0]         END   review_citations (8.57s)
  720.02s [s11:orch]       START finalize (pos #376)
  [MR] queue waiting 1.05s for capacity (next: s14:a2:web_search, pri=0.20)
  721.07s [s14:a2]         START web_search(Impact of delivery methods on base editi) (pos #355)
  721.07s [s13:a2]         START agent_turn(round-1) (pos #357)
  721.07s [s13:a1]         START agent_turn(round-1) (pos #359)
  721.07s [s13:a4]         START agent_turn(round-1) (pos #361)
  721.07s [s13:a0]         START agent_turn(round-1) (pos #362)
  [MR] queue waiting 0.79s for capacity (next: s12:a1:agent_turn, pri=0.20)
  721.86s [s12:a1]         START agent_turn(round-1) (pos #363)
  [MR] queue waiting 0.34s for capacity (next: s12:a0:agent_turn, pri=0.20)
  722.20s [s12:a0]         START agent_turn(round-1) (pos #364)
  [MR] queue waiting 6.11s for capacity (next: s13:a3:agent_turn, pri=0.20)
  722.48s [s14:a2]         END   web_search(Impact of delivery methods on base editi) (1.41s)
  723.17s [s13:a0]         END   agent_turn(round-1) (2.10s)
  723.18s [s12:a1]         END   agent_turn(round-1) (1.32s)
  723.51s [s12:a0]         END   agent_turn(round-1) (1.31s)
  723.53s [s13:a1]         END   agent_turn(round-1) (2.46s)
  723.95s [s13:a2]         END   agent_turn(round-1) (2.88s)
  724.48s [s13:a4]         END   agent_turn(round-1) (3.41s)
  725.41s [s11:orch]       END   finalize (5.38s)
  [batch=2 session=11] done in 202.6s
  728.31s [s13:a3]         START agent_turn(round-1) (pos #365)
  [MR] queue waiting 1.35s for capacity (next: s12:a2:agent_turn, pri=0.33)
  729.66s [s12:a2]         START agent_turn(round-1) (pos #366)
  [MR] queue waiting 2.15s for capacity (next: s12:a3:agent_turn, pri=0.33)
  730.19s [s13:a3]         END   agent_turn(round-1) (1.88s)
  731.81s [s13:orch]       START synthesis (pos #378)
  [MR] queue waiting 6.25s for capacity (next: s12:a3:agent_turn, pri=0.33)
  732.56s [s12:a2]         END   agent_turn(round-1) (2.90s)
  737.28s [s13:orch]       END   synthesis (5.47s)
  738.06s [s12:a3]         START agent_turn(round-1) (pos #370)
  [MR] queue waiting 0.86s for capacity (next: s12:a4:agent_turn, pri=0.50)
  738.92s [s12:a4]         START agent_turn(round-1) (pos #371)
  738.92s [s13:r0]         START review_citations (pos #379)
  738.92s [s13:r1]         START review_style (pos #380)
  738.92s [s13:r2]         START review_facts (pos #381)
  738.92s [s14:a4]         START agent_turn(round-1) (pos #372)
  [MR] queue waiting 0.73s for capacity (next: s14:a3:agent_turn, pri=0.20)
  739.64s [s14:a3]         START agent_turn(round-1) (pos #373)
  [MR] queue waiting 0.10s for capacity (next: s14:a0:agent_turn, pri=0.20)
  739.74s [s14:a0]         START agent_turn(round-1) (pos #374)
  739.74s [s14:a1]         START agent_turn(round-1) (pos #375)
  [MR] queue waiting 6.11s for capacity (next: s14:a2:agent_turn, pri=0.20)
  740.25s [s12:a3]         END   agent_turn(round-1) (2.19s)
  740.87s [s12:a4]         END   agent_turn(round-1) (1.95s)
  741.88s [s14:a4]         END   agent_turn(round-1) (2.97s)
  742.32s [s14:a0]         END   agent_turn(round-1) (2.57s)
  742.49s [s13:r1]         END   review_style (3.58s)
  742.49s [s14:a1]         END   agent_turn(round-1) (2.75s)
  742.68s [s14:a3]         END   agent_turn(round-1) (3.03s)
  745.86s [s14:a2]         START agent_turn(round-1) (pos #377)
  [MR] queue waiting 2.17s for capacity (next: s12:orch:synthesis, pri=1.00)
  746.17s [s13:r2]         END   review_facts (7.25s)
  747.65s [s14:a2]         END   agent_turn(round-1) (1.80s)
  748.02s [s12:orch]       START synthesis (pos #382)
  [MR] queue waiting 1.32s for capacity (next: s14:orch:synthesis, pri=1.00)
  748.21s [s13:r0]         END   review_citations (9.29s)
  749.34s [s14:orch]       START synthesis (pos #383)
  [MR] queue waiting 9.42s for capacity (next: s13:orch:finalize, pri=1.00)
  752.54s [s12:orch]       END   synthesis (4.52s)
  755.57s [s14:orch]       END   synthesis (6.23s)
  758.76s [s13:orch]       START finalize (pos #384)
  [MR] queue waiting 0.92s for capacity (next: s12:r0:review_citations, pri=0.33)
  759.68s [s12:r0]         START review_citations (pos #385)
  759.69s [s12:r1]         START review_style (pos #386)
  759.69s [s12:r2]         START review_facts (pos #387)
  759.69s [s14:r0]         START review_citations (pos #388)
  759.69s [s14:r1]         START review_style (pos #389)
  [MR] queue waiting 0.83s for capacity (next: s14:r2:review_facts, pri=0.33)
  760.51s [s14:r2]         START review_facts (pos #390)
  764.83s [s12:r1]         END   review_style (5.15s)
  766.57s [s12:r0]         END   review_citations (6.89s)
  767.08s [s14:r2]         END   review_facts (6.57s)
  767.09s [s12:r2]         END   review_facts (7.40s)
  [MR] queue waiting 12.93s for capacity (next: s12:orch:finalize, pri=1.00)
  767.11s [s14:r0]         END   review_citations (7.42s)
  767.20s [s14:r1]         END   review_style (7.51s)
  769.21s [s13:orch]       END   finalize (10.45s)
  [batch=2 session=13] done in 238.5s
  780.02s [s12:orch]       START finalize (pos #391)
  [MR] queue waiting 1.04s for capacity (next: s14:orch:finalize, pri=1.00)
  781.07s [s14:orch]       START finalize (pos #392)
  785.93s [s12:orch]       END   finalize (5.91s)
  [batch=2 session=12] done in 259.2s
  789.41s [s14:orch]       END   finalize (8.34s)
  [batch=2 session=14] done in 254.6s

============================================================
 BATCH 2 SUMMARY  (5 ok / 0 failed)
============================================================
  Session durations (successful):
    count  = 5
    mean   = 220.47s
    median = 238.45s
    p95    = 259.17s
    min    = 147.44s
    max    = 259.17s
    stdev  = 46.48s

======================================================================
 AGGREGATE SUMMARY  (15 ok / 0 failed)
======================================================================
  Session durations across all batches:
    count  = 15
    mean   = 220.18s
    median = 240.51s
    p95    = 259.17s
    p99    = 259.17s
    min    = 125.34s
    max    = 259.17s
    stdev  = 40.73s

  Cost:
  Total LLM calls:      392
  Total input tokens:   221,229
  Total output tokens:  149,572
  Total cost:           $0.0820 / $5.00
======================================================================


======================================================================
 TRACE SUMMARY
======================================================================
 Total wall time: 789.41s
 Total LLM calls: 392

 Per agent:
   s0:a0            4 calls, 7.07s LLM
   s0:a1            4 calls, 8.40s LLM
   s0:a2            4 calls, 6.92s LLM
   s0:a3            4 calls, 7.23s LLM
   s0:a4            4 calls, 7.59s LLM
   s0:orch          3 calls, 13.81s LLM
   s0:r0            1 calls, 7.35s LLM
   s0:r1            1 calls, 5.49s LLM
   s0:r2            1 calls, 7.66s LLM
   s10:a0           4 calls, 7.47s LLM
   s10:a1           4 calls, 8.49s LLM
   s10:a2           4 calls, 8.97s LLM
   s10:a3           4 calls, 7.59s LLM
   s10:a4           4 calls, 7.54s LLM
   s10:orch         3 calls, 12.33s LLM
   s10:r0           1 calls, 7.16s LLM
   s10:r1           1 calls, 7.43s LLM
   s10:r2           1 calls, 5.59s LLM
   s11:a0           4 calls, 6.67s LLM
   s11:a1           4 calls, 7.82s LLM
   s11:a2           4 calls, 6.31s LLM
   s11:a3           3 calls, 4.66s LLM
   s11:a4           4 calls, 7.18s LLM
   s11:orch         3 calls, 10.54s LLM
   s11:r0           1 calls, 8.57s LLM
   s11:r1           1 calls, 4.40s LLM
   s11:r2           1 calls, 4.87s LLM
   s12:a0           4 calls, 6.88s LLM
   s12:a1           4 calls, 5.83s LLM
   s12:a2           4 calls, 9.02s LLM
   s12:a3           4 calls, 7.25s LLM
   s12:a4           4 calls, 7.61s LLM
   s12:orch         3 calls, 11.53s LLM
   s12:r0           1 calls, 6.89s LLM
   s12:r1           1 calls, 5.15s LLM
   s12:r2           1 calls, 7.40s LLM
   s13:a0           4 calls, 6.78s LLM
   s13:a1           4 calls, 6.95s LLM
   s13:a2           4 calls, 7.53s LLM
   s13:a3           4 calls, 6.96s LLM
   s13:a4           4 calls, 8.58s LLM
   s13:orch         3 calls, 16.78s LLM
   s13:r0           1 calls, 9.29s LLM
   s13:r1           1 calls, 3.58s LLM
   s13:r2           1 calls, 7.25s LLM
   s14:a0           4 calls, 8.33s LLM
   s14:a1           4 calls, 8.37s LLM
   s14:a2           4 calls, 6.72s LLM
   s14:a3           4 calls, 8.23s LLM
   s14:a4           4 calls, 8.17s LLM
   s14:orch         3 calls, 16.42s LLM
   s14:r0           1 calls, 7.42s LLM
   s14:r1           1 calls, 7.51s LLM
   s14:r2           1 calls, 6.57s LLM
   s1:a0            4 calls, 7.33s LLM
   s1:a1            4 calls, 6.57s LLM
   s1:a2            4 calls, 7.70s LLM
   s1:a3            4 calls, 6.54s LLM
   s1:a4            4 calls, 7.66s LLM
   s1:orch          3 calls, 11.87s LLM
   s1:r0            1 calls, 8.17s LLM
   s1:r1            1 calls, 3.64s LLM
   s1:r2            1 calls, 5.86s LLM
   s2:a0            4 calls, 6.29s LLM
   s2:a1            4 calls, 7.52s LLM
   s2:a2            3 calls, 5.22s LLM
   s2:a3            4 calls, 7.48s LLM
   s2:a4            4 calls, 6.86s LLM
   s2:orch          3 calls, 11.61s LLM
   s2:r0            1 calls, 8.67s LLM
   s2:r1            1 calls, 4.04s LLM
   s2:r2            1 calls, 7.24s LLM
   s3:a0            4 calls, 9.48s LLM
   s3:a1            4 calls, 7.45s LLM
   s3:a2            4 calls, 6.75s LLM
   s3:a3            4 calls, 6.70s LLM
   s3:a4            6 calls, 7.24s LLM
   s3:orch          3 calls, 14.25s LLM
   s3:r0            1 calls, 8.59s LLM
   s3:r1            1 calls, 3.96s LLM
   s3:r2            1 calls, 7.97s LLM
   s4:a0            4 calls, 8.04s LLM
   s4:a1            4 calls, 9.13s LLM
   s4:a2            4 calls, 9.60s LLM
   s4:a3            4 calls, 8.08s LLM
   s4:a4            4 calls, 8.08s LLM
   s4:orch          3 calls, 14.88s LLM
   s4:r0            1 calls, 9.18s LLM
   s4:r1            1 calls, 7.08s LLM
   s4:r2            1 calls, 9.61s LLM
   s5:a0            4 calls, 8.30s LLM
   s5:a1            4 calls, 7.33s LLM
   s5:a2            4 calls, 7.76s LLM
   s5:a3            4 calls, 8.26s LLM
   s5:a4            4 calls, 8.45s LLM
   s5:orch          3 calls, 19.81s LLM
   s5:r0            1 calls, 7.80s LLM
   s5:r1            1 calls, 5.84s LLM
   s5:r2            1 calls, 7.35s LLM
   s6:a0            4 calls, 8.19s LLM
   s6:a1            4 calls, 8.02s LLM
   s6:a2            4 calls, 9.90s LLM
   s6:a3            4 calls, 7.69s LLM
   s6:a4            4 calls, 6.83s LLM
   s6:orch          3 calls, 13.77s LLM
   s6:r0            1 calls, 9.54s LLM
   s6:r1            1 calls, 6.52s LLM
   s6:r2            1 calls, 9.50s LLM
   s7:a0            4 calls, 8.31s LLM
   s7:a1            4 calls, 7.49s LLM
   s7:a2            4 calls, 10.77s LLM
   s7:a3            4 calls, 9.16s LLM
   s7:a4            4 calls, 7.65s LLM
   s7:orch          3 calls, 13.18s LLM
   s7:r0            1 calls, 6.94s LLM
   s7:r1            1 calls, 3.33s LLM
   s7:r2            1 calls, 6.28s LLM
   s8:a0            4 calls, 6.98s LLM
   s8:a1            4 calls, 9.02s LLM
   s8:a2            6 calls, 9.07s LLM
   s8:a3            4 calls, 7.63s LLM
   s8:a4            4 calls, 8.19s LLM
   s8:orch          3 calls, 15.58s LLM
   s8:r0            1 calls, 7.91s LLM
   s8:r1            1 calls, 5.53s LLM
   s8:r2            1 calls, 9.60s LLM
   s9:a0            4 calls, 6.91s LLM
   s9:a1            4 calls, 8.00s LLM
   s9:a2            4 calls, 7.01s LLM
   s9:a3            4 calls, 5.78s LLM
   s9:a4            4 calls, 9.25s LLM
   s9:orch          3 calls, 11.35s LLM
   s9:r0            1 calls, 9.97s LLM
   s9:r1            1 calls, 3.98s LLM
   s9:r2            1 calls, 8.53s LLM

 Per call type:
   agent_turn       152 calls, 238.98s total
   breakdown        15 calls, 14.72s total
   finalize         15 calls, 113.97s total
   review_citations 15 calls, 123.45s total
   review_facts     15 calls, 111.27s total
   review_style     15 calls, 77.48s total
   summarize        4 calls, 3.26s total
   synthesis        15 calls, 79.03s total
   web_search       146 calls, 332.61s total

 Queue stats:
   Queued calls: 392/392

 Total LLM time (sum): 1094.77s
 Wall time:            789.41s
 Parallelism ratio:    1.4x

======================================================================
 TIMELINE
======================================================================
   0.0s |#                                                           |   1.0s  s0:orch:breakdown
   1.1s |#                                                           |   1.8s  s0:a0:agent_turn(round-0)
   1.1s |#                                                           |   3.3s  s0:a1:agent_turn(round-0)
   1.1s |#                                                           |   2.4s  s0:a2:agent_turn(round-0)
   1.1s |#                                                           |   2.2s  s0:a3:agent_turn(round-0)
   1.1s |#                                                           |   2.2s  s0:a4:agent_turn(round-0)
   1.8s |#                                                           |   3.5s  s0:a0:web_search(Recent developments )
   2.2s |#                                                           |   4.1s  s0:a4:web_search(remaining challenges)
   2.2s |#                                                           |   4.6s  s0:a3:web_search(Recent advances in q)
   2.4s |#                                                           |   4.3s  s0:a2:web_search(new techniques to de)
   3.3s |#                                                           |   5.3s  s0:a1:web_search(Recent advancements )
   3.5s |#                                                           |   5.8s  s0:a0:web_search(Effectiveness of new)
   4.0s |#                                                           |   5.3s  s1:orch:breakdown
   4.1s |#                                                           |   5.8s  s0:a4:web_search(future directions in)
   4.3s |#                                                           |   6.2s  s0:a2:web_search(advances in quantum )
   4.6s |#                                                           |   6.1s  s0:a3:web_search(Design and performan)
   5.3s |#                                                           |   7.1s  s0:a1:web_search(Improvements in quan)
   5.3s |#                                                           |   6.2s  s1:a0:agent_turn(round-0)
   5.3s |#                                                           |   6.0s  s1:a1:agent_turn(round-0)
   5.3s |#                                                           |   6.0s  s1:a2:agent_turn(round-0)
   5.3s |#                                                           |   6.2s  s1:a3:agent_turn(round-0)
   5.3s |#                                                           |   6.2s  s1:a4:agent_turn(round-0)
   5.8s |#                                                           |   8.6s  s0:a4:agent_turn(round-1)
   5.8s |#                                                           |   8.1s  s0:a0:agent_turn(round-1)
   6.0s |#                                                           |   7.9s  s1:a1:web_search(Recent experimental )
   6.0s |#                                                           |   8.4s  s1:a2:web_search(novel physical qubit)
   6.1s |#                                                           |   8.3s  s0:a3:agent_turn(round-1)
   6.2s |#                                                           |   8.0s  s0:a2:agent_turn(round-1)
   6.2s |#                                                           |   7.9s  s1:a3:web_search(current quantum erro)
   6.2s |#                                                           |   8.2s  s1:a4:web_search(Challenges and futur)
  60.0s |    #                                                       |  62.4s  s0:a1:agent_turn(round-1)
  61.1s |    #                                                       |  62.0s  s2:orch:breakdown
  61.1s |    #                                                       |  61.9s  s3:orch:breakdown
  61.1s |    #                                                       |  61.9s  s4:orch:breakdown
  61.1s |    #                                                       |  62.9s  s1:a0:web_search(Recent developments )
  61.1s |    #                                                       |  62.9s  s1:a3:web_search(quantum error correc)
  61.8s |    #                                                       |  63.6s  s1:a1:web_search(Advances in quantum )
  62.2s |    #                                                       |  64.4s  s1:a4:web_search(Recent advancements )
  62.3s |    #                                                       |  65.0s  s1:a2:web_search(latest developments )
  62.4s |    #                                                       |  67.3s  s0:orch:synthesis
  63.3s |    #                                                       |  63.9s  s4:a0:agent_turn(round-0)
  63.5s |    #                                                       |  64.3s  s4:a1:agent_turn(round-0)
  64.0s |    #                                                       |  64.8s  s4:a2:agent_turn(round-0)
  64.1s |    #                                                       |  64.9s  s4:a3:agent_turn(round-0)
  64.3s |    #                                                       |  65.1s  s4:a4:agent_turn(round-0)
  64.6s |    #                                                       |  65.8s  s3:a0:agent_turn(round-0)
  65.3s |    #                                                       |  66.2s  s3:a1:agent_turn(round-0)
  65.4s |    #                                                       |  66.2s  s3:a2:agent_turn(round-0)
  65.4s |    #                                                       |  66.2s  s3:a3:agent_turn(round-0)
  65.4s |    #                                                       |  66.0s  s3:a4:agent_turn(round-0)
  65.4s |    #                                                       |  66.3s  s2:a0:agent_turn(round-0)
  65.4s |    #                                                       |  66.1s  s2:a1:agent_turn(round-0)
  65.8s |    #                                                       |  66.6s  s2:a2:agent_turn(round-0)
  65.9s |     #                                                      |  66.6s  s2:a3:agent_turn(round-0)
  66.0s |     #                                                      |  66.8s  s2:a4:agent_turn(round-0)
  66.1s |     #                                                      |  68.3s  s1:a3:agent_turn(round-1)
  66.1s |     #                                                      |  68.3s  s1:a0:web_search(Quantum error correc)
  66.2s |     #                                                      |  68.4s  s1:a1:agent_turn(round-1)
  66.2s |     #                                                      |  68.5s  s4:a0:web_search(Molecular mechanisms)
  66.2s |     #                                                      |  68.3s  s4:a1:web_search(CRISPR-Cas9 vs base )
 120.0s |         #                                                  | 122.6s  s1:a4:agent_turn(round-1)
 121.1s |         #                                                  | 123.1s  s1:a2:agent_turn(round-1)
 121.1s |         #                                                  | 128.4s  s0:r0:review_citations
 121.1s |         #                                                  | 126.5s  s0:r1:review_style
 121.1s |         #                                                  | 128.7s  s0:r2:review_facts
 121.1s |         #                                                  | 123.5s  s1:a0:agent_turn(round-1)
 121.8s |         #                                                  | 125.2s  s4:a2:web_search(Safety profiles and )
 122.2s |         #                                                  | 125.0s  s4:a3:web_search(limitations and chal)
 122.3s |         #                                                  | 124.8s  s4:a4:web_search(Applications and fut)
 122.4s |         #                                                  | 125.1s  s3:a0:web_search(Fundamental mechanis)
 123.3s |         #                                                  | 125.9s  s3:a4:web_search(ethical safety regul)
 123.5s |         #                                                  | 127.6s  s1:orch:synthesis
 124.0s |         #                                                  | 125.9s  s2:a1:web_search(main technical chall)
 124.1s |         #                                                  | 126.0s  s3:a1:web_search(Comparison of CRISPR)
 124.4s |         #                                                  | 126.5s  s3:a3:web_search(Delivery methods and)
 124.6s |         #                                                  | 127.0s  s3:a2:web_search(therapeutic applicat)
 125.3s |         #                                                  | 126.8s  s2:a0:web_search(latest advancements )
 125.4s |         #                                                  | 128.7s  s2:a3:web_search(Materials needed for)
 125.4s |         #                                                  | 128.1s  s2:a2:web_search(Current status of fu)
 125.4s |         #                                                  | 127.5s  s2:a4:web_search(economic implication)
 125.4s |         #                                                  | 129.6s  s4:a1:web_search(Comparison of CRISPR)
 125.4s |         #                                                  | 127.4s  s4:a0:web_search(Molecular mechanisms)
 125.8s |         #                                                  | 128.4s  s4:a4:web_search(Use of gene editing )
 125.9s |         #                                                  | 128.1s  s4:a3:web_search(current challenges i)
 126.0s |         #                                                  | 129.2s  s3:a0:web_search(Fundamental mechanis)
 126.1s |         #                                                  | 129.0s  s4:a2:web_search(Recent research on o)
 126.1s |         #                                                  | 127.3s  s3:a4:agent_turn(round-1)
 126.2s |         #                                                  | 128.9s  s2:a1:web_search(limitations facing p)
 126.2s |         #                                                  | 128.8s  s3:a1:web_search(CRISPR-Cas9 vs base )
 126.5s |         #                                                  | 128.4s  s3:a3:web_search(Delivery methods and)
 180.0s |             #                                              | 187.9s  s0:orch:finalize
 181.1s |             #                                              | 189.2s  s1:r0:review_citations
 181.1s |             #                                              | 184.7s  s1:r1:review_style
 181.1s |             #                                              | 186.9s  s1:r2:review_facts
 181.1s |             #                                              | 183.0s  s2:a0:web_search(recent breakthroughs)
 181.1s |             #                                              | 182.6s  s3:a2:web_search(limitations of CRISP)
 181.8s |             #                                              | 182.6s  s3:a4:summarize(len=417)
 182.2s |             #                                              | 185.4s  s4:a0:agent_turn(round-1)
 182.3s |             #                                              | 184.5s  s2:a4:web_search(environmental implic)
 182.4s |             #                                              | 184.7s  s4:a3:agent_turn(round-1)
 183.3s |             #                                              | 185.0s  s2:a2:agent_turn(round-1)
 183.5s |             #                                              | 185.3s  s3:a3:agent_turn(round-1)
 184.0s |             #                                              | 186.2s  s4:a4:agent_turn(round-1)
 184.1s |             #                                              | 185.7s  s2:a3:web_search(Safety protocols for)
 184.4s |              #                                             | 186.6s  s3:a1:agent_turn(round-1)
 184.6s |              #                                             | 186.9s  s2:a1:agent_turn(round-1)
 185.3s |              #                                             | 187.8s  s4:a2:agent_turn(round-1)
 185.4s |              #                                             | 187.6s  s4:a1:agent_turn(round-1)
 185.4s |              #                                             | 187.9s  s3:a0:agent_turn(round-1)
 185.4s |              #                                             | 187.4s  s3:a2:agent_turn(round-1)
 185.4s |              #                                             | 186.1s  s3:a4:summarize(len=461)
 185.4s |              #                                             | 187.4s  s2:a0:agent_turn(round-1)
 185.8s |              #                                             | 187.5s  s2:a4:agent_turn(round-1)
 185.9s |              #                                             | 187.9s  s2:a3:agent_turn(round-1)
 186.1s |              #                                             | 187.6s  s3:a4:agent_turn(round-2)
 187.8s |              #                                             | 195.6s  s4:orch:synthesis
 187.9s |              #                                             | 193.0s  s2:orch:synthesis
 187.9s |              #                                             | 193.6s  s3:orch:synthesis
 189.2s |              #                                             | 195.7s  s1:orch:finalize
 193.0s |              #                                             | 201.7s  s2:r0:review_citations
 240.0s |                  #                                         | 244.0s  s2:r1:review_style
 241.1s |                  #                                         | 248.3s  s2:r2:review_facts
 241.1s |                  #                                         | 249.6s  s3:r0:review_citations
 241.1s |                  #                                         | 245.0s  s3:r1:review_style
 241.1s |                  #                                         | 249.0s  s3:r2:review_facts
 241.1s |                  #                                         | 250.2s  s4:r0:review_citations
 241.8s |                  #                                         | 248.9s  s4:r1:review_style
 242.2s |                  #                                         | 251.8s  s4:r2:review_facts
 248.3s |                  #                                         | 253.8s  s2:orch:finalize
 249.6s |                  #                                         | 257.3s  s3:orch:finalize
 251.8s |                   #                                        | 258.0s  s4:orch:finalize
 258.0s |                   #                                        | 258.9s  s5:orch:breakdown
 258.9s |                   #                                        | 259.6s  s5:a0:agent_turn(round-0)
 258.9s |                   #                                        | 259.7s  s5:a1:agent_turn(round-0)
 258.9s |                   #                                        | 259.6s  s5:a2:agent_turn(round-0)
 258.9s |                   #                                        | 259.7s  s5:a3:agent_turn(round-0)
 258.9s |                   #                                        | 259.6s  s5:a4:agent_turn(round-0)
 259.6s |                   #                                        | 261.6s  s5:a0:web_search(Mechanisms of action)
 259.6s |                   #                                        | 262.5s  s5:a2:web_search(off-target effects a)
 259.6s |                   #                                        | 261.6s  s5:a4:web_search(regulatory challenge)
 259.7s |                   #                                        | 262.0s  s5:a3:web_search(Applications of gene)
 259.7s |                   #                                        | 261.4s  s5:a1:web_search(efficiencies and spe)
 261.4s |                   #                                        | 263.6s  s5:a1:web_search(efficiencies and spe)
 261.6s |                   #                                        | 264.0s  s5:a0:web_search(Mechanisms of action)
 261.6s |                   #                                        | 263.8s  s5:a4:web_search(regulatory challenge)
 262.0s |                   #                                        | 264.7s  s5:a3:web_search(Use of gene therapy )
 262.0s |                   #                                        | 263.0s  s6:orch:breakdown
 262.5s |                   #                                        | 265.0s  s5:a2:web_search(off-target effects a)
 263.0s |                   #                                        | 263.7s  s6:a0:agent_turn(round-0)
 263.0s |                   #                                        | 264.0s  s6:a1:agent_turn(round-0)
 300.0s |                      #                                     | 300.8s  s7:orch:breakdown
 301.1s |                      #                                     | 301.8s  s8:orch:breakdown
 301.1s |                      #                                     | 301.8s  s9:orch:breakdown
 301.1s |                      #                                     | 301.8s  s6:a2:agent_turn(round-0)
 301.1s |                      #                                     | 301.8s  s6:a3:agent_turn(round-0)
 301.1s |                      #                                     | 301.8s  s6:a4:agent_turn(round-0)
 301.8s |                      #                                     | 304.5s  s5:a1:agent_turn(round-1)
 302.2s |                      #                                     | 304.1s  s6:a0:web_search(Recent theoretical d)
 308.3s |                       #                                    | 311.8s  s5:a4:agent_turn(round-1)
 309.6s |                       #                                    | 312.8s  s5:a0:agent_turn(round-1)
 311.8s |                       #                                    | 314.3s  s5:a3:agent_turn(round-1)
 318.0s |                        #                                   | 319.8s  s5:a2:agent_turn(round-1)
 318.9s |                        #                                   | 321.1s  s6:a1:web_search(experimental impleme)
 318.9s |                        #                                   | 320.2s  s7:a0:agent_turn(round-0)
 318.9s |                        #                                   | 319.7s  s7:a1:agent_turn(round-0)
 318.9s |                        #                                   | 320.3s  s7:a2:agent_turn(round-0)
 318.9s |                        #                                   | 319.8s  s7:a3:agent_turn(round-0)
 319.6s |                        #                                   | 320.4s  s7:a4:agent_turn(round-0)
 319.7s |                        #                                   | 321.9s  s6:a3:web_search(Comparative analysis)
 319.7s |                        #                                   | 320.5s  s9:a0:agent_turn(round-0)
 319.7s |                        #                                   | 320.5s  s9:a1:agent_turn(round-0)
 319.7s |                        #                                   | 320.4s  s9:a2:agent_turn(round-0)
 321.4s |                        #                                   | 326.7s  s5:orch:synthesis
 321.6s |                        #                                   | 322.3s  s9:a3:agent_turn(round-0)
 321.7s |                        #                                   | 323.3s  s9:a4:agent_turn(round-0)
 322.0s |                        #                                   | 322.7s  s8:a0:agent_turn(round-0)
 322.1s |                        #                                   | 322.8s  s8:a1:agent_turn(round-0)
 322.5s |                        #                                   | 323.2s  s8:a2:agent_turn(round-0)
 323.0s |                        #                                   | 324.0s  s8:a3:agent_turn(round-0)
 323.0s |                        #                                   | 324.0s  s8:a4:agent_turn(round-0)
 360.0s |                           #                                | 367.8s  s5:r0:review_citations
 361.1s |                           #                                | 366.9s  s5:r1:review_style
 361.1s |                           #                                | 368.4s  s5:r2:review_facts
 361.1s |                           #                                | 364.0s  s6:a2:web_search(challenges and solut)
 361.1s |                           #                                | 363.0s  s6:a4:web_search(future directions an)
 361.1s |                           #                                | 364.2s  s6:a0:web_search(Mathematical framewo)
 361.8s |                           #                                | 364.6s  s7:a1:web_search(impact of deep-sea m)
 362.2s |                           #                                | 365.6s  s7:a3:web_search(Impact of deep-sea m)
 368.3s |                           #                                | 370.7s  s7:a0:web_search(impact of deep-sea m)
 369.7s |                            #                               | 383.4s  s5:orch:finalize
 371.8s |                            #                               | 378.1s  s7:a2:web_search(potential for habita)
 378.0s |                            #                               | 380.5s  s7:a4:web_search(mitigation strategie)
 378.9s |                            #                               | 380.7s  s9:a2:web_search(Impacts of deep-sea )
 378.9s |                            #                               | 380.9s  s9:a0:web_search(potential effects of)
 378.9s |                            #                               | 380.9s  s9:a1:web_search(impact of deep-sea m)
 378.9s |                            #                               | 380.9s  s6:a1:web_search(progress and challen)
 378.9s |                            #                               | 381.0s  s6:a3:web_search(Overview of quantum )
 379.6s |                            #                               | 381.8s  s9:a3:web_search(Deep-sea mining and )
 379.7s |                            #                               | 381.7s  s8:a0:web_search(Recent developments )
 379.7s |                            #                               | 383.4s  s8:a1:web_search(impact of new fault-)
 379.7s |                            #                               | 382.7s  s8:a2:web_search(role of hardware-spe)
 379.7s |                            #                               | 383.5s  s9:a4:web_search(long-term environmen)
 381.4s |                            #                               | 384.1s  s8:a4:web_search(challenges in implem)
 381.6s |                             #                              | 384.1s  s8:a3:web_search(Machine learning tec)
 381.7s |                             #                              | 384.1s  s6:a4:web_search(latest research on q)
 382.0s |                             #                              | 385.1s  s6:a2:web_search(current research on )
 382.1s |                             #                              | 384.4s  s6:a0:agent_turn(round-1)
 382.6s |                             #                              | 384.2s  s7:a1:web_search(effects of deep-sea )
 383.0s |                             #                              | 385.9s  s7:a3:web_search(How deep-sea mining )
 383.0s |                             #                              | 385.4s  s7:a0:web_search(most affected ecosys)
 420.0s |                               #                            | 422.8s  s6:a1:agent_turn(round-1)
 421.1s |                                #                           | 423.8s  s6:a3:agent_turn(round-1)
 421.1s |                                #                           | 422.9s  s6:a4:agent_turn(round-1)
 421.1s |                                #                           | 424.1s  s6:a2:agent_turn(round-1)
 421.1s |                                #                           | 422.8s  s7:a2:web_search(impact of deep-sea m)
 421.1s |                                #                           | 423.0s  s7:a4:web_search(policy measures for )
 421.8s |                                #                           | 424.1s  s9:a2:web_search(Environmental and so)
 422.2s |                                #                           | 424.0s  s9:a0:web_search(environmental impact)
 428.3s |                                #                           | 433.9s  s6:orch:synthesis
 429.7s |                                #                           | 431.6s  s9:a1:web_search(effects of deep-sea )
 431.8s |                                #                           | 433.9s  s8:a0:web_search(Efficiency of quantu)
 438.0s |                                 #                          | 447.6s  s6:r0:review_citations
 438.9s |                                 #                          | 445.4s  s6:r1:review_style
 438.9s |                                 #                          | 448.4s  s6:r2:review_facts
 438.9s |                                 #                          | 440.7s  s9:a3:web_search(Impact of deep-sea m)
 438.9s |                                 #                          | 440.9s  s8:a2:agent_turn(round-1)
 438.9s |                                 #                          | 440.8s  s8:a1:web_search(recent developments )
 439.6s |                                 #                          | 441.4s  s9:a4:web_search(recovery prospects o)
 439.7s |                                 #                          | 442.0s  s8:a4:web_search(current status and c)
 439.7s |                                 #                          | 441.6s  s8:a3:web_search(Recent advancements )
 439.7s |                                 #                          | 442.0s  s7:a1:agent_turn(round-1)
 439.7s |                                 #                          | 442.0s  s7:a0:agent_turn(round-1)
 441.4s |                                 #                          | 443.4s  s7:a3:agent_turn(round-1)
 441.6s |                                 #                          | 443.0s  s7:a2:agent_turn(round-1)
 441.7s |                                 #                          | 444.3s  s7:a4:agent_turn(round-1)
 442.0s |                                 #                          | 444.3s  s9:a0:agent_turn(round-1)
 442.1s |                                 #                          | 444.3s  s9:a2:agent_turn(round-1)
 442.6s |                                 #                          | 445.7s  s9:a1:agent_turn(round-1)
 443.0s |                                 #                          | 445.1s  s8:a0:agent_turn(round-1)
 443.0s |                                 #                          | 444.1s  s9:a3:agent_turn(round-1)
 480.0s |                                    #                       | 482.1s  s9:a4:agent_turn(round-1)
 481.1s |                                    #                       | 486.5s  s7:orch:synthesis
 481.1s |                                    #                       | 488.3s  s6:orch:finalize
 481.1s |                                    #                       | 483.7s  s8:a1:agent_turn(round-1)
 481.1s |                                    #                       | 481.9s  s8:a2:summarize(len=730)
 481.1s |                                    #                       | 483.3s  s8:a3:agent_turn(round-1)
 481.8s |                                    #                       | 484.1s  s8:a4:agent_turn(round-1)
 482.2s |                                    #                       | 486.3s  s9:orch:synthesis
 488.3s |                                     #                      | 489.3s  s8:a2:summarize(len=632)
 489.7s |                                     #                      | 491.3s  s8:a2:agent_turn(round-2)
 491.8s |                                     #                      | 497.3s  s8:orch:synthesis
 498.1s |                                     #                      | 508.0s  s9:r0:review_citations
 498.9s |                                     #                      | 502.9s  s9:r1:review_style
 498.9s |                                     #                      | 507.4s  s9:r2:review_facts
 498.9s |                                     #                      | 505.9s  s7:r0:review_citations
 498.9s |                                     #                      | 502.2s  s7:r1:review_style
 498.9s |                                     #                      | 505.2s  s7:r2:review_facts
 499.6s |                                     #                      | 507.5s  s8:r0:review_citations
 499.7s |                                     #                      | 505.3s  s8:r1:review_style
 499.7s |                                     #                      | 509.3s  s8:r2:review_facts
 505.9s |                                      #                     | 512.8s  s7:orch:finalize
 508.0s |                                      #                     | 514.6s  s9:orch:finalize
 509.3s |                                      #                     | 518.8s  s8:orch:finalize
 518.8s |                                       #                    | 519.7s  s10:orch:breakdown
 519.7s |                                       #                    | 521.0s  s10:a0:agent_turn(round-0)
 519.7s |                                       #                    | 520.5s  s10:a1:agent_turn(round-0)
 519.7s |                                       #                    | 521.0s  s10:a2:agent_turn(round-0)
 519.7s |                                       #                    | 520.5s  s10:a3:agent_turn(round-0)
 519.7s |                                       #                    | 520.5s  s10:a4:agent_turn(round-0)
 520.5s |                                       #                    | 522.8s  s10:a3:web_search(how language models )
 540.0s |                                         #                  | 540.9s  s11:orch:breakdown
 541.1s |                                         #                  | 542.2s  s12:orch:breakdown
 541.1s |                                         #                  | 541.9s  s13:orch:breakdown
 541.1s |                                         #                  | 542.9s  s14:orch:breakdown
 541.1s |                                         #                  | 543.4s  s10:a4:web_search(Ethical consideratio)
 541.1s |                                         #                  | 543.9s  s10:a1:web_search(how large language m)
 541.9s |                                         #                  | 544.4s  s10:a0:web_search(applications of larg)
 542.2s |                                         #                  | 544.7s  s10:a2:web_search(Advantages and limit)
 548.3s |                                         #                  | 549.9s  s10:a3:web_search(applications of lang)
 549.7s |                                         #                  | 550.4s  s11:a0:agent_turn(round-0)
 551.8s |                                         #                  | 552.5s  s11:a1:agent_turn(round-0)
 558.1s |                                          #                 | 558.8s  s11:a2:agent_turn(round-0)
 558.9s |                                          #                 | 559.6s  s11:a3:agent_turn(round-0)
 558.9s |                                          #                 | 559.7s  s11:a4:agent_turn(round-0)
 558.9s |                                          #                 | 559.7s  s13:a0:agent_turn(round-0)
 558.9s |                                          #                 | 559.7s  s13:a1:agent_turn(round-0)
 558.9s |                                          #                 | 559.7s  s13:a2:agent_turn(round-0)
 559.6s |                                          #                 | 560.5s  s13:a3:agent_turn(round-0)
 559.7s |                                          #                 | 560.4s  s13:a4:agent_turn(round-0)
 559.7s |                                          #                 | 561.2s  s12:a0:agent_turn(round-0)
 565.9s |                                           #                | 566.6s  s12:a1:agent_turn(round-0)
 568.0s |                                           #                | 568.7s  s12:a2:agent_turn(round-0)
 569.3s |                                           #                | 570.1s  s12:a3:agent_turn(round-0)
 578.8s |                                           #                | 579.5s  s12:a4:agent_turn(round-0)
 579.7s |                                            #               | 580.5s  s14:a0:agent_turn(round-0)
 579.7s |                                            #               | 581.2s  s14:a1:agent_turn(round-0)
 579.7s |                                            #               | 581.2s  s14:a2:agent_turn(round-0)
 579.7s |                                            #               | 580.5s  s14:a3:agent_turn(round-0)
 579.7s |                                            #               | 580.8s  s14:a4:agent_turn(round-0)
 580.5s |                                            #               | 582.7s  s10:a4:web_search(How are data biases )
 600.0s |                                             #              | 603.0s  s10:a1:web_search(use of machine learn)
 601.1s |                                             #              | 603.1s  s10:a0:web_search(current use of large)
 601.1s |                                             #              | 603.4s  s10:a2:web_search(Traditional methods )
 601.1s |                                             #              | 604.0s  s10:a3:agent_turn(round-1)
 601.1s |                                             #              | 603.3s  s11:a0:web_search(Recent developments )
 601.1s |                                             #              | 604.6s  s11:a1:web_search(Recent developments )
 601.9s |                                             #              | 604.1s  s11:a2:web_search(main challenges in s)
 602.2s |                                             #              | 604.6s  s11:a3:web_search(How do new algorithm)
 608.3s |                                              #             | 610.5s  s10:a4:agent_turn(round-1)
 609.7s |                                              #             | 611.5s  s10:a1:agent_turn(round-1)
 611.8s |                                              #             | 613.4s  s10:a0:agent_turn(round-1)
 618.1s |                                              #             | 620.9s  s10:a2:agent_turn(round-1)
 618.9s |                                               #            | 620.9s  s13:a1:web_search(impact of current qu)
 618.9s |                                               #            | 620.7s  s13:a0:web_search(Recent theoretical d)
 618.9s |                                               #            | 621.4s  s11:a4:web_search(Prospects and potent)
 618.9s |                                               #            | 620.5s  s13:a2:web_search(advancements in faul)
 618.9s |                                               #            | 621.4s  s13:a4:web_search(challenges and prosp)
 619.6s |                                               #            | 621.9s  s13:a3:web_search(impact of novel erro)
 619.7s |                                               #            | 622.1s  s12:a0:web_search(recent advancements )
 619.7s |                                               #            | 621.4s  s12:a1:web_search(Fault-tolerant archi)
 625.9s |                                               #            | 631.1s  s10:orch:synthesis
 628.0s |                                               #            | 631.0s  s12:a2:web_search(Challenges and solut)
 629.3s |                                               #            | 631.4s  s12:a3:web_search(hybrid error correct)
 638.8s |                                                #           | 645.9s  s10:r0:review_citations
 639.7s |                                                #           | 647.1s  s10:r1:review_style
 639.7s |                                                #           | 645.3s  s10:r2:review_facts
 639.7s |                                                #           | 641.9s  s12:a4:web_search(Implications of rece)
 639.7s |                                                #           | 642.2s  s14:a0:web_search(Molecular mechanisms)
 639.7s |                                                #           | 642.0s  s14:a3:web_search(limitations and chal)
 640.5s |                                                #           | 642.7s  s14:a4:web_search(Ethical, regulatory,)
 660.0s |                                                  #         | 666.2s  s10:orch:finalize
 661.1s |                                                  #         | 663.0s  s14:a2:web_search(Impact of delivery m)
 661.1s |                                                  #         | 662.7s  s14:a1:web_search(Differences in effic)
 661.1s |                                                  #         | 663.1s  s11:a0:web_search(Theoretical foundati)
 661.1s |                                                  #         | 662.9s  s11:a2:web_search(quantum error correc)
 661.1s |                                                  #         | 662.8s  s11:a1:web_search(Advances in quantum )
 661.9s |                                                  #         | 663.4s  s11:a3:agent_turn(round-1)
 662.2s |                                                  #         | 664.4s  s13:a2:web_search(latest research on q)
 668.3s |                                                  #         | 670.2s  s11:a4:web_search(Recent developments )
 669.7s |                                                  #         | 671.5s  s11:a1:agent_turn(round-1)
 671.8s |                                                   #        | 673.3s  s11:a2:agent_turn(round-1)
 678.1s |                                                   #        | 679.7s  s11:a0:agent_turn(round-1)
 678.9s |                                                   #        | 681.0s  s11:a4:agent_turn(round-1)
 678.9s |                                                   #        | 681.0s  s13:a0:web_search(Underlying algorithm)
 678.9s |                                                   #        | 680.7s  s13:a1:web_search(how hardware constra)
 678.9s |                                                   #        | 681.0s  s13:a4:web_search(current state of qua)
 678.9s |                                                   #        | 681.1s  s12:a1:web_search(How fault-tolerance )
 679.6s |                                                   #        | 681.6s  s13:a3:web_search(quantum error correc)
 679.7s |                                                   #        | 681.5s  s12:a0:web_search(efficiency of recent)
 679.7s |                                                   #        | 682.2s  s12:a2:web_search(Quantum error correc)
 685.9s |                                                    #       | 690.1s  s11:orch:synthesis
 688.0s |                                                    #       | 690.3s  s12:a3:web_search(classical error corr)
 689.3s |                                                    #       | 692.0s  s12:a4:web_search(Quantum error correc)
 698.8s |                                                     #      | 707.3s  s11:r0:review_citations
 699.7s |                                                     #      | 704.1s  s11:r1:review_style
 699.7s |                                                     #      | 704.6s  s11:r2:review_facts
 699.7s |                                                     #      | 701.8s  s14:a3:web_search(limitations and chal)
 699.7s |                                                     #      | 702.1s  s14:a0:web_search(Molecular mechanisms)
 699.7s |                                                     #      | 701.6s  s14:a4:web_search(Ethical, regulatory,)
 700.5s |                                                     #      | 703.0s  s14:a1:web_search(CRISPR-Cas9 vs base )
 720.0s |                                                      #     | 725.4s  s11:orch:finalize
 721.1s |                                                      #     | 722.5s  s14:a2:web_search(Impact of delivery m)
 721.1s |                                                      #     | 723.9s  s13:a2:agent_turn(round-1)
 721.1s |                                                      #     | 723.5s  s13:a1:agent_turn(round-1)
 721.1s |                                                      #     | 724.5s  s13:a4:agent_turn(round-1)
 721.1s |                                                      #     | 723.2s  s13:a0:agent_turn(round-1)
 721.9s |                                                      #     | 723.2s  s12:a1:agent_turn(round-1)
 722.2s |                                                      #     | 723.5s  s12:a0:agent_turn(round-1)
 728.3s |                                                       #    | 730.2s  s13:a3:agent_turn(round-1)
 729.7s |                                                       #    | 732.6s  s12:a2:agent_turn(round-1)
 731.8s |                                                       #    | 737.3s  s13:orch:synthesis
 738.1s |                                                        #   | 740.3s  s12:a3:agent_turn(round-1)
 738.9s |                                                        #   | 740.9s  s12:a4:agent_turn(round-1)
 738.9s |                                                        #   | 748.2s  s13:r0:review_citations
 738.9s |                                                        #   | 742.5s  s13:r1:review_style
 738.9s |                                                        #   | 746.2s  s13:r2:review_facts
 738.9s |                                                        #   | 741.9s  s14:a4:agent_turn(round-1)
 739.6s |                                                        #   | 742.7s  s14:a3:agent_turn(round-1)
 739.7s |                                                        #   | 742.3s  s14:a0:agent_turn(round-1)
 739.7s |                                                        #   | 742.5s  s14:a1:agent_turn(round-1)
 745.9s |                                                        #   | 747.7s  s14:a2:agent_turn(round-1)
 748.0s |                                                        #   | 752.5s  s12:orch:synthesis
 749.3s |                                                        #   | 755.6s  s14:orch:synthesis
 758.8s |                                                         #  | 769.2s  s13:orch:finalize
 759.7s |                                                         #  | 766.6s  s12:r0:review_citations
 759.7s |                                                         #  | 764.8s  s12:r1:review_style
 759.7s |                                                         #  | 767.1s  s12:r2:review_facts
 759.7s |                                                         #  | 767.1s  s14:r0:review_citations
 759.7s |                                                         #  | 767.2s  s14:r1:review_style
 760.5s |                                                         #  | 767.1s  s14:r2:review_facts
 780.0s |                                                           #| 785.9s  s12:orch:finalize
 781.1s |                                                           #| 789.4s  s14:orch:finalize
        0<60>789.4s
======================================================================


======================================================================
 SCHEDULER COMPARISON
======================================================================
Metric       |      backoff |         fifo |          sjf |    mapreduce
------------------------------------------------------------------------
count        |           15 |           15 |           15 |           15
mean         |      246.30s |      243.58s |      250.70s |      220.18s
median       |      259.88s |      250.07s |      248.88s |      240.51s
p95          |      299.93s |      267.56s |      266.75s |      259.17s
min          |      159.06s |      196.61s |      233.96s |      125.34s
max          |      299.93s |      267.56s |      266.75s |      259.17s
stdev        |       39.50s |       19.36s |        8.82s |       40.73s
cost         |      $0.0856 |      $0.0859 |      $0.0852 |      $0.0820
======================================================================

