Runner: 1 scheduler(s) x 15 sessions = 15 total
Schedulers: combined | RPM: 30 | TPM: 200000
Arrivals: every 4.0s (fixed) | Cost limit: $50.00
Seed: 42

Workload (same for all schedulers):
  Session 0: arrives at 0.0s — How are large language models being used in drug discovery?...
  Session 1: arrives at 4.0s — How are large language models being used in drug discovery?...
  Session 2: arrives at 8.0s — What is the current state of nuclear fusion energy research?...
  Session 3: arrives at 12.0s — How does CRISPR-Cas9 compare to base editing for therapeutic...
  Session 4: arrives at 16.0s — What are the environmental impacts of deep-sea mining?...
  Session 5: arrives at 20.0s — What is the current state of nuclear fusion energy research?...
  Session 6: arrives at 24.0s — What are the latest advances in quantum error correction?...
  Session 7: arrives at 28.0s — What is the current state of nuclear fusion energy research?...
  Session 8: arrives at 32.0s — What are the environmental impacts of deep-sea mining?...
  Session 9: arrives at 36.0s — How are large language models being used in drug discovery?...
  Session 10: arrives at 40.0s — What are the environmental impacts of deep-sea mining?...
  Session 11: arrives at 44.0s — How does CRISPR-Cas9 compare to base editing for therapeutic...
  Session 12: arrives at 48.0s — What are the latest advances in quantum error correction?...
  Session 13: arrives at 52.0s — How does CRISPR-Cas9 compare to base editing for therapeutic...
  Session 14: arrives at 56.0s — What are the latest advances in quantum error correction?...

######################################################################
 SCHEDULER: COMBINED
######################################################################
 Launching 15 sessions with continuous arrivals
 Arrival times: 0.0s, 4.0s, 8.0s, 12.0s, 16.0s, 20.0s, 24.0s, 28.0s, 32.0s, 36.0s, 40.0s, 44.0s, 48.0s, 52.0s, 56.0s
    0.00s [s0:orch]        START breakdown (pos #1)
    1.28s [s0:orch]        END   breakdown (1.28s)
    1.28s [s0:a0]          START agent_turn(round-0) (pos #2)
    1.28s [s0:a1]          START agent_turn(round-0) (pos #3)
    1.28s [s0:a2]          START agent_turn(round-0) (pos #4)
    1.28s [s0:a3]          START agent_turn(round-0) (pos #5)
    1.28s [s0:a4]          START agent_turn(round-0) (pos #6)
    2.16s [s0:a3]          END   agent_turn(round-0) (0.88s)
    2.16s [s0:a3]          START web_search(Limitations and challenges of applying l) (pos #7)
    2.25s [s0:a1]          END   agent_turn(round-0) (0.97s)
    2.25s [s0:a1]          START web_search(How large language models assist in proc) (pos #8)
    2.32s [s0:a2]          END   agent_turn(round-0) (1.04s)
    2.32s [s0:a2]          START web_search(how large language models contribute to ) (pos #9)
    2.35s [s0:a0]          END   agent_turn(round-0) (1.07s)
    2.35s [s0:a0]          START web_search(roles of large language models in drug t) (pos #10)
    2.73s [s0:a4]          END   agent_turn(round-0) (1.45s)
    2.73s [s0:a4]          START web_search(Large language models vs traditional met) (pos #11)
    4.00s [s1:orch]        START breakdown (pos #12)
    4.99s [s0:a2]          END   web_search(how large language models contribute to ) (2.67s)
    4.99s [s0:a2]          START web_search(applications of large language models in) (pos #13)
    5.05s [s0:a3]          END   web_search(Limitations and challenges of applying l) (2.89s)
    5.05s [s0:a3]          START web_search(Current research on large language model) (pos #14)
    5.12s [s0:a1]          END   web_search(How large language models assist in proc) (2.87s)
    5.12s [s0:a1]          START web_search(Applications of artificial intelligence ) (pos #15)
    5.21s [s1:orch]        END   breakdown (1.21s)
    5.21s [s1:a0]          START agent_turn(round-0) (pos #16)
    5.21s [s1:a1]          START agent_turn(round-0) (pos #17)
    5.21s [s1:a2]          START agent_turn(round-0) (pos #18)
    5.21s [s1:a3]          START agent_turn(round-0) (pos #19)
    5.21s [s1:a4]          START agent_turn(round-0) (pos #20)
    5.41s [s0:a4]          END   web_search(Large language models vs traditional met) (2.68s)
    5.41s [s0:a4]          START web_search(Large language models vs traditional met) (pos #21)
    5.43s [s0:a0]          END   web_search(roles of large language models in drug t) (3.08s)
    5.43s [s0:a0]          START web_search(applications of large language models in) (pos #22)
    5.89s [s1:a1]          END   agent_turn(round-0) (0.68s)
    5.89s [s1:a1]          START web_search(Large language models in biomedical lite) (pos #23)
    5.95s [s1:a2]          END   agent_turn(round-0) (0.73s)
    5.95s [s1:a2]          START web_search(limitations and challenges of employing ) (pos #24)
    6.01s [s1:a0]          END   agent_turn(round-0) (0.80s)
    6.01s [s1:a0]          START web_search(roles of large language models in drug d) (pos #25)
    6.05s [s1:a4]          END   agent_turn(round-0) (0.84s)
    6.05s [s1:a4]          START web_search(ethical considerations and biases in usi) (pos #26)
    6.16s [s1:a3]          END   agent_turn(round-0) (0.95s)
    6.16s [s1:a3]          START web_search(Comparison of large language models and ) (pos #27)
    7.17s [s0:a1]          END   web_search(Applications of artificial intelligence ) (2.05s)
    7.17s [s0:a1]          START agent_turn(round-1) (pos #28)
    8.00s [s2:orch]        START breakdown (pos #29)
    8.01s [s1:a1]          END   web_search(Large language models in biomedical lite) (2.12s)
    8.01s [s1:a1]          START web_search(Applications of large language models in) (pos #30)
    8.56s [s0:a0]          END   web_search(applications of large language models in) (3.13s)
  [COMBINED] queue waiting 51.43s for capacity (next: s0:a0:agent_turn, score=0.00)
    8.67s [s1:a0]          END   web_search(roles of large language models in drug d) (2.66s)
    8.76s [s1:a2]          END   web_search(limitations and challenges of employing ) (2.81s)
    8.84s [s0:a3]          END   web_search(Current research on large language model) (3.80s)
    8.85s [s0:a2]          END   web_search(applications of large language models in) (3.86s)
    9.05s [s2:orch]        END   breakdown (1.05s)
    9.10s [s1:a4]          END   web_search(ethical considerations and biases in usi) (3.05s)
    9.43s [s0:a4]          END   web_search(Large language models vs traditional met) (4.02s)
    9.58s [s1:a3]          END   web_search(Comparison of large language models and ) (3.42s)
    9.76s [s0:a1]          END   agent_turn(round-1) (2.60s)
   10.18s [s1:a1]          END   web_search(Applications of large language models in) (2.17s)
   60.00s [s3:orch]        START breakdown (pos #45)
  [COMBINED] queue waiting 1.28s for capacity (next: s4:orch:breakdown, score=1.19)
   61.28s [s4:orch]        START breakdown (pos #46)
   61.28s [s5:orch]        START breakdown (pos #47)
   61.28s [s6:orch]        START breakdown (pos #48)
   61.28s [s7:orch]        START breakdown (pos #49)
   61.28s [s8:orch]        START breakdown (pos #50)
  [COMBINED] queue waiting 0.88s for capacity (next: s9:orch:breakdown, score=1.19)
   61.30s [s3:orch]        END   breakdown (1.30s)
   62.16s [s9:orch]        START breakdown (pos #51)
  [COMBINED] queue waiting 0.10s for capacity (next: s10:orch:breakdown, score=1.23)
   62.26s [s10:orch]       START breakdown (pos #52)
  [COMBINED] queue waiting 0.10s for capacity (next: s11:orch:breakdown, score=1.23)
   62.36s [s11:orch]       START breakdown (pos #53)
   62.36s [s12:orch]       START breakdown (pos #54)
  [COMBINED] queue waiting 0.36s for capacity (next: s13:orch:breakdown, score=1.23)
   62.55s [s6:orch]        END   breakdown (1.27s)
   62.64s [s4:orch]        END   breakdown (1.36s)
   62.67s [s5:orch]        END   breakdown (1.39s)
   62.72s [s7:orch]        END   breakdown (1.44s)
   62.73s [s13:orch]       START breakdown (pos #55)
  [COMBINED] queue waiting 1.27s for capacity (next: s14:orch:breakdown, score=1.35)
   62.73s [s8:orch]        END   breakdown (1.45s)
   63.44s [s9:orch]        END   breakdown (1.28s)
   63.66s [s12:orch]       END   breakdown (1.29s)
   63.81s [s10:orch]       END   breakdown (1.54s)
   64.00s [s14:orch]       START breakdown (pos #56)
  [COMBINED] queue waiting 0.99s for capacity (next: s2:a0:agent_turn, score=4.43)
   64.25s [s13:orch]       END   breakdown (1.53s)
   64.32s [s11:orch]       END   breakdown (1.96s)
   64.99s [s2:a0]          START agent_turn(round-0) (pos #36)
  [COMBINED] queue waiting 0.10s for capacity (next: s2:a1:agent_turn, score=4.43)
   65.03s [s14:orch]       END   breakdown (1.03s)
   65.10s [s2:a1]          START agent_turn(round-0) (pos #37)
  [COMBINED] queue waiting 0.10s for capacity (next: s2:a2:agent_turn, score=4.43)
   65.20s [s2:a2]          START agent_turn(round-0) (pos #38)
  [COMBINED] queue waiting 0.10s for capacity (next: s2:a3:agent_turn, score=4.43)
   65.30s [s2:a3]          START agent_turn(round-0) (pos #39)
   65.30s [s2:a4]          START agent_turn(round-0) (pos #40)
   65.30s [s3:a0]          START agent_turn(round-0) (pos #57)
   65.30s [s3:a1]          START agent_turn(round-0) (pos #58)
   65.30s [s3:a2]          START agent_turn(round-0) (pos #59)
  [COMBINED] queue waiting 0.11s for capacity (next: s3:a3:agent_turn, score=4.43)
   65.41s [s3:a3]          START agent_turn(round-0) (pos #60)
  [COMBINED] queue waiting 0.10s for capacity (next: s3:a4:agent_turn, score=4.43)
   65.51s [s3:a4]          START agent_turn(round-0) (pos #61)
  [COMBINED] queue waiting 0.38s for capacity (next: s6:a0:agent_turn, score=4.43)
   65.89s [s6:a0]          START agent_turn(round-0) (pos #62)
  [COMBINED] queue waiting 0.10s for capacity (next: s6:a1:agent_turn, score=4.43)
   65.99s [s6:a1]          START agent_turn(round-0) (pos #63)
  [COMBINED] queue waiting 0.10s for capacity (next: s6:a2:agent_turn, score=4.43)
   66.10s [s6:a2]          START agent_turn(round-0) (pos #64)
   66.10s [s6:a3]          START agent_turn(round-0) (pos #65)
  [COMBINED] queue waiting 0.10s for capacity (next: s6:a4:agent_turn, score=4.43)
   66.13s [s3:a3]          END   agent_turn(round-0) (0.72s)
   66.13s [s2:a1]          END   agent_turn(round-0) (1.03s)
   66.15s [s2:a4]          END   agent_turn(round-0) (0.86s)
   66.18s [s2:a2]          END   agent_turn(round-0) (0.99s)
   66.20s [s6:a4]          START agent_turn(round-0) (pos #66)
  [COMBINED] queue waiting 0.97s for capacity (next: s4:a0:agent_turn, score=4.57)
   66.22s [s2:a0]          END   agent_turn(round-0) (1.22s)
   66.24s [s3:a0]          END   agent_turn(round-0) (0.94s)
   66.47s [s3:a1]          END   agent_turn(round-0) (1.17s)
   66.54s [s2:a3]          END   agent_turn(round-0) (1.24s)
   66.63s [s3:a2]          END   agent_turn(round-0) (1.33s)
   66.66s [s6:a0]          END   agent_turn(round-0) (0.77s)
   66.71s [s3:a4]          END   agent_turn(round-0) (1.20s)
   66.90s [s6:a1]          END   agent_turn(round-0) (0.91s)
   67.05s [s6:a4]          END   agent_turn(round-0) (0.85s)
   67.05s [s6:a3]          END   agent_turn(round-0) (0.95s)
   67.17s [s4:a0]          START agent_turn(round-0) (pos #67)
  [COMBINED] queue waiting 0.83s for capacity (next: s4:a1:agent_turn, score=4.86)
   67.37s [s6:a2]          END   agent_turn(round-0) (1.27s)
   68.00s [s4:a0]          END   agent_turn(round-0) (0.83s)
   68.00s [s4:a1]          START agent_turn(round-0) (pos #68)
  [COMBINED] queue waiting 0.10s for capacity (next: s4:a2:agent_turn, score=4.97)
   68.10s [s4:a2]          START agent_turn(round-0) (pos #69)
  [COMBINED] queue waiting 51.90s for capacity (next: s4:a3:agent_turn, score=4.97)
   68.90s [s4:a2]          END   agent_turn(round-0) (0.80s)
   69.21s [s4:a1]          END   agent_turn(round-0) (1.21s)
  120.00s [s4:a3]          START agent_turn(round-0) (pos #70)
  [COMBINED] queue waiting 1.28s for capacity (next: s4:a4:agent_turn, score=5.09)
  120.87s [s4:a3]          END   agent_turn(round-0) (0.86s)
  121.28s [s4:a4]          START agent_turn(round-0) (pos #71)
  121.28s [s5:a0]          START agent_turn(round-0) (pos #72)
  121.28s [s5:a1]          START agent_turn(round-0) (pos #73)
  121.28s [s5:a2]          START agent_turn(round-0) (pos #74)
  121.28s [s5:a3]          START agent_turn(round-0) (pos #75)
  [COMBINED] queue waiting 0.88s for capacity (next: s5:a4:agent_turn, score=4.86)
  122.05s [s5:a3]          END   agent_turn(round-0) (0.77s)
  122.12s [s5:a2]          END   agent_turn(round-0) (0.84s)
  122.16s [s5:a4]          START agent_turn(round-0) (pos #76)
  [COMBINED] queue waiting 0.10s for capacity (next: s7:a0:agent_turn, score=4.44)
  122.22s [s4:a4]          END   agent_turn(round-0) (0.94s)
  122.22s [s5:a0]          END   agent_turn(round-0) (0.94s)
  122.22s [s5:a1]          END   agent_turn(round-0) (0.94s)
  122.26s [s7:a0]          START agent_turn(round-0) (pos #77)
  [COMBINED] queue waiting 0.10s for capacity (next: s7:a1:agent_turn, score=4.59)
  122.37s [s7:a1]          START agent_turn(round-0) (pos #78)
  122.37s [s7:a2]          START agent_turn(round-0) (pos #79)
  [COMBINED] queue waiting 0.36s for capacity (next: s7:a3:agent_turn, score=4.59)
  122.73s [s7:a3]          START agent_turn(round-0) (pos #80)
  [COMBINED] queue waiting 1.27s for capacity (next: s7:a4:agent_turn, score=4.59)
  123.06s [s5:a4]          END   agent_turn(round-0) (0.90s)
  123.09s [s7:a0]          END   agent_turn(round-0) (0.82s)
  123.14s [s7:a1]          END   agent_turn(round-0) (0.77s)
  123.28s [s7:a2]          END   agent_turn(round-0) (0.91s)
  123.86s [s7:a3]          END   agent_turn(round-0) (1.14s)
  124.00s [s7:a4]          START agent_turn(round-0) (pos #81)
  [COMBINED] queue waiting 0.99s for capacity (next: s8:a0:agent_turn, score=4.75)
  124.84s [s7:a4]          END   agent_turn(round-0) (0.84s)
  124.99s [s8:a0]          START agent_turn(round-0) (pos #82)
  [COMBINED] queue waiting 0.10s for capacity (next: s8:a1:agent_turn, score=4.58)
  125.10s [s8:a1]          START agent_turn(round-0) (pos #83)
  [COMBINED] queue waiting 0.10s for capacity (next: s8:a2:agent_turn, score=4.58)
  125.20s [s8:a2]          START agent_turn(round-0) (pos #84)
  [COMBINED] queue waiting 0.10s for capacity (next: s8:a3:agent_turn, score=4.58)
  125.30s [s8:a3]          START agent_turn(round-0) (pos #85)
  125.30s [s8:a4]          START agent_turn(round-0) (pos #86)
  125.30s [s9:a0]          START agent_turn(round-0) (pos #87)
  125.30s [s9:a1]          START agent_turn(round-0) (pos #88)
  125.30s [s9:a2]          START agent_turn(round-0) (pos #89)
  [COMBINED] queue waiting 0.11s for capacity (next: s9:a3:agent_turn, score=4.58)
  125.41s [s9:a3]          START agent_turn(round-0) (pos #90)
  [COMBINED] queue waiting 0.10s for capacity (next: s9:a4:agent_turn, score=4.58)
  125.51s [s9:a4]          START agent_turn(round-0) (pos #91)
  [COMBINED] queue waiting 0.38s for capacity (next: s12:a0:agent_turn, score=4.58)
  125.68s [s8:a0]          END   agent_turn(round-0) (0.69s)
  125.90s [s12:a0]         START agent_turn(round-0) (pos #92)
  [COMBINED] queue waiting 0.10s for capacity (next: s12:a1:agent_turn, score=4.23)
  126.00s [s12:a1]         START agent_turn(round-0) (pos #93)
  [COMBINED] queue waiting 0.10s for capacity (next: s12:a2:agent_turn, score=4.23)
  126.03s [s8:a1]          END   agent_turn(round-0) (0.93s)
  126.03s [s8:a2]          END   agent_turn(round-0) (0.83s)
  126.10s [s12:a2]         START agent_turn(round-0) (pos #94)
  126.10s [s12:a3]         START agent_turn(round-0) (pos #95)
  [COMBINED] queue waiting 0.10s for capacity (next: s12:a4:agent_turn, score=4.30)
  126.15s [s9:a0]          END   agent_turn(round-0) (0.85s)
  126.20s [s12:a4]         START agent_turn(round-0) (pos #96)
  [COMBINED] queue waiting 0.97s for capacity (next: s10:a0:agent_turn, score=4.28)
  126.24s [s8:a4]          END   agent_turn(round-0) (0.94s)
  126.26s [s9:a2]          END   agent_turn(round-0) (0.96s)
  126.31s [s8:a3]          END   agent_turn(round-0) (1.01s)
  126.44s [s9:a4]          END   agent_turn(round-0) (0.92s)
  126.53s [s9:a3]          END   agent_turn(round-0) (1.12s)
  126.94s [s9:a1]          END   agent_turn(round-0) (1.64s)
  126.95s [s12:a0]         END   agent_turn(round-0) (1.06s)
  126.99s [s12:a1]         END   agent_turn(round-0) (0.99s)
  127.07s [s12:a3]         END   agent_turn(round-0) (0.97s)
  127.12s [s12:a4]         END   agent_turn(round-0) (0.92s)
  127.16s [s12:a2]         END   agent_turn(round-0) (1.07s)
  127.17s [s10:a0]         START agent_turn(round-0) (pos #97)
  [COMBINED] queue waiting 0.83s for capacity (next: s10:a1:agent_turn, score=5.15)
  127.99s [s10:a0]         END   agent_turn(round-0) (0.82s)
  128.00s [s10:a1]         START agent_turn(round-0) (pos #98)
  [COMBINED] queue waiting 0.10s for capacity (next: s10:a2:agent_turn, score=4.83)
  128.10s [s10:a2]         START agent_turn(round-0) (pos #99)
  [COMBINED] queue waiting 51.90s for capacity (next: s10:a3:agent_turn, score=4.83)
  128.73s [s10:a1]         END   agent_turn(round-0) (0.73s)
  128.79s [s10:a2]         END   agent_turn(round-0) (0.69s)
  180.00s [s10:a3]         START agent_turn(round-0) (pos #100)
  [COMBINED] queue waiting 1.28s for capacity (next: s10:a4:agent_turn, score=4.17)
  180.94s [s10:a3]         END   agent_turn(round-0) (0.93s)
  181.28s [s10:a4]         START agent_turn(round-0) (pos #101)
  181.28s [s13:a0]         START agent_turn(round-0) (pos #102)
  181.28s [s13:a1]         START agent_turn(round-0) (pos #103)
  181.28s [s13:a2]         START agent_turn(round-0) (pos #104)
  181.28s [s13:a3]         START agent_turn(round-0) (pos #105)
  [COMBINED] queue waiting 0.88s for capacity (next: s13:a4:agent_turn, score=4.32)
  181.99s [s13:a2]         END   agent_turn(round-0) (0.71s)
  182.10s [s13:a0]         END   agent_turn(round-0) (0.82s)
  182.11s [s10:a4]         END   agent_turn(round-0) (0.82s)
  182.16s [s13:a4]         START agent_turn(round-0) (pos #106)
  [COMBINED] queue waiting 0.10s for capacity (next: s11:a0:agent_turn, score=4.09)
  182.18s [s13:a1]         END   agent_turn(round-0) (0.90s)
  182.22s [s13:a3]         END   agent_turn(round-0) (0.93s)
  182.27s [s11:a0]         START agent_turn(round-0) (pos #107)
  [COMBINED] queue waiting 0.10s for capacity (next: s11:a1:agent_turn, score=4.33)
  182.37s [s11:a1]         START agent_turn(round-0) (pos #108)
  182.37s [s11:a2]         START agent_turn(round-0) (pos #109)
  [COMBINED] queue waiting 0.36s for capacity (next: s11:a3:agent_turn, score=4.33)
  182.73s [s11:a3]         START agent_turn(round-0) (pos #110)
  [COMBINED] queue waiting 1.27s for capacity (next: s11:a4:agent_turn, score=4.33)
  183.12s [s11:a0]         END   agent_turn(round-0) (0.85s)
  183.12s [s11:a2]         END   agent_turn(round-0) (0.75s)
  183.16s [s13:a4]         END   agent_turn(round-0) (1.00s)
  183.25s [s11:a1]         END   agent_turn(round-0) (0.89s)
  183.54s [s11:a3]         END   agent_turn(round-0) (0.81s)
  184.00s [s11:a4]         START agent_turn(round-0) (pos #111)
  [COMBINED] queue waiting 0.99s for capacity (next: s14:a0:agent_turn, score=4.30)
  184.86s [s11:a4]         END   agent_turn(round-0) (0.86s)
  185.00s [s14:a0]         START agent_turn(round-0) (pos #112)
  [COMBINED] queue waiting 0.10s for capacity (next: s14:a1:agent_turn, score=4.29)
  185.10s [s14:a1]         START agent_turn(round-0) (pos #113)
  [COMBINED] queue waiting 0.10s for capacity (next: s14:a2:agent_turn, score=4.29)
  185.20s [s14:a2]         START agent_turn(round-0) (pos #114)
  [COMBINED] queue waiting 0.10s for capacity (next: s14:a3:agent_turn, score=4.29)
  185.30s [s14:a3]         START agent_turn(round-0) (pos #115)
  185.30s [s14:a4]         START agent_turn(round-0) (pos #116)
  185.30s [s0:a0]          START agent_turn(round-1) (pos #31)
  185.30s [s0:a3]          START agent_turn(round-1) (pos #34)
  185.30s [s0:a2]          START agent_turn(round-1) (pos #35)
  [COMBINED] queue waiting 0.11s for capacity (next: s0:a4:web_search, score=12.25)
  185.41s [s0:a4]          START web_search(Large language models vs traditional met) (pos #42)
  [COMBINED] queue waiting 0.10s for capacity (next: s1:a1:agent_turn, score=12.98)
  185.51s [s1:a1]          START agent_turn(round-1) (pos #44)
  [COMBINED] queue waiting 0.38s for capacity (next: s1:a0:web_search, score=15.31)
  185.82s [s14:a1]         END   agent_turn(round-0) (0.72s)
  185.90s [s1:a0]          START web_search(how large language models assist in desi) (pos #32)
  [COMBINED] queue waiting 0.10s for capacity (next: s1:a2:web_search, score=15.31)
  185.96s [s14:a2]         END   agent_turn(round-0) (0.76s)
  186.00s [s1:a2]          START web_search(large language models in pharmaceutical ) (pos #33)
  [COMBINED] queue waiting 0.10s for capacity (next: s1:a4:web_search, score=15.31)
  186.10s [s1:a4]          START web_search(potential biases of large language model) (pos #41)
  186.10s [s1:a3]          START web_search(Advantages and limitations of large lang) (pos #43)
  [COMBINED] queue waiting 0.10s for capacity (next: s3:a3:web_search, score=15.31)
  186.20s [s3:a3]          START web_search(clinical contexts or diseases where spec) (pos #117)
  [COMBINED] queue waiting 0.97s for capacity (next: s2:a1:web_search, score=15.31)
  186.27s [s14:a0]         END   agent_turn(round-0) (1.27s)
  186.27s [s14:a4]         END   agent_turn(round-0) (0.97s)
  186.67s [s14:a3]         END   agent_turn(round-0) (1.37s)
  187.17s [s2:a1]          START web_search(Leading experimental facilities in nucle) (pos #118)
  [COMBINED] queue waiting 0.83s for capacity (next: s2:a4:web_search, score=15.31)
  187.52s [s0:a0]          END   agent_turn(round-1) (2.22s)
  187.52s [s0:a3]          END   agent_turn(round-1) (2.22s)
  187.52s [s0:a2]          END   agent_turn(round-1) (2.22s)
  187.66s [s1:a1]          END   agent_turn(round-1) (2.15s)
  188.00s [s2:a4]          START web_search(projected timelines and milestones for c) (pos #119)
  [COMBINED] queue waiting 0.10s for capacity (next: s2:a2:web_search, score=15.31)
  188.11s [s2:a2]          START web_search(current challenges in nuclear fusion via) (pos #120)
  [COMBINED] queue waiting 51.90s for capacity (next: s2:a0:web_search, score=15.31)
  188.44s [s1:a0]          END   web_search(how large language models assist in desi) (2.55s)
  188.67s [s0:a4]          END   web_search(Large language models vs traditional met) (3.26s)
  189.12s [s1:a4]          END   web_search(potential biases of large language model) (3.02s)
  189.18s [s1:a2]          END   web_search(large language models in pharmaceutical ) (3.18s)
  189.18s [s3:a3]          END   web_search(clinical contexts or diseases where spec) (2.98s)
  189.37s [s1:a3]          END   web_search(Advantages and limitations of large lang) (3.27s)
  190.61s [s2:a1]          END   web_search(Leading experimental facilities in nucle) (3.44s)
  190.83s [s2:a4]          END   web_search(projected timelines and milestones for c) (2.82s)
  190.83s [s2:a2]          END   web_search(current challenges in nuclear fusion via) (2.73s)
  240.01s [s0:a4]          START agent_turn(round-1) (pos #183)
  [COMBINED] queue waiting 1.28s for capacity (next: s1:a0:agent_turn, score=9.14)
  241.28s [s1:a0]          START agent_turn(round-1) (pos #182)
  241.28s [s1:a4]          START agent_turn(round-1) (pos #184)
  241.28s [s1:a2]          START agent_turn(round-1) (pos #185)
  241.28s [s1:a3]          START agent_turn(round-1) (pos #187)
  241.28s [s3:a3]          START agent_turn(round-1) (pos #186)
  [COMBINED] queue waiting 0.88s for capacity (next: s2:a0:web_search, score=14.91)
  242.17s [s2:a0]          START web_search(latest advancements in nuclear fusion en) (pos #121)
  [COMBINED] queue waiting 0.10s for capacity (next: s3:a0:web_search, score=14.91)
  242.27s [s3:a0]          START web_search(fundamental mechanisms of CRISPR-Cas9 an) (pos #122)
  [COMBINED] queue waiting 0.10s for capacity (next: s3:a1:web_search, score=14.91)
  242.37s [s3:a1]          START web_search(Efficiencies and accuracies of CRISPR-Ca) (pos #123)
  242.37s [s2:a3]          START web_search(Comparison of safety, environmental impa) (pos #124)
  [COMBINED] queue waiting 0.36s for capacity (next: s3:a2:web_search, score=14.91)
  242.73s [s3:a2]          START web_search(Comparison of off-target effects between) (pos #125)
  [COMBINED] queue waiting 1.27s for capacity (next: s6:a0:web_search, score=14.91)
  243.23s [s1:a2]          END   agent_turn(round-1) (1.94s)
  243.23s [s3:a3]          END   agent_turn(round-1) (1.94s)
  243.33s [s0:a4]          END   agent_turn(round-1) (3.32s)
  243.60s [s1:a4]          END   agent_turn(round-1) (2.32s)
  244.01s [s0:orch]        START synthesis (pos #191)
  [COMBINED] queue waiting 0.99s for capacity (next: s3:a4:web_search, score=11.93)
  244.28s [s1:a3]          END   agent_turn(round-1) (3.00s)
  244.33s [s2:a0]          END   web_search(latest advancements in nuclear fusion en) (2.17s)
  244.61s [s1:a0]          END   agent_turn(round-1) (3.32s)
  244.78s [s3:a2]          END   web_search(Comparison of off-target effects between) (2.05s)
  245.00s [s1:orch]        START synthesis (pos #193)
  [COMBINED] queue waiting 0.10s for capacity (next: s3:a4:web_search, score=10.12)
  245.10s [s3:a4]          START web_search(current limitations of CRISPR-Cas9 and b) (pos #127)
  [COMBINED] queue waiting 0.10s for capacity (next: s3:a2:web_search, score=10.12)
  245.20s [s3:a2]          START web_search(Safety profiles of CRISPR-Cas9 vs base e) (pos #194)
  [COMBINED] queue waiting 0.10s for capacity (next: s6:a0:web_search, score=12.65)
  245.30s [s6:a0]          START web_search(Current key theoretical frameworks for q) (pos #126)
  245.30s [s6:a1]          START web_search(Recent experimental implementations impr) (pos #128)
  245.30s [s6:a4]          START web_search(Emerging techniques in quantum error cor) (pos #129)
  245.30s [s6:a3]          START web_search(Impact of different physical qubit platf) (pos #130)
  245.30s [s6:a2]          START web_search(Challenges in scaling quantum error corr) (pos #131)
  [COMBINED] queue waiting 0.11s for capacity (next: s4:a0:web_search, score=12.65)
  245.41s [s4:a0]          START web_search(Potential effects of deep-sea mining on ) (pos #132)
  [COMBINED] queue waiting 0.10s for capacity (next: s4:a2:web_search, score=12.65)
  245.52s [s4:a2]          START web_search(long-term ecological consequences of hab) (pos #133)
  [COMBINED] queue waiting 0.38s for capacity (next: s4:a1:web_search, score=12.65)
  245.82s [s2:a3]          END   web_search(Comparison of safety, environmental impa) (3.45s)
  245.90s [s4:a1]          START web_search(impact of deep-sea mining on sediment di) (pos #134)
  [COMBINED] queue waiting 0.10s for capacity (next: s4:a3:web_search, score=14.03)
  246.00s [s4:a3]          START web_search(impact of deep-sea mining on sustainabil) (pos #135)
  [COMBINED] queue waiting 0.10s for capacity (next: s5:a3:web_search, score=14.03)
  246.10s [s5:a3]          START web_search(Impact of international collaborations o) (pos #136)
  246.10s [s5:a2]          START web_search(challenges and limitations of scaling up) (pos #137)
  [COMBINED] queue waiting 0.10s for capacity (next: s4:a4:web_search, score=14.03)
  246.20s [s4:a4]          START web_search(mitigation strategies for environmental ) (pos #138)
  [COMBINED] queue waiting 0.97s for capacity (next: s5:a0:web_search, score=14.03)
  246.25s [s3:a0]          END   web_search(fundamental mechanisms of CRISPR-Cas9 an) (3.99s)
  246.75s [s3:a1]          END   web_search(Efficiencies and accuracies of CRISPR-Ca) (4.38s)
  247.17s [s3:a0]          START web_search(differences between CRISPR-Cas9 and base) (pos #196)
  [COMBINED] queue waiting 0.83s for capacity (next: s3:a1:web_search, score=14.10)
  247.48s [s6:a1]          END   web_search(Recent experimental implementations impr) (2.17s)
  247.58s [s4:a0]          END   web_search(Potential effects of deep-sea mining on ) (2.17s)
  247.65s [s6:a3]          END   web_search(Impact of different physical qubit platf) (2.35s)
  247.73s [s3:a4]          END   web_search(current limitations of CRISPR-Cas9 and b) (2.63s)
  247.93s [s4:a2]          END   web_search(long-term ecological consequences of hab) (2.42s)
  248.01s [s3:a1]          START web_search(Comparison of CRISPR-Cas9 and base editi) (pos #197)
  [COMBINED] queue waiting 0.10s for capacity (next: s3:a4:web_search, score=10.37)
  248.09s [s5:a3]          END   web_search(Impact of international collaborations o) (1.99s)
  248.10s [s6:a2]          END   web_search(Challenges in scaling quantum error corr) (2.80s)
  248.11s [s3:a4]          START web_search(future developments needed to improve CR) (pos #201)
  [COMBINED] queue waiting 51.90s for capacity (next: s5:a0:web_search, score=12.63)
  248.38s [s4:a3]          END   web_search(impact of deep-sea mining on sustainabil) (2.39s)
  248.63s [s4:a4]          END   web_search(mitigation strategies for environmental ) (2.43s)
  248.70s [s5:a2]          END   web_search(challenges and limitations of scaling up) (2.60s)
  248.94s [s4:a1]          END   web_search(impact of deep-sea mining on sediment di) (3.05s)
  248.99s [s6:a0]          END   web_search(Current key theoretical frameworks for q) (3.69s)
  249.15s [s6:a4]          END   web_search(Emerging techniques in quantum error cor) (3.84s)
  249.88s [s3:a2]          END   web_search(Safety profiles of CRISPR-Cas9 vs base e) (4.68s)
  250.47s [s3:a4]          END   web_search(future developments needed to improve CR) (2.36s)
  250.72s [s3:a0]          END   web_search(differences between CRISPR-Cas9 and base) (3.55s)
  251.03s [s1:orch]        END   synthesis (6.03s)
  251.08s [s3:a1]          END   web_search(Comparison of CRISPR-Cas9 and base editi) (3.07s)
  251.19s [s0:orch]        END   synthesis (7.19s)
  300.01s [s1:r0]          START review_citations (pos #214)
  [COMBINED] queue waiting 1.28s for capacity (next: s1:r1:review_style, score=0.00)
  301.28s [s1:r1]          START review_style (pos #215)
  301.29s [s1:r2]          START review_facts (pos #216)
  301.29s [s0:r0]          START review_citations (pos #218)
  301.29s [s0:r1]          START review_style (pos #219)
  301.29s [s0:r2]          START review_facts (pos #220)
  [COMBINED] queue waiting 0.88s for capacity (next: s3:a2:agent_turn, score=11.25)
  302.17s [s3:a2]          START agent_turn(round-1) (pos #211)
  [COMBINED] queue waiting 0.10s for capacity (next: s3:a4:agent_turn, score=11.25)
  302.27s [s3:a4]          START agent_turn(round-1) (pos #212)
  [COMBINED] queue waiting 0.10s for capacity (next: s3:a0:agent_turn, score=11.25)
  302.37s [s3:a0]          START agent_turn(round-1) (pos #213)
  302.37s [s3:a1]          START agent_turn(round-1) (pos #217)
  [COMBINED] queue waiting 0.36s for capacity (next: s5:a0:web_search, score=16.36)
  302.73s [s5:a0]          START web_search(latest technological advancements in nuc) (pos #139)
  [COMBINED] queue waiting 1.27s for capacity (next: s5:a1:web_search, score=16.36)
  303.78s [s3:a4]          END   agent_turn(round-1) (1.51s)
  304.01s [s5:a1]          START web_search(Most promising plasma confinement method) (pos #140)
  [COMBINED] queue waiting 0.99s for capacity (next: s5:a4:web_search, score=16.36)
  304.78s [s3:a1]          END   agent_turn(round-1) (2.41s)
  304.82s [s3:a2]          END   agent_turn(round-1) (2.66s)
  305.00s [s5:a4]          START web_search(Environmental and safety impacts of nucl) (pos #141)
  [COMBINED] queue waiting 0.10s for capacity (next: s7:a0:web_search, score=16.36)
  305.10s [s7:a0]          START web_search(latest advancements in nuclear fusion re) (pos #142)
  [COMBINED] queue waiting 0.10s for capacity (next: s7:a1:web_search, score=16.36)
  305.20s [s7:a1]          START web_search(current status of experimental fusion de) (pos #143)
  [COMBINED] queue waiting 0.10s for capacity (next: s7:a2:web_search, score=16.36)
  305.30s [s7:a2]          START web_search(primary technical and engineering challe) (pos #144)
  305.30s [s7:a3]          START web_search(impact of international collaborations o) (pos #145)
  305.30s [s7:a4]          START web_search(Environmental impacts of commercializing) (pos #146)
  305.30s [s8:a0]          START web_search(potential effects of deep-sea mining on ) (pos #147)
  305.30s [s8:a1]          START web_search(Impact of deep-sea mining on ocean chemi) (pos #148)
  [COMBINED] queue waiting 0.11s for capacity (next: s8:a2:web_search, score=16.36)
  305.41s [s8:a2]          START web_search(Impacts of deep-sea mining on local and ) (pos #149)
  [COMBINED] queue waiting 0.10s for capacity (next: s9:a0:web_search, score=16.36)
  305.44s [s5:a0]          END   web_search(latest technological advancements in nuc) (2.71s)
  305.45s [s0:r1]          END   review_style (4.17s)
  305.52s [s9:a0]          START web_search(Roles of large language models in drug t) (pos #150)
  [COMBINED] queue waiting 0.38s for capacity (next: s8:a4:web_search, score=15.52)
  305.61s [s3:a0]          END   agent_turn(round-1) (3.24s)
  305.90s [s3:orch]        START synthesis (pos #222)
  [COMBINED] queue waiting 0.10s for capacity (next: s8:a4:web_search, score=15.52)
  306.00s [s8:a4]          START web_search(mitigation strategies to minimize enviro) (pos #151)
  [COMBINED] queue waiting 0.10s for capacity (next: s9:a2:web_search, score=15.52)
  306.10s [s9:a2]          START web_search(How large language models facilitate bio) (pos #152)
  306.10s [s8:a3]          START web_search(impact of deep-sea mining on marine ecos) (pos #153)
  [COMBINED] queue waiting 0.10s for capacity (next: s9:a4:web_search, score=15.52)
  306.20s [s9:a4]          START web_search(impact of large language models on drug ) (pos #154)
  [COMBINED] queue waiting 0.97s for capacity (next: s9:a3:web_search, score=15.52)
  306.92s [s1:r1]          END   review_style (5.64s)
  307.13s [s5:a1]          END   web_search(Most promising plasma confinement method) (3.12s)
  307.17s [s9:a3]          START web_search(limitations and challenges of implementi) (pos #155)
  [COMBINED] queue waiting 0.83s for capacity (next: s9:a1:web_search, score=15.55)
  307.23s [s8:a2]          END   web_search(Impacts of deep-sea mining on local and ) (1.82s)
  307.26s [s9:a0]          END   web_search(Roles of large language models in drug t) (1.75s)
  307.38s [s5:a4]          END   web_search(Environmental and safety impacts of nucl) (2.38s)
  307.71s [s7:a2]          END   web_search(primary technical and engineering challe) (2.41s)
  307.86s [s8:a0]          END   web_search(potential effects of deep-sea mining on ) (2.55s)
  307.87s [s7:a0]          END   web_search(latest advancements in nuclear fusion re) (2.77s)
  307.92s [s7:a1]          END   web_search(current status of experimental fusion de) (2.71s)
  308.01s [s9:a1]          START web_search(Large language models in pharmaceutical ) (pos #156)
  [COMBINED] queue waiting 0.10s for capacity (next: s12:a0:web_search, score=12.99)
  308.11s [s12:a0]         START web_search(latest developments in quantum error cor) (pos #157)
  [COMBINED] queue waiting 51.90s for capacity (next: s12:a1:web_search, score=12.99)
  308.24s [s7:a4]          END   web_search(Environmental impacts of commercializing) (2.93s)
  308.25s [s9:a2]          END   web_search(How large language models facilitate bio) (2.15s)
  308.47s [s8:a1]          END   web_search(Impact of deep-sea mining on ocean chemi) (3.16s)
  308.60s [s8:a4]          END   web_search(mitigation strategies to minimize enviro) (2.60s)
  308.99s [s7:a3]          END   web_search(impact of international collaborations o) (3.69s)
  309.22s [s0:r2]          END   review_facts (7.93s)
  309.46s [s9:a4]          END   web_search(impact of large language models on drug ) (3.25s)
  309.52s [s9:a3]          END   web_search(limitations and challenges of implementi) (2.35s)
  309.74s [s8:a3]          END   web_search(impact of deep-sea mining on marine ecos) (3.64s)
  310.48s [s0:r0]          END   review_citations (9.19s)
  310.49s [s9:a1]          END   web_search(Large language models in pharmaceutical ) (2.49s)
  310.91s [s12:a0]         END   web_search(latest developments in quantum error cor) (2.81s)
  311.81s [s1:r2]          END   review_facts (10.53s)
  312.54s [s3:orch]        END   synthesis (6.64s)
  312.74s [s1:r0]          END   review_citations (12.73s)
  360.01s [s0:orch]        START finalize (pos #239)
  [COMBINED] queue waiting 1.27s for capacity (next: s1:orch:finalize, score=0.00)
  361.29s [s1:orch]        START finalize (pos #245)
  361.29s [s3:r1]          START review_style (pos #243)
  361.29s [s12:a1]         START web_search(How new quantum error correction codes i) (pos #158)
  361.29s [s12:a3]         START web_search(impact of hardware precision and qubit c) (pos #159)
  361.29s [s12:a4]         START web_search(remaining challenges in quantum error co) (pos #160)
  [COMBINED] queue waiting 0.88s for capacity (next: s12:a2:web_search, score=14.39)
  362.17s [s12:a2]         START web_search(Recent experimental implementations of q) (pos #161)
  [COMBINED] queue waiting 0.10s for capacity (next: s10:a0:web_search, score=14.39)
  362.27s [s10:a0]         START web_search(Potential effects of deep-sea mining on ) (pos #162)
  [COMBINED] queue waiting 0.10s for capacity (next: s10:a1:web_search, score=14.39)
  362.37s [s10:a1]         START web_search(Impact of deep-sea mining on sediment st) (pos #163)
  362.37s [s10:a2]         START web_search(long-term ecological consequences of hab) (pos #164)
  [COMBINED] queue waiting 0.36s for capacity (next: s10:a3:web_search, score=14.39)
  362.73s [s10:a3]         START web_search(Impact of deep-sea mining on the carbon ) (pos #165)
  [COMBINED] queue waiting 1.27s for capacity (next: s13:a2:web_search, score=14.39)
  363.51s [s12:a4]         END   web_search(remaining challenges in quantum error co) (2.22s)
  363.69s [s12:a3]         END   web_search(impact of hardware precision and qubit c) (2.41s)
  364.01s [s13:a2]         START web_search(CRISPR-Cas9 vs base editing targeting ge) (pos #166)
  [COMBINED] queue waiting 0.99s for capacity (next: s13:a0:web_search, score=12.97)
  364.59s [s12:a2]         END   web_search(Recent experimental implementations of q) (2.42s)
  364.78s [s10:a2]         END   web_search(long-term ecological consequences of hab) (2.41s)
  365.00s [s13:a0]         START web_search(Mechanisms of action of CRISPR-Cas9 vs b) (pos #167)
  [COMBINED] queue waiting 0.10s for capacity (next: s10:a4:web_search, score=12.51)
  365.10s [s10:a4]         START web_search(mitigation strategies for environmental ) (pos #168)
  [COMBINED] queue waiting 0.10s for capacity (next: s13:a1:web_search, score=12.51)
  365.13s [s12:a1]         END   web_search(How new quantum error correction codes i) (3.84s)
  365.20s [s13:a1]         START web_search(Comparison of efficiencies and accuracy ) (pos #169)
  [COMBINED] queue waiting 0.10s for capacity (next: s13:a3:web_search, score=14.52)
  365.30s [s13:a3]         START web_search(Safety profiles of CRISPR gene editing i) (pos #170)
  365.30s [s11:a0]         START web_search(Mechanisms of action of CRISPR-Cas9 gene) (pos #171)
  365.30s [s11:a2]         START web_search(Current clinical trial outcomes and safe) (pos #172)
  365.31s [s13:a4]         START web_search(delivery methods and cell type compatibi) (pos #173)
  365.31s [s11:a1]         START web_search(Comparison of efficiency, specificity, a) (pos #174)
  [COMBINED] queue waiting 0.11s for capacity (next: s11:a3:web_search, score=14.52)
  365.42s [s11:a3]         START web_search(delivery methods and vectors for CRISPR-) (pos #175)
  [COMBINED] queue waiting 0.10s for capacity (next: s11:a4:web_search, score=14.52)
  365.52s [s11:a4]         START web_search(ethical, regulatory, and long-term safet) (pos #176)
  [COMBINED] queue waiting 0.38s for capacity (next: s14:a1:web_search, score=14.52)
  365.85s [s10:a0]         END   web_search(Potential effects of deep-sea mining on ) (3.59s)
  365.90s [s14:a1]         START web_search(Recent advances in quantum computing fau) (pos #177)
  [COMBINED] queue waiting 0.10s for capacity (next: s14:a2:web_search, score=15.54)
  365.91s [s10:a3]         END   web_search(Impact of deep-sea mining on the carbon ) (3.18s)
  366.00s [s14:a2]         START web_search(challenges of implementing latest quantu) (pos #178)
  [COMBINED] queue waiting 0.10s for capacity (next: s14:a0:web_search, score=15.65)
  366.08s [s10:a1]         END   web_search(Impact of deep-sea mining on sediment st) (3.71s)
  366.10s [s14:a0]         START web_search(Recent developments in quantum error cor) (pos #179)
  366.10s [s14:a4]         START web_search(Theoretical limitations of quantum error) (pos #180)
  [COMBINED] queue waiting 0.10s for capacity (next: s14:a3:web_search, score=16.52)
  366.20s [s3:r1]          END   review_style (4.92s)
  366.20s [s14:a3]         START web_search(Recent experimental demonstrations of ad) (pos #181)
  [COMBINED] queue waiting 0.97s for capacity (next: s2:a1:web_search, score=16.52)
  367.17s [s2:a1]          START web_search(Top research programs for nuclear fusion) (pos #188)
  [COMBINED] queue waiting 0.83s for capacity (next: s2:a4:web_search, score=16.52)
  367.35s [s13:a2]         END   web_search(CRISPR-Cas9 vs base editing targeting ge) (3.34s)
  367.67s [s10:a4]         END   web_search(mitigation strategies for environmental ) (2.56s)
  367.90s [s11:a0]         END   web_search(Mechanisms of action of CRISPR-Cas9 gene) (2.60s)
  367.90s [s13:a3]         END   web_search(Safety profiles of CRISPR gene editing i) (2.60s)
  367.92s [s11:a1]         END   web_search(Comparison of efficiency, specificity, a) (2.62s)
  367.96s [s13:a0]         END   web_search(Mechanisms of action of CRISPR-Cas9 vs b) (2.96s)
  367.99s [s14:a4]         END   web_search(Theoretical limitations of quantum error) (1.89s)
  368.01s [s2:a4]          START web_search(latest developments in nuclear fusion te) (pos #189)
  [COMBINED] queue waiting 0.10s for capacity (next: s2:a2:web_search, score=12.73)
  368.08s [s14:a2]         END   web_search(challenges of implementing latest quantu) (2.08s)
  368.09s [s14:a1]         END   web_search(Recent advances in quantum computing fau) (2.19s)
  368.11s [s2:a2]          START web_search(scientific and engineering challenges of) (pos #190)
  [COMBINED] queue waiting 51.90s for capacity (next: s2:a0:web_search, score=11.70)
  368.24s [s11:a2]         END   web_search(Current clinical trial outcomes and safe) (2.93s)
  368.57s [s14:a3]         END   web_search(Recent experimental demonstrations of ad) (2.36s)
  368.57s [s13:a4]         END   web_search(delivery methods and cell type compatibi) (3.26s)
  368.64s [s11:a4]         END   web_search(ethical, regulatory, and long-term safet) (3.13s)
  368.65s [s13:a1]         END   web_search(Comparison of efficiencies and accuracy ) (3.45s)
  369.64s [s14:a0]         END   web_search(Recent developments in quantum error cor) (3.53s)
  369.66s [s11:a3]         END   web_search(delivery methods and vectors for CRISPR-) (4.24s)
  370.61s [s2:a2]          END   web_search(scientific and engineering challenges of) (2.50s)
  371.93s [s2:a1]          END   web_search(Top research programs for nuclear fusion) (4.76s)
  373.07s [s2:a4]          END   web_search(latest developments in nuclear fusion te) (5.07s)
  373.71s [s0:orch]        END   finalize (13.70s)
  [session=0] done in 373.7s (arrived at 0.0s)
  380.91s [s1:orch]        END   finalize (19.62s)
  [session=1] done in 376.9s (arrived at 4.0s)
  420.01s [s13:a2]         START agent_turn(round-1) (pos #254)
  [COMBINED] queue waiting 1.28s for capacity (next: s2:a2:agent_turn, score=13.57)
  421.29s [s2:a2]          START agent_turn(round-1) (pos #270)
  421.29s [s2:a1]          START agent_turn(round-1) (pos #271)
  421.29s [s2:a4]          START agent_turn(round-1) (pos #272)
  421.29s [s3:r2]          START review_facts (pos #244)
  421.29s [s2:a0]          START web_search(experimental results in nuclear fusion r) (pos #192)
  [COMBINED] queue waiting 0.88s for capacity (next: s2:a3:web_search, score=20.43)
  422.07s [s13:a2]         END   agent_turn(round-1) (2.06s)
  422.17s [s13:a2]         START summarize(len=1456) (pos #273)
  [COMBINED] queue waiting 0.10s for capacity (next: s2:a3:web_search, score=20.43)
  422.27s [s2:a3]          START web_search(Nuclear fusion environmental impact and ) (pos #195)
  [COMBINED] queue waiting 0.10s for capacity (next: s6:a1:web_search, score=20.43)
  422.37s [s6:a1]          START web_search(Advancements in quantum error correction) (pos #198)
  422.37s [s4:a0]          START web_search(Environmental impacts of deep-sea mining) (pos #199)
  [COMBINED] queue waiting 0.36s for capacity (next: s6:a3:web_search, score=20.43)
  422.73s [s6:a3]          START web_search(Design considerations for quantum error ) (pos #200)
  [COMBINED] queue waiting 1.27s for capacity (next: s4:a2:web_search, score=20.43)
  423.38s [s2:a2]          END   agent_turn(round-1) (2.09s)
  423.58s [s2:a1]          END   agent_turn(round-1) (2.29s)
  423.60s [s13:a2]         END   summarize(len=1456) (1.43s)
  423.70s [s2:a0]          END   web_search(experimental results in nuclear fusion r) (2.41s)
  423.94s [s2:a4]          END   agent_turn(round-1) (2.66s)
  424.01s [s13:a2]         START agent_turn(round-2) (pos #274)
  [COMBINED] queue waiting 0.99s for capacity (next: s2:a0:agent_turn, score=4.89)
  424.50s [s4:a0]          END   web_search(Environmental impacts of deep-sea mining) (2.13s)
  425.00s [s2:a0]          START agent_turn(round-1) (pos #275)
  [COMBINED] queue waiting 0.10s for capacity (next: s4:a0:agent_turn, score=12.23)
  425.09s [s2:a3]          END   web_search(Nuclear fusion environmental impact and ) (2.82s)
  425.10s [s2:a3]          START agent_turn(round-1) (pos #277)
  [COMBINED] queue waiting 0.10s for capacity (next: s4:a0:agent_turn, score=12.23)
  425.13s [s6:a3]          END   web_search(Design considerations for quantum error ) (2.39s)
  425.20s [s4:a0]          START agent_turn(round-1) (pos #276)
  [COMBINED] queue waiting 0.10s for capacity (next: s6:a3:agent_turn, score=12.23)
  425.31s [s6:a3]          START agent_turn(round-1) (pos #278)
  425.31s [s4:a2]          START web_search(impact of deep-sea mining on deep-sea ec) (pos #202)
  425.31s [s5:a3]          START web_search(Funding efforts in nuclear fusion develo) (pos #203)
  425.31s [s6:a2]          START web_search(Solutions for scaling quantum error corr) (pos #204)
  425.31s [s4:a3]          START web_search(effects of deep-sea mining on marine bio) (pos #205)
  [COMBINED] queue waiting 0.11s for capacity (next: s4:a4:web_search, score=14.25)
  425.37s [s6:a1]          END   web_search(Advancements in quantum error correction) (3.00s)
  425.42s [s6:a1]          START agent_turn(round-1) (pos #279)
  [COMBINED] queue waiting 0.10s for capacity (next: s4:a4:web_search, score=14.48)
  425.52s [s4:a4]          START web_search(best practices for reducing environmenta) (pos #206)
  [COMBINED] queue waiting 0.38s for capacity (next: s5:a2:web_search, score=14.48)
  425.80s [s13:a2]         END   agent_turn(round-2) (1.79s)
  425.90s [s13:a3]         START web_search(Off-target effects of mRNA vaccines in c) (pos #257)
  [COMBINED] queue waiting 0.10s for capacity (next: s13:a0:web_search, score=11.58)
  426.00s [s13:a0]         START web_search(Differences between CRISPR-Cas9 and base) (pos #259)
  [COMBINED] queue waiting 0.10s for capacity (next: s13:a4:web_search, score=11.58)
  426.11s [s13:a4]         START web_search(impact of delivery methods on CRISPR-Cas) (pos #265)
  426.11s [s13:a1]         START web_search(Recent advances in CRISPR-Cas9 and base ) (pos #267)
  [COMBINED] queue waiting 0.10s for capacity (next: s5:a2:web_search, score=14.48)
  426.21s [s5:a2]          START web_search(nuclear fusion energy production commerc) (pos #207)
  [COMBINED] queue waiting 0.97s for capacity (next: s4:a1:web_search, score=14.48)
  427.17s [s4:a1]          START web_search(effects of deep-sea mining on marine env) (pos #208)
  [COMBINED] queue waiting 0.83s for capacity (next: s6:a0:web_search, score=14.48)
  427.29s [s4:a2]          END   web_search(impact of deep-sea mining on deep-sea ec) (1.98s)
  427.33s [s4:a0]          END   agent_turn(round-1) (2.13s)
  427.36s [s2:a0]          END   agent_turn(round-1) (2.35s)
  427.38s [s4:a3]          END   web_search(effects of deep-sea mining on marine bio) (2.07s)
  427.75s [s2:a3]          END   agent_turn(round-1) (2.65s)
  427.78s [s6:a3]          END   agent_turn(round-1) (2.47s)
  428.01s [s2:orch]        START synthesis (pos #282)
  [COMBINED] queue waiting 0.10s for capacity (next: s4:a2:agent_turn, score=9.80)
  428.05s [s6:a1]          END   agent_turn(round-1) (2.64s)
  428.11s [s6:a0]          START web_search(Algorithms developed for quantum error c) (pos #209)
  [COMBINED] queue waiting 51.90s for capacity (next: s6:a4:web_search, score=7.36)
  428.25s [s5:a3]          END   web_search(Funding efforts in nuclear fusion develo) (2.94s)
  428.28s [s13:a3]         END   web_search(Off-target effects of mRNA vaccines in c) (2.38s)
  428.56s [s5:a2]          END   web_search(nuclear fusion energy production commerc) (2.35s)
  428.87s [s4:a1]          END   web_search(effects of deep-sea mining on marine env) (1.69s)
  429.11s [s6:a2]          END   web_search(Solutions for scaling quantum error corr) (3.80s)
  429.13s [s4:a4]          END   web_search(best practices for reducing environmenta) (3.62s)
  429.18s [s13:a4]         END   web_search(impact of delivery methods on CRISPR-Cas) (3.07s)
  429.29s [s13:a0]         END   web_search(Differences between CRISPR-Cas9 and base) (3.28s)
  429.33s [s13:a1]         END   web_search(Recent advances in CRISPR-Cas9 and base ) (3.22s)
  430.49s [s3:r2]          END   review_facts (9.21s)
  430.80s [s6:a0]          END   web_search(Algorithms developed for quantum error c) (2.69s)
  436.57s [s2:orch]        END   synthesis (8.57s)
  480.01s [s6:a2]          START agent_turn(round-1) (pos #287)
  [COMBINED] queue waiting 1.28s for capacity (next: s6:a0:agent_turn, score=7.52)
  481.29s [s6:a0]          START agent_turn(round-1) (pos #292)
  481.29s [s6:a4]          START web_search(Future of quantum error correction resea) (pos #210)
  481.29s [s4:a2]          START agent_turn(round-1) (pos #280)
  481.29s [s4:a3]          START agent_turn(round-1) (pos #281)
  481.29s [s4:a1]          START agent_turn(round-1) (pos #286)
  [COMBINED] queue waiting 0.88s for capacity (next: s4:a4:agent_turn, score=10.03)
  482.17s [s4:a4]          START agent_turn(round-1) (pos #288)
  [COMBINED] queue waiting 0.10s for capacity (next: s13:a0:agent_turn, score=10.03)
  482.27s [s13:a0]         START agent_turn(round-1) (pos #290)
  [COMBINED] queue waiting 0.10s for capacity (next: s13:a1:agent_turn, score=10.03)
  482.37s [s13:a1]         START agent_turn(round-1) (pos #291)
  482.37s [s3:r0]          START review_citations (pos #242)
  [COMBINED] queue waiting 0.36s for capacity (next: s13:a3:web_search, score=12.00)
  482.50s [s4:a3]          END   agent_turn(round-1) (1.21s)
  482.74s [s5:a3]          START agent_turn(round-1) (pos #283)
  [COMBINED] queue waiting 1.27s for capacity (next: s5:a2:agent_turn, score=10.57)
  482.90s [s6:a2]          END   agent_turn(round-1) (2.89s)
  483.12s [s4:a1]          END   agent_turn(round-1) (1.83s)
  483.56s [s4:a2]          END   agent_turn(round-1) (2.27s)
  483.57s [s6:a4]          END   web_search(Future of quantum error correction resea) (2.28s)
  484.01s [s6:a4]          START agent_turn(round-1) (pos #296)
  [COMBINED] queue waiting 0.99s for capacity (next: s5:a2:agent_turn, score=11.06)
  484.59s [s6:a0]          END   agent_turn(round-1) (3.30s)
  484.59s [s4:a4]          END   agent_turn(round-1) (2.42s)
  485.00s [s5:a3]          END   agent_turn(round-1) (2.26s)
  485.00s [s4:orch]        START synthesis (pos #297)
  [COMBINED] queue waiting 0.10s for capacity (next: s5:a2:agent_turn, score=9.72)
  485.10s [s5:a2]          START agent_turn(round-1) (pos #285)
  [COMBINED] queue waiting 0.10s for capacity (next: s5:a0:web_search, score=11.13)
  485.21s [s5:a0]          START web_search(experimental results in nuclear fusion r) (pos #221)
  [COMBINED] queue waiting 0.10s for capacity (next: s5:a1:web_search, score=11.13)
  485.31s [s5:a1]          START web_search(Current advances in magnetic confinement) (pos #223)
  485.31s [s5:a4]          START web_search(Comparison of environmental impacts of n) (pos #226)
  485.31s [s13:a3]         START web_search(Risks and safety concerns of CAR-T cell ) (pos #284)
  485.31s [s13:a4]         START web_search(therapeutic applications of CRISPR-Cas9 ) (pos #289)
  485.31s [s8:a2]          START web_search(Environmental consequences of deep-sea m) (pos #224)
  [COMBINED] queue waiting 0.11s for capacity (next: s9:a0:web_search, score=13.91)
  485.42s [s9:a0]          START web_search(Use of AI and large language models in p) (pos #225)
  [COMBINED] queue waiting 0.10s for capacity (next: s7:a2:web_search, score=13.91)
  485.52s [s7:a2]          START web_search(current issues in fusion energy developm) (pos #227)
  [COMBINED] queue waiting 0.38s for capacity (next: s8:a0:web_search, score=13.91)
  485.90s [s8:a0]          START web_search(impact of deep-sea mining on marine ecos) (pos #228)
  [COMBINED] queue waiting 0.10s for capacity (next: s7:a0:web_search, score=13.91)
  485.92s [s13:a1]         END   agent_turn(round-1) (3.55s)
  486.00s [s7:a0]          START web_search(recent breakthroughs in nuclear fusion t) (pos #229)
  [COMBINED] queue waiting 0.10s for capacity (next: s7:a1:web_search, score=13.91)
  486.11s [s7:a1]          START web_search(latest advancements in fusion energy res) (pos #230)
  486.11s [s7:a4]          START web_search(Economic impacts of nuclear fusion energ) (pos #231)
  [COMBINED] queue waiting 0.10s for capacity (next: s9:a2:web_search, score=13.91)
  486.21s [s9:a2]          START web_search(Applications of large language models in) (pos #232)
  [COMBINED] queue waiting 0.97s for capacity (next: s8:a1:web_search, score=13.91)
  486.43s [s13:a0]         END   agent_turn(round-1) (4.16s)
  487.08s [s5:a2]          END   agent_turn(round-1) (1.97s)
  487.08s [s6:a4]          END   agent_turn(round-1) (3.07s)
  487.18s [s6:orch]        START synthesis (pos #298)
  [COMBINED] queue waiting 0.83s for capacity (next: s8:a1:web_search, score=13.91)
  487.70s [s5:a1]          END   web_search(Current advances in magnetic confinement) (2.39s)
  487.89s [s9:a2]          END   web_search(Applications of large language models in) (1.68s)
  487.92s [s5:a4]          END   web_search(Comparison of environmental impacts of n) (2.61s)
  488.01s [s5:a1]          START agent_turn(round-1) (pos #299)
  [COMBINED] queue waiting 0.10s for capacity (next: s5:a4:agent_turn, score=8.68)
  488.02s [s8:a2]          END   web_search(Environmental consequences of deep-sea m) (2.71s)
  488.11s [s7:a2]          END   web_search(current issues in fusion energy developm) (2.59s)
  488.11s [s5:a4]          START agent_turn(round-1) (pos #301)
  [COMBINED] queue waiting 51.90s for capacity (next: s8:a1:web_search, score=12.70)
  488.26s [s7:a4]          END   web_search(Economic impacts of nuclear fusion energ) (2.16s)
  488.32s [s9:a0]          END   web_search(Use of AI and large language models in p) (2.90s)
  488.35s [s5:a0]          END   web_search(experimental results in nuclear fusion r) (3.15s)
  488.54s [s8:a0]          END   web_search(impact of deep-sea mining on marine ecos) (2.63s)
  488.68s [s7:a1]          END   web_search(latest advancements in fusion energy res) (2.58s)
  488.72s [s13:a3]         END   web_search(Risks and safety concerns of CAR-T cell ) (3.41s)
  488.97s [s7:a0]          END   web_search(recent breakthroughs in nuclear fusion t) (2.97s)
  489.06s [s13:a4]         END   web_search(therapeutic applications of CRISPR-Cas9 ) (3.75s)
  489.41s [s4:orch]        END   synthesis (4.41s)
  489.50s [s5:a1]          END   agent_turn(round-1) (1.49s)
  489.77s [s5:a4]          END   agent_turn(round-1) (1.66s)
  492.06s [s3:r0]          END   review_citations (9.69s)
  494.41s [s6:orch]        END   synthesis (7.23s)
  540.01s [s5:a0]          START agent_turn(round-1) (pos #306)
  [COMBINED] queue waiting 1.27s for capacity (next: s13:a3:agent_turn, score=4.46)
  541.29s [s13:a3]         START agent_turn(round-1) (pos #309)
  541.29s [s13:a4]         START agent_turn(round-1) (pos #311)
  541.29s [s9:a2]          START agent_turn(round-1) (pos #300)
  541.29s [s8:a2]          START agent_turn(round-1) (pos #302)
  541.29s [s7:a2]          START agent_turn(round-1) (pos #303)
  [COMBINED] queue waiting 0.88s for capacity (next: s7:a4:agent_turn, score=11.15)
  541.80s [s5:a0]          END   agent_turn(round-1) (1.79s)
  542.17s [s5:orch]        START synthesis (pos #319)
  [COMBINED] queue waiting 0.10s for capacity (next: s7:a4:agent_turn, score=10.48)
  542.27s [s7:a4]          START agent_turn(round-1) (pos #304)
  [COMBINED] queue waiting 0.10s for capacity (next: s9:a0:agent_turn, score=10.48)
  542.37s [s9:a0]          START agent_turn(round-1) (pos #305)
  542.37s [s8:a0]          START agent_turn(round-1) (pos #307)
  [COMBINED] queue waiting 0.36s for capacity (next: s7:a1:agent_turn, score=10.48)
  542.74s [s7:a1]          START agent_turn(round-1) (pos #308)
  [COMBINED] queue waiting 1.27s for capacity (next: s7:a0:agent_turn, score=10.48)
  542.93s [s7:a2]          END   agent_turn(round-1) (1.64s)
  543.26s [s8:a2]          END   agent_turn(round-1) (1.97s)
  543.37s [s13:a3]         END   agent_turn(round-1) (2.08s)
  543.47s [s9:a2]          END   agent_turn(round-1) (2.18s)
  543.96s [s8:a0]          END   agent_turn(round-1) (1.59s)
  544.01s [s7:a0]          START agent_turn(round-1) (pos #310)
  [COMBINED] queue waiting 0.99s for capacity (next: s8:a1:web_search, score=9.49)
  544.29s [s7:a1]          END   agent_turn(round-1) (1.55s)
  544.34s [s7:a4]          END   agent_turn(round-1) (2.07s)
  544.52s [s9:a0]          END   agent_turn(round-1) (2.14s)
  545.00s [s7:a3]          START web_search(investments in nuclear fusion technology) (pos #235)
  [COMBINED] queue waiting 0.10s for capacity (next: s8:a1:web_search, score=9.49)
  545.10s [s8:a1]          START web_search(Environmental effects of deep-sea mining) (pos #233)
  [COMBINED] queue waiting 0.10s for capacity (next: s8:a4:web_search, score=9.49)
  545.21s [s8:a4]          START web_search(environmental impacts of deep-sea mining) (pos #234)
  [COMBINED] queue waiting 0.10s for capacity (next: s9:a4:web_search, score=9.49)
  545.21s [s13:a4]         END   agent_turn(round-1) (3.92s)
  545.31s [s13:orch]       START synthesis (pos #320)
  545.31s [s9:a4]          START web_search(large language models and pharmaceutical) (pos #236)
  545.31s [s9:a3]          START web_search(issues of large language models in pharm) (pos #237)
  545.31s [s8:a3]          START web_search(environmental effects of deep-sea mining) (pos #238)
  545.31s [s9:a1]          START web_search(Role of AI and LLM in drug discovery) (pos #240)
  [COMBINED] queue waiting 0.11s for capacity (next: s2:r1:review_style, score=14.09)
  545.42s [s2:r1]          START review_style (pos #294)
  [COMBINED] queue waiting 0.10s for capacity (next: s4:r1:review_style, score=14.09)
  545.52s [s4:r1]          START review_style (pos #313)
  [COMBINED] queue waiting 0.38s for capacity (next: s6:r1:review_style, score=14.09)
  545.90s [s6:r1]          START review_style (pos #317)
  [COMBINED] queue waiting 0.10s for capacity (next: s3:orch:finalize, score=15.48)
  546.01s [s3:orch]        START finalize (pos #315)
  [COMBINED] queue waiting 0.10s for capacity (next: s12:a0:web_search, score=15.81)
  546.11s [s12:a0]         START web_search(recent advances in quantum error correct) (pos #241)
  546.11s [s12:a4]         START web_search(future directions in quantum error corre) (pos #246)
  [COMBINED] queue waiting 0.10s for capacity (next: s12:a3:web_search, score=15.81)
  546.21s [s12:a3]         START web_search(recent advances in hardware precision an) (pos #247)
  [COMBINED] queue waiting 0.97s for capacity (next: s12:a2:web_search, score=15.81)
  546.26s [s7:a0]          END   agent_turn(round-1) (2.25s)
  547.18s [s12:a2]         START web_search(Real-world applications of quantum error) (pos #248)
  [COMBINED] queue waiting 0.83s for capacity (next: s10:a2:web_search, score=15.81)
  547.18s [s7:a3]          END   web_search(investments in nuclear fusion technology) (2.18s)
  547.27s [s8:a1]          END   web_search(Environmental effects of deep-sea mining) (2.17s)
  547.95s [s9:a4]          END   web_search(large language models and pharmaceutical) (2.64s)
  548.01s [s7:a3]          START agent_turn(round-1) (pos #321)
  [COMBINED] queue waiting 0.10s for capacity (next: s8:a1:agent_turn, score=7.37)
  548.04s [s12:a0]         END   web_search(recent advances in quantum error correct) (1.93s)
  548.11s [s8:a1]          START agent_turn(round-1) (pos #322)
  [COMBINED] queue waiting 51.90s for capacity (next: s9:a4:agent_turn, score=7.37)
  548.14s [s9:a3]          END   web_search(issues of large language models in pharm) (2.83s)
  548.16s [s8:a4]          END   web_search(environmental impacts of deep-sea mining) (2.95s)
  548.20s [s9:a1]          END   web_search(Role of AI and LLM in drug discovery) (2.89s)
  548.49s [s8:a3]          END   web_search(environmental effects of deep-sea mining) (3.18s)
  548.49s [s12:a4]         END   web_search(future directions in quantum error corre) (2.38s)
  548.97s [s12:a3]         END   web_search(recent advances in hardware precision an) (2.76s)
  549.61s [s12:a2]         END   web_search(Real-world applications of quantum error) (2.44s)
  550.20s [s8:a1]          END   agent_turn(round-1) (2.08s)
  550.59s [s7:a3]          END   agent_turn(round-1) (2.57s)
  551.05s [s5:orch]        END   synthesis (8.88s)
  551.83s [s4:r1]          END   review_style (6.31s)
  552.45s [s13:orch]       END   synthesis (7.14s)
  553.36s [s2:r1]          END   review_style (7.94s)
  556.46s [s6:r1]          END   review_style (10.56s)
  560.39s [s3:orch]        END   finalize (14.38s)
  [session=3] done in 548.4s (arrived at 12.0s)
  600.02s [s8:a4]          START agent_turn(round-1) (pos #326)
  [COMBINED] queue waiting 1.27s for capacity (next: s8:a3:agent_turn, score=4.83)
  601.29s [s8:a3]          START agent_turn(round-1) (pos #328)
  601.29s [s7:orch]        START synthesis (pos #332)
  601.29s [s9:a4]          START agent_turn(round-1) (pos #323)
  601.29s [s9:a3]          START agent_turn(round-1) (pos #325)
  601.29s [s9:a1]          START agent_turn(round-1) (pos #327)
  [COMBINED] queue waiting 0.88s for capacity (next: s12:a0:agent_turn, score=12.07)
  602.16s [s8:a4]          END   agent_turn(round-1) (2.14s)
  602.17s [s12:a0]         START agent_turn(round-1) (pos #324)
  [COMBINED] queue waiting 0.10s for capacity (next: s12:a4:agent_turn, score=11.66)
  602.27s [s12:a4]         START agent_turn(round-1) (pos #329)
  [COMBINED] queue waiting 0.10s for capacity (next: s12:a3:agent_turn, score=11.66)
  602.38s [s12:a3]         START agent_turn(round-1) (pos #330)
  602.38s [s12:a2]         START agent_turn(round-1) (pos #331)
  [COMBINED] queue waiting 0.36s for capacity (next: s10:a2:web_search, score=13.22)
  602.74s [s10:a2]         START web_search(impact of deep-sea mining on deep-sea ec) (pos #249)
  [COMBINED] queue waiting 1.27s for capacity (next: s12:a1:web_search, score=13.22)
  602.85s [s8:a3]          END   agent_turn(round-1) (1.56s)
  603.48s [s9:a3]          END   agent_turn(round-1) (2.18s)
  603.69s [s9:a1]          END   agent_turn(round-1) (2.39s)
  604.01s [s8:orch]        START synthesis (pos #339)
  [COMBINED] queue waiting 0.99s for capacity (next: s12:a1:web_search, score=13.22)
  604.02s [s9:a4]          END   agent_turn(round-1) (2.73s)
  604.52s [s12:a0]         END   agent_turn(round-1) (2.34s)
  604.86s [s12:a3]         END   agent_turn(round-1) (2.49s)
  604.89s [s12:a4]         END   agent_turn(round-1) (2.62s)
  605.00s [s12:a1]         START web_search(Recent developments in quantum error cor) (pos #250)
  [COMBINED] queue waiting 0.10s for capacity (next: s9:orch:synthesis, score=7.23)
  605.02s [s12:a2]         END   agent_turn(round-1) (2.64s)
  605.11s [s9:orch]        START synthesis (pos #340)
  [COMBINED] queue waiting 0.10s for capacity (next: s10:a0:web_search, score=13.22)
  605.21s [s10:a0]         START web_search(Environmental impact of deep-sea mining) (pos #251)
  [COMBINED] queue waiting 0.10s for capacity (next: s10:a3:web_search, score=13.22)
  605.31s [s10:a3]         START web_search(Environmental effects of deep-sea mining) (pos #252)
  605.31s [s10:a1]         START web_search(Effects of deep-sea mining on sediment a) (pos #253)
  605.31s [s10:a4]         START web_search(regulatory frameworks for deep-sea minin) (pos #255)
  605.31s [s11:a0]         START web_search(Molecular processes underlying CRISPR-Ca) (pos #256)
  605.31s [s11:a1]         START web_search(Recent studies on off-target effects of ) (pos #258)
  [COMBINED] queue waiting 0.11s for capacity (next: s14:a4:web_search, score=13.22)
  605.42s [s14:a4]         START web_search(Current progress and future challenges i) (pos #260)
  [COMBINED] queue waiting 0.10s for capacity (next: s14:a2:web_search, score=13.22)
  605.52s [s14:a2]         START web_search(quantum error correction codes practical) (pos #261)
  [COMBINED] queue waiting 0.38s for capacity (next: s14:a1:web_search, score=13.22)
  605.91s [s14:a1]         START web_search(How recent developments enhance quantum ) (pos #262)
  [COMBINED] queue waiting 0.10s for capacity (next: s11:a2:web_search, score=13.22)
  606.01s [s11:a2]         START web_search(Clinical trial outcomes and safety profi) (pos #263)
  [COMBINED] queue waiting 0.10s for capacity (next: s14:a3:web_search, score=13.22)
  606.11s [s14:a3]         START web_search(Validation of quantum error correction e) (pos #264)
  606.11s [s11:a4]         START web_search(current regulations on gene editing tech) (pos #266)
  [COMBINED] queue waiting 0.10s for capacity (next: s14:a0:web_search, score=13.22)
  606.21s [s14:a0]         START web_search(Latest quantum error correction algorith) (pos #268)
  [COMBINED] queue waiting 0.97s for capacity (next: s11:a3:web_search, score=13.22)
  606.32s [s10:a2]         END   web_search(impact of deep-sea mining on deep-sea ec) (3.58s)
  607.18s [s10:a2]         START agent_turn(round-1) (pos #341)
  [COMBINED] queue waiting 0.83s for capacity (next: s11:a3:web_search, score=14.62)
  607.72s [s12:a1]         END   web_search(Recent developments in quantum error cor) (2.71s)
  607.72s [s10:a0]         END   web_search(Environmental impact of deep-sea mining) (2.52s)
  607.81s [s14:a2]         END   web_search(quantum error correction codes practical) (2.29s)
  607.90s [s11:a0]         END   web_search(Molecular processes underlying CRISPR-Ca) (2.59s)
  608.01s [s12:a1]         START agent_turn(round-1) (pos #342)
  [COMBINED] queue waiting 0.10s for capacity (next: s10:a0:agent_turn, score=12.58)
  608.07s [s10:a3]         END   web_search(Environmental effects of deep-sea mining) (2.76s)
  608.11s [s10:a0]         START agent_turn(round-1) (pos #343)
  [COMBINED] queue waiting 51.90s for capacity (next: s14:a2:agent_turn, score=12.58)
  608.17s [s14:a1]         END   web_search(How recent developments enhance quantum ) (2.26s)
  608.25s [s7:orch]        END   synthesis (6.96s)
  608.40s [s10:a1]         END   web_search(Effects of deep-sea mining on sediment a) (3.09s)
  608.45s [s10:a4]         END   web_search(regulatory frameworks for deep-sea minin) (3.14s)
  608.58s [s14:a4]         END   web_search(Current progress and future challenges i) (3.16s)
  608.60s [s11:a1]         END   web_search(Recent studies on off-target effects of ) (3.29s)
  608.66s [s14:a3]         END   web_search(Validation of quantum error correction e) (2.56s)
  608.81s [s14:a0]         END   web_search(Latest quantum error correction algorith) (2.60s)
  608.95s [s11:a2]         END   web_search(Clinical trial outcomes and safety profi) (2.94s)
  609.08s [s11:a4]         END   web_search(current regulations on gene editing tech) (2.97s)
  609.70s [s10:a2]         END   agent_turn(round-1) (2.52s)
  610.10s [s10:a0]         END   agent_turn(round-1) (1.99s)
  610.43s [s12:a1]         END   agent_turn(round-1) (2.42s)
  610.85s [s9:orch]        END   synthesis (5.74s)
  611.29s [s8:orch]        END   synthesis (7.27s)
  660.02s [s12:orch]       START synthesis (pos #359)
  [COMBINED] queue waiting 1.27s for capacity (next: s10:a3:agent_turn, score=7.13)
  661.29s [s10:a3]         START agent_turn(round-1) (pos #346)
  661.29s [s10:a1]         START agent_turn(round-1) (pos #351)
  661.29s [s10:a4]         START agent_turn(round-1) (pos #352)
  661.29s [s14:a2]         START agent_turn(round-1) (pos #344)
  661.29s [s11:a0]         START agent_turn(round-1) (pos #345)
  [COMBINED] queue waiting 0.88s for capacity (next: s14:a1:agent_turn, score=11.88)
  662.17s [s14:a1]         START agent_turn(round-1) (pos #347)
  [COMBINED] queue waiting 0.10s for capacity (next: s14:a4:agent_turn, score=11.88)
  662.28s [s14:a4]         START agent_turn(round-1) (pos #353)
  [COMBINED] queue waiting 0.10s for capacity (next: s11:a1:agent_turn, score=11.88)
  662.38s [s11:a1]         START agent_turn(round-1) (pos #354)
  662.38s [s14:a3]         START agent_turn(round-1) (pos #355)
  [COMBINED] queue waiting 0.36s for capacity (next: s14:a0:agent_turn, score=11.88)
  662.67s [s10:a1]         END   agent_turn(round-1) (1.38s)
  662.74s [s14:a0]         START agent_turn(round-1) (pos #356)
  [COMBINED] queue waiting 1.27s for capacity (next: s11:a2:agent_turn, score=10.38)
  663.61s [s10:a3]         END   agent_turn(round-1) (2.32s)
  663.65s [s14:a2]         END   agent_turn(round-1) (2.35s)
  664.01s [s11:a2]         START agent_turn(round-1) (pos #357)
  [COMBINED] queue waiting 0.99s for capacity (next: s11:a4:agent_turn, score=11.03)
  664.34s [s11:a0]         END   agent_turn(round-1) (3.05s)
  664.59s [s10:a4]         END   agent_turn(round-1) (3.30s)
  664.82s [s14:a1]         END   agent_turn(round-1) (2.65s)
  665.01s [s10:orch]       START synthesis (pos #366)
  [COMBINED] queue waiting 0.10s for capacity (next: s11:a4:agent_turn, score=10.76)
  665.11s [s11:a4]         START agent_turn(round-1) (pos #358)
  [COMBINED] queue waiting 0.10s for capacity (next: s11:a3:web_search, score=11.53)
  665.15s [s14:a0]         END   agent_turn(round-1) (2.42s)
  665.17s [s14:a4]         END   agent_turn(round-1) (2.89s)
  665.21s [s12:orch]       END   synthesis (5.19s)
  665.21s [s11:a3]         START web_search(delivery methods and vectors for base ed) (pos #269)
  [COMBINED] queue waiting 0.10s for capacity (next: s2:r2:review_facts, score=17.71)
  665.31s [s2:r2]          START review_facts (pos #295)
  665.31s [s4:r2]          START review_facts (pos #314)
  665.31s [s6:r2]          START review_facts (pos #318)
  665.31s [s2:r0]          START review_citations (pos #293)
  665.31s [s4:r0]          START review_citations (pos #312)
  [COMBINED] queue waiting 0.11s for capacity (next: s6:r0:review_citations, score=20.16)
  665.40s [s11:a1]         END   agent_turn(round-1) (3.02s)
  665.42s [s6:r0]          START review_citations (pos #316)
  [COMBINED] queue waiting 0.10s for capacity (next: s5:r1:review_style, score=22.12)
  665.49s [s14:a3]         END   agent_turn(round-1) (3.11s)
  665.52s [s14:orch]       START synthesis (pos #370)
  [COMBINED] queue waiting 0.38s for capacity (next: s5:r1:review_style, score=22.12)
  665.91s [s5:r1]          START review_style (pos #334)
  [COMBINED] queue waiting 0.10s for capacity (next: s13:r1:review_style, score=22.12)
  666.01s [s13:r1]         START review_style (pos #337)
  [COMBINED] queue waiting 0.10s for capacity (next: s7:r1:review_style, score=22.12)
  666.11s [s7:r1]          START review_style (pos #349)
  666.11s [s9:r1]          START review_style (pos #361)
  [COMBINED] queue waiting 0.10s for capacity (next: s8:r1:review_style, score=22.12)
  666.21s [s8:r1]          START review_style (pos #364)
  [COMBINED] queue waiting 0.97s for capacity (next: s12:r1:review_style, score=22.12)
  666.76s [s11:a2]         END   agent_turn(round-1) (2.74s)
  667.18s [s12:r1]         START review_style (pos #368)
  [COMBINED] queue waiting 0.83s for capacity (next: s5:r2:review_facts, score=26.56)
  667.97s [s11:a3]         END   web_search(delivery methods and vectors for base ed) (2.76s)
  668.01s [s11:a3]         START agent_turn(round-1) (pos #371)
  [COMBINED] queue waiting 0.10s for capacity (next: s5:r2:review_facts, score=26.56)
  668.11s [s5:r2]          START review_facts (pos #335)
  [COMBINED] queue waiting 51.90s for capacity (next: s13:r2:review_facts, score=26.56)
  668.60s [s11:a4]         END   agent_turn(round-1) (3.49s)
  669.84s [s5:r1]          END   review_style (3.93s)
  670.07s [s10:orch]       END   synthesis (5.06s)
  670.21s [s9:r1]          END   review_style (4.10s)
  671.47s [s7:r1]          END   review_style (5.36s)
  671.88s [s8:r1]          END   review_style (5.67s)
  672.11s [s11:a3]         END   agent_turn(round-1) (4.10s)
  672.50s [s4:r2]          END   review_facts (7.19s)
  672.77s [s6:r2]          END   review_facts (7.46s)
  673.09s [s14:orch]       END   synthesis (7.56s)
  674.24s [s2:r2]          END   review_facts (8.93s)
  674.25s [s4:r0]          END   review_citations (8.94s)
  675.72s [s6:r0]          END   review_citations (10.30s)
  676.86s [s12:r1]         END   review_style (9.68s)
  677.98s [s5:r2]          END   review_facts (9.87s)
  678.84s [s2:r0]          END   review_citations (13.53s)
  679.15s [s13:r1]         END   review_style (13.14s)
  720.02s [s11:orch]       START synthesis (pos #375)
  [COMBINED] queue waiting 1.27s for capacity (next: s5:r0:review_citations, score=10.99)
  721.29s [s5:r0]          START review_citations (pos #333)
  721.29s [s4:orch]        START finalize (pos #379)
  721.29s [s6:orch]        START finalize (pos #380)
  721.29s [s2:orch]        START finalize (pos #381)
  721.29s [s13:r2]         START review_facts (pos #338)
  [COMBINED] queue waiting 0.88s for capacity (next: s7:r2:review_facts, score=17.60)
  722.17s [s7:r2]          START review_facts (pos #350)
  [COMBINED] queue waiting 0.10s for capacity (next: s9:r2:review_facts, score=17.60)
  722.28s [s9:r2]          START review_facts (pos #362)
  [COMBINED] queue waiting 0.10s for capacity (next: s8:r2:review_facts, score=17.60)
  722.38s [s8:r2]          START review_facts (pos #365)
  722.38s [s12:r2]         START review_facts (pos #369)
  [COMBINED] queue waiting 0.36s for capacity (next: s13:r0:review_citations, score=21.98)
  722.74s [s13:r0]         START review_citations (pos #336)
  [COMBINED] queue waiting 1.27s for capacity (next: s7:r0:review_citations, score=21.98)
  724.01s [s7:r0]          START review_citations (pos #348)
  [COMBINED] queue waiting 0.99s for capacity (next: s9:r0:review_citations, score=21.98)
  725.01s [s9:r0]          START review_citations (pos #360)
  [COMBINED] queue waiting 0.10s for capacity (next: s8:r0:review_citations, score=21.98)
  725.11s [s8:r0]          START review_citations (pos #363)
  [COMBINED] queue waiting 0.10s for capacity (next: s12:r0:review_citations, score=21.98)
  725.21s [s12:r0]         START review_citations (pos #367)
  [COMBINED] queue waiting 0.10s for capacity (next: s10:r1:review_style, score=26.16)
  725.31s [s10:r1]         START review_style (pos #373)
  725.31s [s14:r1]         START review_style (pos #377)
  725.31s [s10:r2]         START review_facts (pos #374)
  725.31s [s14:r2]         START review_facts (pos #378)
  725.31s [s10:r0]         START review_citations (pos #372)
  [COMBINED] queue waiting 0.11s for capacity (next: s14:r0:review_citations, score=32.97)
  725.42s [s14:r0]         START review_citations (pos #376)
  727.74s [s11:orch]       END   synthesis (7.72s)
  727.74s [s11:r1]         START review_style (pos #383)
  727.74s [s11:r2]         START review_facts (pos #384)
  727.74s [s11:r0]         START review_citations (pos #382)
  728.68s [s13:r2]         END   review_facts (7.39s)
  729.34s [s10:r1]         END   review_style (4.03s)
  730.35s [s14:r1]         END   review_style (5.04s)
  730.62s [s9:r2]          END   review_facts (8.34s)
  731.08s [s7:r2]          END   review_facts (8.90s)
  731.83s [s12:r2]         END   review_facts (9.45s)
  732.16s [s4:orch]        END   finalize (10.86s)
  [session=4] done in 716.2s (arrived at 16.0s)
  732.60s [s10:r0]         END   review_citations (7.29s)
  732.69s [s5:r0]          END   review_citations (11.40s)
  732.69s [s5:orch]        START finalize (pos #385)
  733.00s [s10:r2]         END   review_facts (7.69s)
  733.00s [s10:orch]       START finalize (pos #386)
  733.38s [s8:r2]          END   review_facts (11.01s)
  733.52s [s12:r0]         END   review_citations (8.31s)
  733.52s [s12:orch]       START finalize (pos #387)
  733.91s [s14:r2]         END   review_facts (8.59s)
  734.60s [s2:orch]        END   finalize (13.30s)
  [session=2] done in 726.6s (arrived at 8.0s)
  734.79s [s9:r0]          END   review_citations (9.79s)
  734.79s [s9:orch]        START finalize (pos #388)
  735.37s [s7:r0]          END   review_citations (11.36s)
  735.37s [s11:r1]         END   review_style (7.63s)
  735.38s [s7:orch]        START finalize (pos #389)
  735.83s [s14:r0]         END   review_citations (10.40s)
  735.83s [s14:orch]       START finalize (pos #390)
  736.23s [s13:r0]         END   review_citations (13.49s)
  [COMBINED] queue waiting 43.79s for capacity (next: s13:orch:finalize, score=13.69)
  736.46s [s11:r0]         END   review_citations (8.72s)
  737.03s [s11:r2]         END   review_facts (9.28s)
  737.54s [s8:r0]          END   review_citations (12.43s)
  739.58s [s6:orch]        END   finalize (18.29s)
  [session=6] done in 715.6s (arrived at 24.0s)
  740.18s [s10:orch]       END   finalize (7.17s)
  [session=10] done in 700.2s (arrived at 40.0s)
  740.86s [s12:orch]       END   finalize (7.35s)
  [session=12] done in 692.9s (arrived at 48.0s)
  740.96s [s7:orch]        END   finalize (5.58s)
  [session=7] done in 713.0s (arrived at 28.0s)
  744.08s [s5:orch]        END   finalize (11.39s)
  [session=5] done in 724.1s (arrived at 20.0s)
  744.74s [s9:orch]        END   finalize (9.94s)
  [session=9] done in 708.7s (arrived at 36.0s)
  750.53s [s14:orch]       END   finalize (14.70s)
  [session=14] done in 694.5s (arrived at 56.0s)
  780.02s [s13:orch]       START finalize (pos #391)
  [COMBINED] queue waiting 1.27s for capacity (next: s11:orch:finalize, score=11.41)
  781.29s [s11:orch]       START finalize (pos #392)
  781.30s [s8:orch]        START finalize (pos #393)
  788.19s [s8:orch]        END   finalize (6.89s)
  [session=8] done in 756.2s (arrived at 32.0s)
  788.45s [s13:orch]       END   finalize (8.43s)
  [session=13] done in 736.4s (arrived at 52.0s)
  788.59s [s11:orch]       END   finalize (7.30s)
  [session=11] done in 744.6s (arrived at 44.0s)

======================================================================
 SUMMARY  (15 ok / 0 failed)
======================================================================
  Session durations:
    count  = 15
    mean   = 661.86s
    median = 712.96s
    p95    = 756.18s
    p99    = 756.18s
    min    = 373.71s
    max    = 756.18s
    stdev  = 125.53s

  Cost:
  Total LLM calls:      393
  Total input tokens:   228,288
  Total output tokens:  158,860
  Total cost:           $0.0864 / $50.00
======================================================================


======================================================================
 TRACE SUMMARY
======================================================================
 Total wall time: 788.60s
 Total LLM calls: 393

 Per agent:
   s0:a0            4 calls, 9.51s LLM
   s0:a1            4 calls, 8.48s LLM
   s0:a2            4 calls, 9.79s LLM
   s0:a3            4 calls, 9.79s LLM
   s0:a4            5 calls, 14.73s LLM
   s0:orch          3 calls, 22.17s LLM
   s0:r0            1 calls, 9.19s LLM
   s0:r1            1 calls, 4.17s LLM
   s0:r2            1 calls, 7.93s LLM
   s10:a0           4 calls, 8.91s LLM
   s10:a1           4 calls, 8.90s LLM
   s10:a2           4 calls, 9.20s LLM
   s10:a3           4 calls, 9.19s LLM
   s10:a4           4 calls, 9.83s LLM
   s10:orch         3 calls, 13.78s LLM
   s10:r0           1 calls, 7.29s LLM
   s10:r1           1 calls, 4.03s LLM
   s10:r2           1 calls, 7.69s LLM
   s11:a0           4 calls, 9.09s LLM
   s11:a1           4 calls, 9.81s LLM
   s11:a2           4 calls, 9.37s LLM
   s11:a3           4 calls, 11.92s LLM
   s11:a4           4 calls, 10.45s LLM
   s11:orch         3 calls, 16.98s LLM
   s11:r0           1 calls, 8.72s LLM
   s11:r1           1 calls, 7.63s LLM
   s11:r2           1 calls, 9.28s LLM
   s12:a0           4 calls, 8.14s LLM
   s12:a1           4 calls, 9.97s LLM
   s12:a2           4 calls, 8.57s LLM
   s12:a3           4 calls, 8.63s LLM
   s12:a4           4 calls, 8.13s LLM
   s12:orch         3 calls, 13.83s LLM
   s12:r0           1 calls, 8.31s LLM
   s12:r1           1 calls, 9.68s LLM
   s12:r2           1 calls, 9.45s LLM
   s13:a0           4 calls, 11.23s LLM
   s13:a1           4 calls, 11.11s LLM
   s13:a2           5 calls, 9.33s LLM
   s13:a3           5 calls, 11.41s LLM
   s13:a4           5 calls, 15.01s LLM
   s13:orch         3 calls, 17.09s LLM
   s13:r0           1 calls, 13.49s LLM
   s13:r1           1 calls, 13.14s LLM
   s13:r2           1 calls, 7.39s LLM
   s14:a0           4 calls, 9.82s LLM
   s14:a1           4 calls, 7.82s LLM
   s14:a2           4 calls, 7.48s LLM
   s14:a3           4 calls, 9.40s LLM
   s14:a4           4 calls, 8.91s LLM
   s14:orch         3 calls, 23.30s LLM
   s14:r0           1 calls, 10.40s LLM
   s14:r1           1 calls, 5.04s LLM
   s14:r2           1 calls, 8.59s LLM
   s1:a0            4 calls, 9.32s LLM
   s1:a1            4 calls, 7.11s LLM
   s1:a2            4 calls, 8.67s LLM
   s1:a3            4 calls, 10.63s LLM
   s1:a4            4 calls, 9.23s LLM
   s1:orch          3 calls, 26.87s LLM
   s1:r0            1 calls, 12.73s LLM
   s1:r1            1 calls, 5.64s LLM
   s1:r2            1 calls, 10.53s LLM
   s2:a0            4 calls, 8.15s LLM
   s2:a1            4 calls, 11.52s LLM
   s2:a2            4 calls, 8.31s LLM
   s2:a3            4 calls, 10.16s LLM
   s2:a4            4 calls, 11.40s LLM
   s2:orch          3 calls, 22.92s LLM
   s2:r0            1 calls, 13.53s LLM
   s2:r1            1 calls, 7.94s LLM
   s2:r2            1 calls, 8.93s LLM
   s3:a0            4 calls, 11.72s LLM
   s3:a1            4 calls, 11.04s LLM
   s3:a2            4 calls, 10.72s LLM
   s3:a3            3 calls, 5.64s LLM
   s3:a4            4 calls, 7.71s LLM
   s3:orch          3 calls, 22.33s LLM
   s3:r0            1 calls, 9.69s LLM
   s3:r1            1 calls, 4.92s LLM
   s3:r2            1 calls, 9.21s LLM
   s4:a0            4 calls, 7.26s LLM
   s4:a1            4 calls, 7.78s LLM
   s4:a2            4 calls, 7.47s LLM
   s4:a3            4 calls, 6.53s LLM
   s4:a4            4 calls, 9.40s LLM
   s4:orch          3 calls, 16.64s LLM
   s4:r0            1 calls, 8.94s LLM
   s4:r1            1 calls, 6.31s LLM
   s4:r2            1 calls, 7.19s LLM
   s5:a0            4 calls, 8.59s LLM
   s5:a1            4 calls, 7.95s LLM
   s5:a2            4 calls, 7.77s LLM
   s5:a3            4 calls, 7.97s LLM
   s5:a4            4 calls, 7.55s LLM
   s5:orch          3 calls, 21.66s LLM
   s5:r0            1 calls, 11.40s LLM
   s5:r1            1 calls, 3.93s LLM
   s5:r2            1 calls, 9.87s LLM
   s6:a0            4 calls, 10.45s LLM
   s6:a1            4 calls, 8.72s LLM
   s6:a2            4 calls, 10.76s LLM
   s6:a3            4 calls, 8.17s LLM
   s6:a4            4 calls, 10.04s LLM
   s6:orch          3 calls, 26.79s LLM
   s6:r0            1 calls, 10.30s LLM
   s6:r1            1 calls, 10.56s LLM
   s6:r2            1 calls, 7.46s LLM
   s7:a0            4 calls, 8.82s LLM
   s7:a1            4 calls, 7.61s LLM
   s7:a2            4 calls, 7.55s LLM
   s7:a3            4 calls, 9.58s LLM
   s7:a4            4 calls, 7.99s LLM
   s7:orch          3 calls, 13.99s LLM
   s7:r0            1 calls, 11.36s LLM
   s7:r1            1 calls, 5.36s LLM
   s7:r2            1 calls, 8.90s LLM
   s8:a0            4 calls, 7.46s LLM
   s8:a1            4 calls, 8.35s LLM
   s8:a2            4 calls, 7.34s LLM
   s8:a3            4 calls, 9.39s LLM
   s8:a4            4 calls, 8.64s LLM
   s8:orch          3 calls, 15.62s LLM
   s8:r0            1 calls, 12.43s LLM
   s8:r1            1 calls, 5.67s LLM
   s8:r2            1 calls, 11.01s LLM
   s9:a0            4 calls, 7.64s LLM
   s9:a1            4 calls, 9.41s LLM
   s9:a2            4 calls, 6.97s LLM
   s9:a3            4 calls, 8.49s LLM
   s9:a4            4 calls, 9.55s LLM
   s9:orch          3 calls, 16.97s LLM
   s9:r0            1 calls, 9.79s LLM
   s9:r1            1 calls, 4.10s LLM
   s9:r2            1 calls, 8.34s LLM

 Per call type:
   agent_turn       151 calls, 255.86s total
   breakdown        15 calls, 20.39s total
   finalize         15 calls, 168.92s total
   review_citations 15 calls, 157.54s total
   review_facts     15 calls, 131.77s total
   review_style     15 calls, 98.10s total
   summarize        1 calls, 1.43s total
   synthesis        15 calls, 101.61s total
   web_search       151 calls, 429.13s total

 Queue stats:
   Queued calls: 393/393

 Total LLM time (sum): 1364.76s
 Wall time:            788.60s
 Parallelism ratio:    1.7x

======================================================================
 TIMELINE
======================================================================
   0.0s |#                                                           |   1.3s  s0:orch:breakdown
   1.3s |#                                                           |   2.3s  s0:a0:agent_turn(round-0)
   1.3s |#                                                           |   2.3s  s0:a1:agent_turn(round-0)
   1.3s |#                                                           |   2.3s  s0:a2:agent_turn(round-0)
   1.3s |#                                                           |   2.2s  s0:a3:agent_turn(round-0)
   1.3s |#                                                           |   2.7s  s0:a4:agent_turn(round-0)
   2.2s |#                                                           |   5.0s  s0:a3:web_search(Limitations and chal)
   2.3s |#                                                           |   5.1s  s0:a1:web_search(How large language m)
   2.3s |#                                                           |   5.0s  s0:a2:web_search(how large language m)
   2.4s |#                                                           |   5.4s  s0:a0:web_search(roles of large langu)
   2.7s |#                                                           |   5.4s  s0:a4:web_search(Large language model)
   4.0s |#                                                           |   5.2s  s1:orch:breakdown
   5.0s |#                                                           |   8.8s  s0:a2:web_search(applications of larg)
   5.0s |#                                                           |   8.8s  s0:a3:web_search(Current research on )
   5.1s |#                                                           |   7.2s  s0:a1:web_search(Applications of arti)
   5.2s |#                                                           |   6.0s  s1:a0:agent_turn(round-0)
   5.2s |#                                                           |   5.9s  s1:a1:agent_turn(round-0)
   5.2s |#                                                           |   5.9s  s1:a2:agent_turn(round-0)
   5.2s |#                                                           |   6.2s  s1:a3:agent_turn(round-0)
   5.2s |#                                                           |   6.1s  s1:a4:agent_turn(round-0)
   5.4s |#                                                           |   9.4s  s0:a4:web_search(Large language model)
   5.4s |#                                                           |   8.6s  s0:a0:web_search(applications of larg)
   5.9s |#                                                           |   8.0s  s1:a1:web_search(Large language model)
   5.9s |#                                                           |   8.8s  s1:a2:web_search(limitations and chal)
   6.0s |#                                                           |   8.7s  s1:a0:web_search(roles of large langu)
   6.1s |#                                                           |   9.1s  s1:a4:web_search(ethical consideratio)
   6.2s |#                                                           |   9.6s  s1:a3:web_search(Comparison of large )
   7.2s |#                                                           |   9.8s  s0:a1:agent_turn(round-1)
   8.0s |#                                                           |   9.0s  s2:orch:breakdown
   8.0s |#                                                           |  10.2s  s1:a1:web_search(Applications of larg)
  60.0s |    #                                                       |  61.3s  s3:orch:breakdown
  61.3s |    #                                                       |  62.6s  s4:orch:breakdown
  61.3s |    #                                                       |  62.7s  s5:orch:breakdown
  61.3s |    #                                                       |  62.6s  s6:orch:breakdown
  61.3s |    #                                                       |  62.7s  s7:orch:breakdown
  61.3s |    #                                                       |  62.7s  s8:orch:breakdown
  62.2s |    #                                                       |  63.4s  s9:orch:breakdown
  62.3s |    #                                                       |  63.8s  s10:orch:breakdown
  62.4s |    #                                                       |  64.3s  s11:orch:breakdown
  62.4s |    #                                                       |  63.7s  s12:orch:breakdown
  62.7s |    #                                                       |  64.3s  s13:orch:breakdown
  64.0s |    #                                                       |  65.0s  s14:orch:breakdown
  65.0s |    #                                                       |  66.2s  s2:a0:agent_turn(round-0)
  65.1s |    #                                                       |  66.1s  s2:a1:agent_turn(round-0)
  65.2s |    #                                                       |  66.2s  s2:a2:agent_turn(round-0)
  65.3s |    #                                                       |  66.5s  s2:a3:agent_turn(round-0)
  65.3s |    #                                                       |  66.2s  s2:a4:agent_turn(round-0)
  65.3s |    #                                                       |  66.2s  s3:a0:agent_turn(round-0)
  65.3s |    #                                                       |  66.5s  s3:a1:agent_turn(round-0)
  65.3s |    #                                                       |  66.6s  s3:a2:agent_turn(round-0)
  65.4s |    #                                                       |  66.1s  s3:a3:agent_turn(round-0)
  65.5s |    #                                                       |  66.7s  s3:a4:agent_turn(round-0)
  65.9s |     #                                                      |  66.7s  s6:a0:agent_turn(round-0)
  66.0s |     #                                                      |  66.9s  s6:a1:agent_turn(round-0)
  66.1s |     #                                                      |  67.4s  s6:a2:agent_turn(round-0)
  66.1s |     #                                                      |  67.0s  s6:a3:agent_turn(round-0)
  66.2s |     #                                                      |  67.0s  s6:a4:agent_turn(round-0)
  67.2s |     #                                                      |  68.0s  s4:a0:agent_turn(round-0)
  68.0s |     #                                                      |  69.2s  s4:a1:agent_turn(round-0)
  68.1s |     #                                                      |  68.9s  s4:a2:agent_turn(round-0)
 120.0s |         #                                                  | 120.9s  s4:a3:agent_turn(round-0)
 121.3s |         #                                                  | 122.2s  s4:a4:agent_turn(round-0)
 121.3s |         #                                                  | 122.2s  s5:a0:agent_turn(round-0)
 121.3s |         #                                                  | 122.2s  s5:a1:agent_turn(round-0)
 121.3s |         #                                                  | 122.1s  s5:a2:agent_turn(round-0)
 121.3s |         #                                                  | 122.1s  s5:a3:agent_turn(round-0)
 122.2s |         #                                                  | 123.1s  s5:a4:agent_turn(round-0)
 122.3s |         #                                                  | 123.1s  s7:a0:agent_turn(round-0)
 122.4s |         #                                                  | 123.1s  s7:a1:agent_turn(round-0)
 122.4s |         #                                                  | 123.3s  s7:a2:agent_turn(round-0)
 122.7s |         #                                                  | 123.9s  s7:a3:agent_turn(round-0)
 124.0s |         #                                                  | 124.8s  s7:a4:agent_turn(round-0)
 125.0s |         #                                                  | 125.7s  s8:a0:agent_turn(round-0)
 125.1s |         #                                                  | 126.0s  s8:a1:agent_turn(round-0)
 125.2s |         #                                                  | 126.0s  s8:a2:agent_turn(round-0)
 125.3s |         #                                                  | 126.3s  s8:a3:agent_turn(round-0)
 125.3s |         #                                                  | 126.2s  s8:a4:agent_turn(round-0)
 125.3s |         #                                                  | 126.1s  s9:a0:agent_turn(round-0)
 125.3s |         #                                                  | 126.9s  s9:a1:agent_turn(round-0)
 125.3s |         #                                                  | 126.3s  s9:a2:agent_turn(round-0)
 125.4s |         #                                                  | 126.5s  s9:a3:agent_turn(round-0)
 125.5s |         #                                                  | 126.4s  s9:a4:agent_turn(round-0)
 125.9s |         #                                                  | 127.0s  s12:a0:agent_turn(round-0)
 126.0s |         #                                                  | 127.0s  s12:a1:agent_turn(round-0)
 126.1s |         #                                                  | 127.2s  s12:a2:agent_turn(round-0)
 126.1s |         #                                                  | 127.1s  s12:a3:agent_turn(round-0)
 126.2s |         #                                                  | 127.1s  s12:a4:agent_turn(round-0)
 127.2s |         #                                                  | 128.0s  s10:a0:agent_turn(round-0)
 128.0s |         #                                                  | 128.7s  s10:a1:agent_turn(round-0)
 128.1s |         #                                                  | 128.8s  s10:a2:agent_turn(round-0)
 180.0s |             #                                              | 180.9s  s10:a3:agent_turn(round-0)
 181.3s |             #                                              | 182.1s  s10:a4:agent_turn(round-0)
 181.3s |             #                                              | 182.1s  s13:a0:agent_turn(round-0)
 181.3s |             #                                              | 182.2s  s13:a1:agent_turn(round-0)
 181.3s |             #                                              | 182.0s  s13:a2:agent_turn(round-0)
 181.3s |             #                                              | 182.2s  s13:a3:agent_turn(round-0)
 182.2s |             #                                              | 183.2s  s13:a4:agent_turn(round-0)
 182.3s |             #                                              | 183.1s  s11:a0:agent_turn(round-0)
 182.4s |             #                                              | 183.3s  s11:a1:agent_turn(round-0)
 182.4s |             #                                              | 183.1s  s11:a2:agent_turn(round-0)
 182.7s |             #                                              | 183.5s  s11:a3:agent_turn(round-0)
 184.0s |             #                                              | 184.9s  s11:a4:agent_turn(round-0)
 185.0s |              #                                             | 186.3s  s14:a0:agent_turn(round-0)
 185.1s |              #                                             | 185.8s  s14:a1:agent_turn(round-0)
 185.2s |              #                                             | 186.0s  s14:a2:agent_turn(round-0)
 185.3s |              #                                             | 186.7s  s14:a3:agent_turn(round-0)
 185.3s |              #                                             | 186.3s  s14:a4:agent_turn(round-0)
 185.3s |              #                                             | 187.5s  s0:a0:agent_turn(round-1)
 185.3s |              #                                             | 187.5s  s0:a3:agent_turn(round-1)
 185.3s |              #                                             | 187.5s  s0:a2:agent_turn(round-1)
 185.4s |              #                                             | 188.7s  s0:a4:web_search(Large language model)
 185.5s |              #                                             | 187.7s  s1:a1:agent_turn(round-1)
 185.9s |              #                                             | 188.4s  s1:a0:web_search(how large language m)
 186.0s |              #                                             | 189.2s  s1:a2:web_search(large language model)
 186.1s |              #                                             | 189.1s  s1:a4:web_search(potential biases of )
 186.1s |              #                                             | 189.4s  s1:a3:web_search(Advantages and limit)
 186.2s |              #                                             | 189.2s  s3:a3:web_search(clinical contexts or)
 187.2s |              #                                             | 190.6s  s2:a1:web_search(Leading experimental)
 188.0s |              #                                             | 190.8s  s2:a4:web_search(projected timelines )
 188.1s |              #                                             | 190.8s  s2:a2:web_search(current challenges i)
 240.0s |                  #                                         | 243.3s  s0:a4:agent_turn(round-1)
 241.3s |                  #                                         | 244.6s  s1:a0:agent_turn(round-1)
 241.3s |                  #                                         | 243.6s  s1:a4:agent_turn(round-1)
 241.3s |                  #                                         | 243.2s  s1:a2:agent_turn(round-1)
 241.3s |                  #                                         | 244.3s  s1:a3:agent_turn(round-1)
 241.3s |                  #                                         | 243.2s  s3:a3:agent_turn(round-1)
 242.2s |                  #                                         | 244.3s  s2:a0:web_search(latest advancements )
 242.3s |                  #                                         | 246.3s  s3:a0:web_search(fundamental mechanis)
 242.4s |                  #                                         | 246.7s  s3:a1:web_search(Efficiencies and acc)
 242.4s |                  #                                         | 245.8s  s2:a3:web_search(Comparison of safety)
 242.7s |                  #                                         | 244.8s  s3:a2:web_search(Comparison of off-ta)
 244.0s |                  #                                         | 251.2s  s0:orch:synthesis
 245.0s |                  #                                         | 251.0s  s1:orch:synthesis
 245.1s |                  #                                         | 247.7s  s3:a4:web_search(current limitations )
 245.2s |                  #                                         | 249.9s  s3:a2:web_search(Safety profiles of C)
 245.3s |                  #                                         | 249.0s  s6:a0:web_search(Current key theoreti)
 245.3s |                  #                                         | 247.5s  s6:a1:web_search(Recent experimental )
 245.3s |                  #                                         | 249.1s  s6:a4:web_search(Emerging techniques )
 245.3s |                  #                                         | 247.7s  s6:a3:web_search(Impact of different )
 245.3s |                  #                                         | 248.1s  s6:a2:web_search(Challenges in scalin)
 245.4s |                  #                                         | 247.6s  s4:a0:web_search(Potential effects of)
 245.5s |                  #                                         | 247.9s  s4:a2:web_search(long-term ecological)
 245.9s |                  #                                         | 248.9s  s4:a1:web_search(impact of deep-sea m)
 246.0s |                  #                                         | 248.4s  s4:a3:web_search(impact of deep-sea m)
 246.1s |                  #                                         | 248.1s  s5:a3:web_search(Impact of internatio)
 246.1s |                  #                                         | 248.7s  s5:a2:web_search(challenges and limit)
 246.2s |                  #                                         | 248.6s  s4:a4:web_search(mitigation strategie)
 247.2s |                  #                                         | 250.7s  s3:a0:web_search(differences between )
 248.0s |                  #                                         | 251.1s  s3:a1:web_search(Comparison of CRISPR)
 248.1s |                  #                                         | 250.5s  s3:a4:web_search(future developments )
 300.0s |                      #                                     | 312.7s  s1:r0:review_citations
 301.3s |                      #                                     | 306.9s  s1:r1:review_style
 301.3s |                      #                                     | 311.8s  s1:r2:review_facts
 301.3s |                      #                                     | 310.5s  s0:r0:review_citations
 301.3s |                      #                                     | 305.5s  s0:r1:review_style
 301.3s |                      #                                     | 309.2s  s0:r2:review_facts
 302.2s |                      #                                     | 304.8s  s3:a2:agent_turn(round-1)
 302.3s |                      #                                     | 303.8s  s3:a4:agent_turn(round-1)
 302.4s |                       #                                    | 305.6s  s3:a0:agent_turn(round-1)
 302.4s |                       #                                    | 304.8s  s3:a1:agent_turn(round-1)
 302.7s |                       #                                    | 305.4s  s5:a0:web_search(latest technological)
 304.0s |                       #                                    | 307.1s  s5:a1:web_search(Most promising plasm)
 305.0s |                       #                                    | 307.4s  s5:a4:web_search(Environmental and sa)
 305.1s |                       #                                    | 307.9s  s7:a0:web_search(latest advancements )
 305.2s |                       #                                    | 307.9s  s7:a1:web_search(current status of ex)
 305.3s |                       #                                    | 307.7s  s7:a2:web_search(primary technical an)
 305.3s |                       #                                    | 309.0s  s7:a3:web_search(impact of internatio)
 305.3s |                       #                                    | 308.2s  s7:a4:web_search(Environmental impact)
 305.3s |                       #                                    | 307.9s  s8:a0:web_search(potential effects of)
 305.3s |                       #                                    | 308.5s  s8:a1:web_search(Impact of deep-sea m)
 305.4s |                       #                                    | 307.2s  s8:a2:web_search(Impacts of deep-sea )
 305.5s |                       #                                    | 307.3s  s9:a0:web_search(Roles of large langu)
 305.9s |                       #                                    | 312.5s  s3:orch:synthesis
 306.0s |                       #                                    | 308.6s  s8:a4:web_search(mitigation strategie)
 306.1s |                       #                                    | 308.2s  s9:a2:web_search(How large language m)
 306.1s |                       #                                    | 309.7s  s8:a3:web_search(impact of deep-sea m)
 306.2s |                       #                                    | 309.5s  s9:a4:web_search(impact of large lang)
 307.2s |                       #                                    | 309.5s  s9:a3:web_search(limitations and chal)
 308.0s |                       #                                    | 310.5s  s9:a1:web_search(Large language model)
 308.1s |                       #                                    | 310.9s  s12:a0:web_search(latest developments )
 360.0s |                           #                                | 373.7s  s0:orch:finalize
 361.3s |                           #                                | 380.9s  s1:orch:finalize
 361.3s |                           #                                | 366.2s  s3:r1:review_style
 361.3s |                           #                                | 365.1s  s12:a1:web_search(How new quantum erro)
 361.3s |                           #                                | 363.7s  s12:a3:web_search(impact of hardware p)
 361.3s |                           #                                | 363.5s  s12:a4:web_search(remaining challenges)
 362.2s |                           #                                | 364.6s  s12:a2:web_search(Recent experimental )
 362.3s |                           #                                | 365.9s  s10:a0:web_search(Potential effects of)
 362.4s |                           #                                | 366.1s  s10:a1:web_search(Impact of deep-sea m)
 362.4s |                           #                                | 364.8s  s10:a2:web_search(long-term ecological)
 362.7s |                           #                                | 365.9s  s10:a3:web_search(Impact of deep-sea m)
 364.0s |                           #                                | 367.3s  s13:a2:web_search(CRISPR-Cas9 vs base )
 365.0s |                           #                                | 368.0s  s13:a0:web_search(Mechanisms of action)
 365.1s |                           #                                | 367.7s  s10:a4:web_search(mitigation strategie)
 365.2s |                           #                                | 368.6s  s13:a1:web_search(Comparison of effici)
 365.3s |                           #                                | 367.9s  s13:a3:web_search(Safety profiles of C)
 365.3s |                           #                                | 367.9s  s11:a0:web_search(Mechanisms of action)
 365.3s |                           #                                | 368.2s  s11:a2:web_search(Current clinical tri)
 365.3s |                           #                                | 368.6s  s13:a4:web_search(delivery methods and)
 365.3s |                           #                                | 367.9s  s11:a1:web_search(Comparison of effici)
 365.4s |                           #                                | 369.7s  s11:a3:web_search(delivery methods and)
 365.5s |                           #                                | 368.6s  s11:a4:web_search(ethical, regulatory,)
 365.9s |                           #                                | 368.1s  s14:a1:web_search(Recent advances in q)
 366.0s |                           #                                | 368.1s  s14:a2:web_search(challenges of implem)
 366.1s |                           #                                | 369.6s  s14:a0:web_search(Recent developments )
 366.1s |                           #                                | 368.0s  s14:a4:web_search(Theoretical limitati)
 366.2s |                           #                                | 368.6s  s14:a3:web_search(Recent experimental )
 367.2s |                           #                                | 371.9s  s2:a1:web_search(Top research program)
 368.0s |                           #                                | 373.1s  s2:a4:web_search(latest developments )
 368.1s |                            #                               | 370.6s  s2:a2:web_search(scientific and engin)
 420.0s |                               #                            | 422.1s  s13:a2:agent_turn(round-1)
 421.3s |                                #                           | 423.4s  s2:a2:agent_turn(round-1)
 421.3s |                                #                           | 423.6s  s2:a1:agent_turn(round-1)
 421.3s |                                #                           | 423.9s  s2:a4:agent_turn(round-1)
 421.3s |                                #                           | 430.5s  s3:r2:review_facts
 421.3s |                                #                           | 423.7s  s2:a0:web_search(experimental results)
 422.2s |                                #                           | 423.6s  s13:a2:summarize(len=1456)
 422.3s |                                #                           | 425.1s  s2:a3:web_search(Nuclear fusion envir)
 422.4s |                                #                           | 425.4s  s6:a1:web_search(Advancements in quan)
 422.4s |                                #                           | 424.5s  s4:a0:web_search(Environmental impact)
 422.7s |                                #                           | 425.1s  s6:a3:web_search(Design consideration)
 424.0s |                                #                           | 425.8s  s13:a2:agent_turn(round-2)
 425.0s |                                #                           | 427.4s  s2:a0:agent_turn(round-1)
 425.1s |                                #                           | 427.7s  s2:a3:agent_turn(round-1)
 425.2s |                                #                           | 427.3s  s4:a0:agent_turn(round-1)
 425.3s |                                #                           | 427.8s  s6:a3:agent_turn(round-1)
 425.3s |                                #                           | 427.3s  s4:a2:web_search(impact of deep-sea m)
 425.3s |                                #                           | 428.2s  s5:a3:web_search(Funding efforts in n)
 425.3s |                                #                           | 429.1s  s6:a2:web_search(Solutions for scalin)
 425.3s |                                #                           | 427.4s  s4:a3:web_search(effects of deep-sea )
 425.4s |                                #                           | 428.1s  s6:a1:agent_turn(round-1)
 425.5s |                                #                           | 429.1s  s4:a4:web_search(best practices for r)
 425.9s |                                #                           | 428.3s  s13:a3:web_search(Off-target effects o)
 426.0s |                                #                           | 429.3s  s13:a0:web_search(Differences between )
 426.1s |                                #                           | 429.2s  s13:a4:web_search(impact of delivery m)
 426.1s |                                #                           | 429.3s  s13:a1:web_search(Recent advances in C)
 426.2s |                                #                           | 428.6s  s5:a2:web_search(nuclear fusion energ)
 427.2s |                                #                           | 428.9s  s4:a1:web_search(effects of deep-sea )
 428.0s |                                #                           | 436.6s  s2:orch:synthesis
 428.1s |                                #                           | 430.8s  s6:a0:web_search(Algorithms developed)
 480.0s |                                    #                       | 482.9s  s6:a2:agent_turn(round-1)
 481.3s |                                    #                       | 484.6s  s6:a0:agent_turn(round-1)
 481.3s |                                    #                       | 483.6s  s6:a4:web_search(Future of quantum er)
 481.3s |                                    #                       | 483.6s  s4:a2:agent_turn(round-1)
 481.3s |                                    #                       | 482.5s  s4:a3:agent_turn(round-1)
 481.3s |                                    #                       | 483.1s  s4:a1:agent_turn(round-1)
 482.2s |                                    #                       | 484.6s  s4:a4:agent_turn(round-1)
 482.3s |                                    #                       | 486.4s  s13:a0:agent_turn(round-1)
 482.4s |                                    #                       | 485.9s  s13:a1:agent_turn(round-1)
 482.4s |                                    #                       | 492.1s  s3:r0:review_citations
 482.7s |                                    #                       | 485.0s  s5:a3:agent_turn(round-1)
 484.0s |                                    #                       | 487.1s  s6:a4:agent_turn(round-1)
 485.0s |                                    #                       | 489.4s  s4:orch:synthesis
 485.1s |                                    #                       | 487.1s  s5:a2:agent_turn(round-1)
 485.2s |                                    #                       | 488.4s  s5:a0:web_search(experimental results)
 485.3s |                                    #                       | 487.7s  s5:a1:web_search(Current advances in )
 485.3s |                                    #                       | 487.9s  s5:a4:web_search(Comparison of enviro)
 485.3s |                                    #                       | 488.7s  s13:a3:web_search(Risks and safety con)
 485.3s |                                    #                       | 489.1s  s13:a4:web_search(therapeutic applicat)
 485.3s |                                    #                       | 488.0s  s8:a2:web_search(Environmental conseq)
 485.4s |                                    #                       | 488.3s  s9:a0:web_search(Use of AI and large )
 485.5s |                                    #                       | 488.1s  s7:a2:web_search(current issues in fu)
 485.9s |                                    #                       | 488.5s  s8:a0:web_search(impact of deep-sea m)
 486.0s |                                    #                       | 489.0s  s7:a0:web_search(recent breakthroughs)
 486.1s |                                    #                       | 488.7s  s7:a1:web_search(latest advancements )
 486.1s |                                    #                       | 488.3s  s7:a4:web_search(Economic impacts of )
 486.2s |                                    #                       | 487.9s  s9:a2:web_search(Applications of larg)
 487.2s |                                     #                      | 494.4s  s6:orch:synthesis
 488.0s |                                     #                      | 489.5s  s5:a1:agent_turn(round-1)
 488.1s |                                     #                      | 489.8s  s5:a4:agent_turn(round-1)
 540.0s |                                         #                  | 541.8s  s5:a0:agent_turn(round-1)
 541.3s |                                         #                  | 543.4s  s13:a3:agent_turn(round-1)
 541.3s |                                         #                  | 545.2s  s13:a4:agent_turn(round-1)
 541.3s |                                         #                  | 543.5s  s9:a2:agent_turn(round-1)
 541.3s |                                         #                  | 543.3s  s8:a2:agent_turn(round-1)
 541.3s |                                         #                  | 542.9s  s7:a2:agent_turn(round-1)
 542.2s |                                         #                  | 551.1s  s5:orch:synthesis
 542.3s |                                         #                  | 544.3s  s7:a4:agent_turn(round-1)
 542.4s |                                         #                  | 544.5s  s9:a0:agent_turn(round-1)
 542.4s |                                         #                  | 544.0s  s8:a0:agent_turn(round-1)
 542.7s |                                         #                  | 544.3s  s7:a1:agent_turn(round-1)
 544.0s |                                         #                  | 546.3s  s7:a0:agent_turn(round-1)
 545.0s |                                         #                  | 547.2s  s7:a3:web_search(investments in nucle)
 545.1s |                                         #                  | 547.3s  s8:a1:web_search(Environmental effect)
 545.2s |                                         #                  | 548.2s  s8:a4:web_search(environmental impact)
 545.3s |                                         #                  | 552.4s  s13:orch:synthesis
 545.3s |                                         #                  | 548.0s  s9:a4:web_search(large language model)
 545.3s |                                         #                  | 548.1s  s9:a3:web_search(issues of large lang)
 545.3s |                                         #                  | 548.5s  s8:a3:web_search(environmental effect)
 545.3s |                                         #                  | 548.2s  s9:a1:web_search(Role of AI and LLM i)
 545.4s |                                         #                  | 553.4s  s2:r1:review_style
 545.5s |                                         #                  | 551.8s  s4:r1:review_style
 545.9s |                                         #                  | 556.5s  s6:r1:review_style
 546.0s |                                         #                  | 560.4s  s3:orch:finalize
 546.1s |                                         #                  | 548.0s  s12:a0:web_search(recent advances in q)
 546.1s |                                         #                  | 548.5s  s12:a4:web_search(future directions in)
 546.2s |                                         #                  | 549.0s  s12:a3:web_search(recent advances in h)
 547.2s |                                         #                  | 549.6s  s12:a2:web_search(Real-world applicati)
 548.0s |                                         #                  | 550.6s  s7:a3:agent_turn(round-1)
 548.1s |                                         #                  | 550.2s  s8:a1:agent_turn(round-1)
 600.0s |                                             #              | 602.2s  s8:a4:agent_turn(round-1)
 601.3s |                                             #              | 602.9s  s8:a3:agent_turn(round-1)
 601.3s |                                             #              | 608.3s  s7:orch:synthesis
 601.3s |                                             #              | 604.0s  s9:a4:agent_turn(round-1)
 601.3s |                                             #              | 603.5s  s9:a3:agent_turn(round-1)
 601.3s |                                             #              | 603.7s  s9:a1:agent_turn(round-1)
 602.2s |                                             #              | 604.5s  s12:a0:agent_turn(round-1)
 602.3s |                                             #              | 604.9s  s12:a4:agent_turn(round-1)
 602.4s |                                             #              | 604.9s  s12:a3:agent_turn(round-1)
 602.4s |                                             #              | 605.0s  s12:a2:agent_turn(round-1)
 602.7s |                                             #              | 606.3s  s10:a2:web_search(impact of deep-sea m)
 604.0s |                                             #              | 611.3s  s8:orch:synthesis
 605.0s |                                              #             | 607.7s  s12:a1:web_search(Recent developments )
 605.1s |                                              #             | 610.9s  s9:orch:synthesis
 605.2s |                                              #             | 607.7s  s10:a0:web_search(Environmental impact)
 605.3s |                                              #             | 608.1s  s10:a3:web_search(Environmental effect)
 605.3s |                                              #             | 608.4s  s10:a1:web_search(Effects of deep-sea )
 605.3s |                                              #             | 608.4s  s10:a4:web_search(regulatory framework)
 605.3s |                                              #             | 607.9s  s11:a0:web_search(Molecular processes )
 605.3s |                                              #             | 608.6s  s11:a1:web_search(Recent studies on of)
 605.4s |                                              #             | 608.6s  s14:a4:web_search(Current progress and)
 605.5s |                                              #             | 607.8s  s14:a2:web_search(quantum error correc)
 605.9s |                                              #             | 608.2s  s14:a1:web_search(How recent developme)
 606.0s |                                              #             | 608.9s  s11:a2:web_search(Clinical trial outco)
 606.1s |                                              #             | 608.7s  s14:a3:web_search(Validation of quantu)
 606.1s |                                              #             | 609.1s  s11:a4:web_search(current regulations )
 606.2s |                                              #             | 608.8s  s14:a0:web_search(Latest quantum error)
 607.2s |                                              #             | 609.7s  s10:a2:agent_turn(round-1)
 608.0s |                                              #             | 610.4s  s12:a1:agent_turn(round-1)
 608.1s |                                              #             | 610.1s  s10:a0:agent_turn(round-1)
 660.0s |                                                  #         | 665.2s  s12:orch:synthesis
 661.3s |                                                  #         | 663.6s  s10:a3:agent_turn(round-1)
 661.3s |                                                  #         | 662.7s  s10:a1:agent_turn(round-1)
 661.3s |                                                  #         | 664.6s  s10:a4:agent_turn(round-1)
 661.3s |                                                  #         | 663.6s  s14:a2:agent_turn(round-1)
 661.3s |                                                  #         | 664.3s  s11:a0:agent_turn(round-1)
 662.2s |                                                  #         | 664.8s  s14:a1:agent_turn(round-1)
 662.3s |                                                  #         | 665.2s  s14:a4:agent_turn(round-1)
 662.4s |                                                  #         | 665.4s  s11:a1:agent_turn(round-1)
 662.4s |                                                  #         | 665.5s  s14:a3:agent_turn(round-1)
 662.7s |                                                  #         | 665.2s  s14:a0:agent_turn(round-1)
 664.0s |                                                  #         | 666.8s  s11:a2:agent_turn(round-1)
 665.0s |                                                  #         | 670.1s  s10:orch:synthesis
 665.1s |                                                  #         | 668.6s  s11:a4:agent_turn(round-1)
 665.2s |                                                  #         | 668.0s  s11:a3:web_search(delivery methods and)
 665.3s |                                                  #         | 674.2s  s2:r2:review_facts
 665.3s |                                                  #         | 672.5s  s4:r2:review_facts
 665.3s |                                                  #         | 672.8s  s6:r2:review_facts
 665.3s |                                                  #         | 678.8s  s2:r0:review_citations
 665.3s |                                                  #         | 674.3s  s4:r0:review_citations
 665.4s |                                                  #         | 675.7s  s6:r0:review_citations
 665.5s |                                                  #         | 673.1s  s14:orch:synthesis
 665.9s |                                                  #         | 669.8s  s5:r1:review_style
 666.0s |                                                  #         | 679.1s  s13:r1:review_style
 666.1s |                                                  #         | 671.5s  s7:r1:review_style
 666.1s |                                                  #         | 670.2s  s9:r1:review_style
 666.2s |                                                  #         | 671.9s  s8:r1:review_style
 667.2s |                                                  #         | 676.9s  s12:r1:review_style
 668.0s |                                                  #         | 672.1s  s11:a3:agent_turn(round-1)
 668.1s |                                                  #         | 678.0s  s5:r2:review_facts
 720.0s |                                                      #     | 727.7s  s11:orch:synthesis
 721.3s |                                                      #     | 732.7s  s5:r0:review_citations
 721.3s |                                                      #     | 732.2s  s4:orch:finalize
 721.3s |                                                      ##    | 739.6s  s6:orch:finalize
 721.3s |                                                      #     | 734.6s  s2:orch:finalize
 721.3s |                                                      #     | 728.7s  s13:r2:review_facts
 722.2s |                                                      #     | 731.1s  s7:r2:review_facts
 722.3s |                                                      #     | 730.6s  s9:r2:review_facts
 722.4s |                                                      #     | 733.4s  s8:r2:review_facts
 722.4s |                                                      #     | 731.8s  s12:r2:review_facts
 722.7s |                                                      ##    | 736.2s  s13:r0:review_citations
 724.0s |                                                       #    | 735.4s  s7:r0:review_citations
 725.0s |                                                       #    | 734.8s  s9:r0:review_citations
 725.1s |                                                       #    | 737.5s  s8:r0:review_citations
 725.2s |                                                       #    | 733.5s  s12:r0:review_citations
 725.3s |                                                       #    | 729.3s  s10:r1:review_style
 725.3s |                                                       #    | 730.3s  s14:r1:review_style
 725.3s |                                                       #    | 733.0s  s10:r2:review_facts
 725.3s |                                                       #    | 733.9s  s14:r2:review_facts
 725.3s |                                                       #    | 732.6s  s10:r0:review_citations
 725.4s |                                                       #    | 735.8s  s14:r0:review_citations
 727.7s |                                                       #    | 735.4s  s11:r1:review_style
 727.7s |                                                       #    | 737.0s  s11:r2:review_facts
 727.7s |                                                       #    | 736.5s  s11:r0:review_citations
 732.7s |                                                       #    | 744.1s  s5:orch:finalize
 733.0s |                                                       #    | 740.2s  s10:orch:finalize
 733.5s |                                                       #    | 740.9s  s12:orch:finalize
 734.8s |                                                       #    | 744.7s  s9:orch:finalize
 735.4s |                                                       #    | 741.0s  s7:orch:finalize
 735.8s |                                                       ##   | 750.5s  s14:orch:finalize
 780.0s |                                                           #| 788.4s  s13:orch:finalize
 781.3s |                                                           #| 788.6s  s11:orch:finalize
 781.3s |                                                           #| 788.2s  s8:orch:finalize
        0<60>788.6s
======================================================================

